# ----------------------------------------
# Jasper Version Info
# tool      : Jasper 2025.12
# platform  : Linux 4.18.0-553.97.1.el8_10.x86_64
# version   : 2025.12 FCS 64 bits
# build date: 2025.12.18 13:27:22 UTC
# ----------------------------------------
# started   : 2026-05-25 20:50:17 PDT
# hostname  : cafe-jg.stanford.edu.(none)
# pid       : 1304823
# arguments : '-style' 'windows' '-label' 'session_0' '-console' '//127.0.0.1:33447' '-data' 'AAABenicrZDNasJQEEZPAoL0UQr1J5KuXBbcCFb6AKGobROCCcbWtpv2Ufsm8XgVJPvOwHdnzr3fDFwghgiY/rRtS4jo73wyjejGqY+7ZPnbOaF3vTyVfe54oebDek7DF1v2vFGyYsgnMzaSR3XnuzmV/MHqVc11Da02OjLWgWYM7Fb64cbZtb6Kwu77X6YXaiNrzNz3W1nCvZtGpGpy0ZE8DTpm4vZb6bN7Sz0H6bvORq3Nyu17Z67lC57C3xwBALA2sg==' '-bridge_url' '10.79.12.145:44355' '-proj' '/cafe/u/samanthaarcher/synthlc_tutorial/fava_isca2026/synthlc_optimized/fv/synthlc/xGenPerfLocDfgDiv/get_dfg_jgsession_26-05-25-20_50_13/sessionLogs/session_0' '-init' '-hidden' '/cafe/u/samanthaarcher/synthlc_tutorial/fava_isca2026/synthlc_optimized/fv/synthlc/xGenPerfLocDfgDiv/get_dfg_jgsession_26-05-25-20_50_13/.tmp/.initCmds.tcl' 'synthlc/xGenPerfLocDfgDiv/get_dfg_.tcl'

Any disclosure about the Cadence Design Systems software or its use
model to any third party violates the written Non-Disclosure Agreement
between Cadence Design Systems, Inc. and the customer.

THIS SOFTWARE CONTAINS CONFIDENTIAL INFORMATION AND TRADE SECRETS OF
CADENCE DESIGN SYSTEMS, INC. USE, DISCLOSURE, OR REPRODUCTION IS
PROHIBITED WITHOUT THE PRIOR EXPRESS WRITTEN PERMISSION OF CADENCE
DESIGN SYSTEMS, INC.

Copyright (C) 2000-2025 Cadence Design Systems, Inc. All Rights
Reserved.  Unpublished -- rights reserved under the copyright laws of
the United States.

This product includes software developed by others and redistributed
according to license agreement. See doc/third_party_readme.txt for
further details.

RESTRICTED RIGHTS LEGEND

Use, duplication, or disclosure by the Government is subject to
restrictions as set forth in subparagraph (c) (1) (ii) of the Rights in
Technical Data and Computer Software clause at DFARS 252.227-7013 or
subparagraphs (c) (1) and (2) of Commercial Computer Software -- Restricted
Rights at 48 CFR 52.227-19, as applicable.


                          Cadence Design Systems, Inc.
                          2655 Seely Avenue
                          San Jose, CA 95134
                          Phone: 408.943.1234

For technical assistance visit http://support.cadence.com.

Jasper Apps Analysis Session - /cafe/u/samanthaarcher/synthlc_tutorial/fava_isca2026/synthlc_optimized/fv/synthlc/xGenPerfLocDfgDiv/get_dfg_jgsession_26-05-25-20_50_13/sessionLogs/session_0

INFO: successfully checked out licenses "jasper_interactive" and "jasper_fao".
INFO: reading configuration file "/afs/cs.stanford.edu/u/samanthaarcher/.config/cadence/jasper.conf".
% # Run JG with a TCl file: jg jg_test.tcl
% set assert_report_incompletes 1
1
% set RTL_DIR /cafe/u/samanthaarcher/synthlc_tutorial/SynthLC_optimized/cva6
/cafe/u/samanthaarcher/synthlc_tutorial/SynthLC_optimized/cva6
% set SRCDIR /cafe/u/samanthaarcher/synthlc_tutorial/SynthLC_optimized/cva6/core
/cafe/u/samanthaarcher/synthlc_tutorial/SynthLC_optimized/cva6/core
% 
% ############
% set FPV 1
1
% set SPV 0
0
% set REACH 0
0
% set CUSTOMTCL 1
1
% ############
% exec synthlc/xGenPerfLocDfgDiv/get_dfg_update_file_.sh
% # Analyze RTL files
% analyze -sv09 -f synthlc/xGenPerfLocDfgDiv/get_dfg_hdls.f -y $SRCDIR +incdir+$SRCDIR
INFO (INL011): Processing "-f" file "/cafe/u/samanthaarcher/synthlc_tutorial/fava_isca2026/synthlc_optimized/fv/synthlc/xGenPerfLocDfgDiv/get_dfg_hdls.f".
[-- (VERI-1482)] Analyzing Verilog file '/cad/cadence/jasper_2025.12/lib/verilog/packages/std/std.sv' into library 'std'
[-- (VERI-1482)] Analyzing Verilog file '/cafe/u/samanthaarcher/synthlc_tutorial/SynthLC_optimized/cva6/core/include/cv64a6_imafdc_sv39_config_pkg.sv'
[-- (VERI-1482)] Analyzing Verilog file '/cafe/u/samanthaarcher/synthlc_tutorial/SynthLC_optimized/cva6/core/include/riscv_pkg.sv'
[-- (VERI-1482)] Analyzing Verilog file '/cafe/u/samanthaarcher/synthlc_tutorial/SynthLC_optimized/cva6/corev_apu/riscv-dbg/src/dm_pkg.sv'
[-- (VERI-1482)] Analyzing Verilog file '/cafe/u/samanthaarcher/synthlc_tutorial/SynthLC_optimized/cva6/core/include/ariane_pkg.sv'
[-- (VERI-1482)] Analyzing Verilog file '/cafe/u/samanthaarcher/synthlc_tutorial/SynthLC_optimized/cva6/corev_apu/axi/src/axi_pkg.sv'
[-- (VERI-1482)] Analyzing Verilog file '/cafe/u/samanthaarcher/synthlc_tutorial/SynthLC_optimized/cva6/corev_apu/fpga-support/rtl/SyncSpRamBeNx64.sv'
[-- (VERI-1482)] Analyzing Verilog file '/cafe/u/samanthaarcher/synthlc_tutorial/SynthLC_optimized/cva6/core/include/ariane_rvfi_pkg.sv'
[-- (VERI-1482)] Analyzing Verilog file '/cafe/u/samanthaarcher/synthlc_tutorial/SynthLC_optimized/cva6/core/include/ariane_axi_pkg.sv'
[-- (VERI-1482)] Analyzing Verilog file '/cafe/u/samanthaarcher/synthlc_tutorial/SynthLC_optimized/cva6/core/include/wt_cache_pkg.sv'
[-- (VERI-1482)] Analyzing Verilog file '/cafe/u/samanthaarcher/synthlc_tutorial/SynthLC_optimized/cva6/core/include/std_cache_pkg.sv'
[-- (VERI-1482)] Analyzing Verilog file '/cafe/u/samanthaarcher/synthlc_tutorial/SynthLC_optimized/cva6/core/include/axi_intf.sv'
[-- (VERI-1482)] Analyzing Verilog file '/cafe/u/samanthaarcher/synthlc_tutorial/fava_isca2026/synthlc_optimized/fv/synthlc/xGenPerfLocDfgDiv/get_dfg_top.sv'
[INFO (VERI-2561)] /cafe/u/samanthaarcher/synthlc_tutorial/fava_isca2026/synthlc_optimized/fv/synthlc/xGenPerfLocDfgDiv/get_dfg_top.sv(635): undeclared symbol 'icache_flush_ctrl_cache', assumed default net type 'wire'
[WARN (VERI-9001)] /cafe/u/samanthaarcher/synthlc_tutorial/fava_isca2026/synthlc_optimized/fv/synthlc/xGenPerfLocDfgDiv/get_dfg_top.sv(993): redefinition of command line macro INTRA_TRANSMITTER here ignored
[-- (VERI-1482)] Analyzing Verilog file '/cafe/u/samanthaarcher/synthlc_tutorial/SynthLC_optimized/cva6/common/submodules/common_cells/src/fifo_v3.sv'
[-- (VERI-1482)] Analyzing Verilog file '/cafe/u/samanthaarcher/synthlc_tutorial/SynthLC_optimized/cva6/common/submodules/common_cells/src/lfsr.sv'
[-- (VERI-1482)] Analyzing Verilog file '/cafe/u/samanthaarcher/synthlc_tutorial/SynthLC_optimized/cva6/common/submodules/common_cells/src/lzc.sv'
[-- (VERI-1482)] Analyzing Verilog file '/cafe/u/samanthaarcher/synthlc_tutorial/SynthLC_optimized/cva6/common/submodules/common_cells/src/rr_arb_tree.sv'
[-- (VERI-1482)] Analyzing Verilog file '/cafe/u/samanthaarcher/synthlc_tutorial/SynthLC_optimized/cva6/common/submodules/common_cells/src/shift_reg.sv'
[-- (VERI-1482)] Analyzing Verilog file '/cafe/u/samanthaarcher/synthlc_tutorial/SynthLC_optimized/cva6/common/submodules/common_cells/src/unread.sv'
[-- (VERI-1482)] Analyzing Verilog file '/cafe/u/samanthaarcher/synthlc_tutorial/SynthLC_optimized/cva6/common/submodules/common_cells/src/popcount.sv'
[-- (VERI-1482)] Analyzing Verilog file '/cafe/u/samanthaarcher/synthlc_tutorial/SynthLC_optimized/cva6/common/submodules/common_cells/src/exp_backoff.sv'
[-- (VERI-1482)] Analyzing Verilog file '/cafe/u/samanthaarcher/synthlc_tutorial/SynthLC_optimized/cva6/core/alu.sv'
[-- (VERI-1482)] Analyzing Verilog file '/cafe/u/samanthaarcher/synthlc_tutorial/SynthLC_optimized/cva6/core/branch_unit.sv'
[-- (VERI-1482)] Analyzing Verilog file '/cafe/u/samanthaarcher/synthlc_tutorial/SynthLC_optimized/cva6/core/compressed_decoder.sv'
[-- (VERI-1482)] Analyzing Verilog file '/cafe/u/samanthaarcher/synthlc_tutorial/SynthLC_optimized/cva6/core/controller.sv'
[-- (VERI-1482)] Analyzing Verilog file '/cafe/u/samanthaarcher/synthlc_tutorial/SynthLC_optimized/cva6/core/csr_buffer.sv'
[-- (VERI-1482)] Analyzing Verilog file '/cafe/u/samanthaarcher/synthlc_tutorial/SynthLC_optimized/cva6/core/csr_regfile.sv'
[-- (VERI-1482)] Analyzing Verilog file '/cafe/u/samanthaarcher/synthlc_tutorial/SynthLC_optimized/cva6/core/decoder.sv'
[-- (VERI-1482)] Analyzing Verilog file '/cafe/u/samanthaarcher/synthlc_tutorial/SynthLC_optimized/cva6/core/ex_stage.sv'
[-- (VERI-1482)] Analyzing Verilog file '/cafe/u/samanthaarcher/synthlc_tutorial/SynthLC_optimized/cva6/core/instr_realign.sv'
[-- (VERI-1482)] Analyzing Verilog file '/cafe/u/samanthaarcher/synthlc_tutorial/SynthLC_optimized/cva6/core/id_stage.sv'
[-- (VERI-1482)] Analyzing Verilog file '/cafe/u/samanthaarcher/synthlc_tutorial/SynthLC_optimized/cva6/core/issue_read_operands.sv'
[-- (VERI-1482)] Analyzing Verilog file '/cafe/u/samanthaarcher/synthlc_tutorial/SynthLC_optimized/cva6/core/issue_stage.sv'
[-- (VERI-1482)] Analyzing Verilog file '/cafe/u/samanthaarcher/synthlc_tutorial/SynthLC_optimized/cva6/core/load_unit.sv'
[-- (VERI-1482)] Analyzing Verilog file '/cafe/u/samanthaarcher/synthlc_tutorial/SynthLC_optimized/cva6/core/load_store_unit.sv'
[-- (VERI-1482)] Analyzing Verilog file '/cafe/u/samanthaarcher/synthlc_tutorial/SynthLC_optimized/cva6/core/mult.sv'
[-- (VERI-1482)] Analyzing Verilog file '/cafe/u/samanthaarcher/synthlc_tutorial/SynthLC_optimized/cva6/core/multiplier.sv'
[-- (VERI-1482)] Analyzing Verilog file '/cafe/u/samanthaarcher/synthlc_tutorial/SynthLC_optimized/cva6/core/serdiv.sv'
[-- (VERI-1482)] Analyzing Verilog file '/cafe/u/samanthaarcher/synthlc_tutorial/SynthLC_optimized/cva6/core/perf_counters.sv'
[-- (VERI-1482)] Analyzing Verilog file '/cafe/u/samanthaarcher/synthlc_tutorial/SynthLC_optimized/cva6/core/ariane_regfile_ff.sv'
[-- (VERI-1482)] Analyzing Verilog file '/cafe/u/samanthaarcher/synthlc_tutorial/SynthLC_optimized/cva6/core/re_name.sv'
[-- (VERI-1482)] Analyzing Verilog file '/cafe/u/samanthaarcher/synthlc_tutorial/SynthLC_optimized/cva6/core/scoreboard.sv'
[-- (VERI-1482)] Analyzing Verilog file '/cafe/u/samanthaarcher/synthlc_tutorial/SynthLC_optimized/cva6/core/store_buffer.sv'
[WARN (VERI-1875)] /cafe/u/samanthaarcher/synthlc_tutorial/SynthLC_optimized/cva6/core/store_buffer.sv(52): identifier 'commit_read_pointer_q' is used before its declaration
[-- (VERI-1482)] Analyzing Verilog file '/cafe/u/samanthaarcher/synthlc_tutorial/SynthLC_optimized/cva6/core/amo_buffer.sv'
[-- (VERI-1482)] Analyzing Verilog file '/cafe/u/samanthaarcher/synthlc_tutorial/SynthLC_optimized/cva6/core/store_unit.sv'
[-- (VERI-1482)] Analyzing Verilog file '/cafe/u/samanthaarcher/synthlc_tutorial/SynthLC_optimized/cva6/core/commit_stage.sv'
[-- (VERI-1482)] Analyzing Verilog file '/cafe/u/samanthaarcher/synthlc_tutorial/SynthLC_optimized/cva6/core/axi_shim.sv'
[-- (VERI-1482)] Analyzing Verilog file '/cafe/u/samanthaarcher/synthlc_tutorial/SynthLC_optimized/cva6/core/frontend/btb.sv'
[-- (VERI-1482)] Analyzing Verilog file '/cafe/u/samanthaarcher/synthlc_tutorial/SynthLC_optimized/cva6/core/frontend/bht.sv'
[-- (VERI-1482)] Analyzing Verilog file '/cafe/u/samanthaarcher/synthlc_tutorial/SynthLC_optimized/cva6/core/frontend/ras.sv'
[-- (VERI-1482)] Analyzing Verilog file '/cafe/u/samanthaarcher/synthlc_tutorial/SynthLC_optimized/cva6/core/frontend/instr_scan.sv'
[-- (VERI-1482)] Analyzing Verilog file '/cafe/u/samanthaarcher/synthlc_tutorial/SynthLC_optimized/cva6/core/frontend/instr_queue.sv'
[-- (VERI-1482)] Analyzing Verilog file '/cafe/u/samanthaarcher/synthlc_tutorial/SynthLC_optimized/cva6/core/frontend/frontend.sv'
[-- (VERI-1482)] Analyzing Verilog file '/cafe/u/samanthaarcher/synthlc_tutorial/SynthLC_optimized/cva6/core/cache_subsystem/wt_dcache_ctrl.sv'
[-- (VERI-1482)] Analyzing Verilog file '/cafe/u/samanthaarcher/synthlc_tutorial/SynthLC_optimized/cva6/core/cache_subsystem/wt_dcache_mem.sv'
[-- (VERI-1482)] Analyzing Verilog file '/cafe/u/samanthaarcher/synthlc_tutorial/SynthLC_optimized/cva6/core/cache_subsystem/wt_dcache_missunit.sv'
[-- (VERI-1482)] Analyzing Verilog file '/cafe/u/samanthaarcher/synthlc_tutorial/SynthLC_optimized/cva6/core/cache_subsystem/wt_dcache_wbuffer.sv'
[-- (VERI-1482)] Analyzing Verilog file '/cafe/u/samanthaarcher/synthlc_tutorial/SynthLC_optimized/cva6/core/cache_subsystem/wt_dcache.sv'
[-- (VERI-1482)] Analyzing Verilog file '/cafe/u/samanthaarcher/synthlc_tutorial/SynthLC_optimized/cva6/core/cache_subsystem/cva6_icache.sv'
[-- (VERI-1482)] Analyzing Verilog file '/cafe/u/samanthaarcher/synthlc_tutorial/SynthLC_optimized/cva6/core/cache_subsystem/wt_cache_subsystem.sv'
[-- (VERI-1482)] Analyzing Verilog file '/cafe/u/samanthaarcher/synthlc_tutorial/SynthLC_optimized/cva6/core/cache_subsystem/wt_axi_adapter.sv'
[-- (VERI-1482)] Analyzing Verilog file '/cafe/u/samanthaarcher/synthlc_tutorial/SynthLC_optimized/cva6/common/local/util/sram.sv'
% if {$SPV == 1} {
    puts "initializing SPV"
    check_spv -init
}
% if {$REACH == 1} {
    puts "test bboxing mfpt" 
    #elaborate -bbox_m  {miss_prediction_fix_table} -bbox_m {reorderbuf}
    elaborate 
    source reach_collect.tcl
}
% if {$FPV == 1} {
    puts "fpv" 
    # Elaborates
    #elaborate -bbox_m {wt_cache_subsystem} -bbox_m {frontend}
    #puts "multiplier no-bbox"
    elaborate -bbox_m {frontend}
    #elaborate -bbox_m {frontend}
    #stopat -env {issue_stage_i.i_scoreboard.mem_n[0].sbe.is_compressed}  
    #elaborate


    # Initialization
    # Clock specification
    clock clk_i
    # -both_edges: ridecore 
    reset !rst_ni
    set_proofgrid_per_engine_max_jobs 10
    set_proofgrid_max_jobs 30


    #SOURCE_TCL
    # assume -enable {.*ASSUME_W_R} -regexp
    # assume -disable {.*ASSUME_R_W} -regexp

    task -create mytask -copy_assumes   -regexp
    task -set mytask

    if { $CUSTOMTCL == 1 } {
        puts "=========CUSTOMTCL========="

        source /cafe/u/samanthaarcher/synthlc_tutorial/fava_isca2026/synthlc_optimized/fv/synthlc/xGenPerfLocDfgDiv/get_dfg.tcl
        
        puts "=========EXIT CUSTOMTCL========="
        ## #exit
        
    } 
    
    puts "=============================================================="
    puts "CHECK ASSUMPTION...."
    puts "=============================================================="
    set CA 0
    #ASSUMPTION
    #
    set_prove_time_limit 15m
    #SETPROVETIME
    set_prove_per_property_time_limit 5m 

    set ls [get_property_list -task mytask -include {type {assert cover} }]
    if { [llength $ls] > 10 } { 
        set_prove_time_limit 25m 
        puts "PROVEN TIME 25min" }  

    if { $CA == 1 } { 
        #set_prove_time_limit 10m
        set CONFLICT [check_assumptions -task mytask -conflict]
        puts "=============================================================="
        puts "CHECK ASSUMPTION CONFLICT result? $CONFLICT"
        puts "=============================================================="
    }  else {
        puts "AUTOPROVE:" 
        #set_prove_time_limit 1h
        #set_prove_per_property_time_limit 1h
        puts "=================================================="
        puts " PROVE TIME LIMIT"
        puts [get_prove_time_limit]     
        #puts [get_prove_per_property_time_limit]
        puts "=================================================="
        set_engine_mode {K C Tri I N AD AM Hp B}

        prove -task mytask
        #prove -all
    }
    
    puts "END"
    report -task mytask -csv -results -file "synthlc/xGenPerfLocDfgDiv/get_dfg.csv" -force
    ## #exit
}
fpv
[WARN (VERI-2853)] /cafe/u/samanthaarcher/synthlc_tutorial/fava_isca2026/synthlc_optimized/fv/synthlc/xGenPerfLocDfgDiv/get_dfg_top.sv(274): instantiating blackbox module 'frontend'
[WARN (VERI-2435)] /cafe/u/samanthaarcher/synthlc_tutorial/fava_isca2026/synthlc_optimized/fv/synthlc/xGenPerfLocDfgDiv/get_dfg_top.sv(455): port 'icache_areq_i' is not connected on this instance
[WARN (VERI-1927)] /cafe/u/samanthaarcher/synthlc_tutorial/fava_isca2026/synthlc_optimized/fv/synthlc/xGenPerfLocDfgDiv/get_dfg_top.sv(455): port 'icache_areq_o' remains unconnected for this instance
[INFO (VERI-1018)] /cafe/u/samanthaarcher/synthlc_tutorial/SynthLC_optimized/cva6/core/frontend/frontend.sv(18): compiling module 'frontend:(ArianeCfg='{2,32,128,32'b010,1024'b0,1024'b0,32'b011,1024'b01000000000000000000000000000000000000000000000000000000000000000000000000000000100000000000000000000000000000000000000000000000000000000000000000000000000000000,1024'b0100000000000000000000000000000000000000000000000000000000000000000000000000000100000000000000000000000000000000000000000000000000000000000000000001000000000000,32'b01,1024'b010000000000000000000000000000000,1024'b01000000000000000000000000000000,1'b1,1'b0,64'b0,32'b01000})'
[INFO (VERI-1018)] /cafe/u/samanthaarcher/synthlc_tutorial/SynthLC_optimized/cva6/core/compressed_decoder.sv(22): compiling module 'compressed_decoder'
[INFO (VERI-1018)] /cafe/u/samanthaarcher/synthlc_tutorial/SynthLC_optimized/cva6/core/decoder.sv(22): compiling module 'decoder'
[INFO (VERI-1018)] /cafe/u/samanthaarcher/synthlc_tutorial/SynthLC_optimized/cva6/core/id_stage.sv(16): compiling module 'id_stage'
[INFO (VERI-1018)] /cafe/u/samanthaarcher/synthlc_tutorial/SynthLC_optimized/cva6/core/re_name.sv(12): compiling module 're_name'
[WARN (VERI-9005)] /cafe/u/samanthaarcher/synthlc_tutorial/SynthLC_optimized/cva6/core/re_name.sv(52): 6-bit index expression 'issue_instr_i.rd' is larger than the required 5 bits. This might lead to an out-of-bound access
[WARN (VERI-9005)] /cafe/u/samanthaarcher/synthlc_tutorial/SynthLC_optimized/cva6/core/re_name.sv(52): 6-bit index expression 'issue_instr_i.rd' is larger than the required 5 bits. This might lead to an out-of-bound access
[WARN (VERI-9005)] /cafe/u/samanthaarcher/synthlc_tutorial/SynthLC_optimized/cva6/core/re_name.sv(57): 6-bit index expression 'issue_instr_i.rs1' is larger than the required 5 bits. This might lead to an out-of-bound access
[WARN (VERI-9005)] /cafe/u/samanthaarcher/synthlc_tutorial/SynthLC_optimized/cva6/core/re_name.sv(59): 6-bit index expression 'issue_instr_i.rs2' is larger than the required 5 bits. This might lead to an out-of-bound access
[WARN (VERI-9005)] /cafe/u/samanthaarcher/synthlc_tutorial/SynthLC_optimized/cva6/core/re_name.sv(65): 6-bit index expression 'issue_instr_i.rd' is larger than the required 5 bits. This might lead to an out-of-bound access
[INFO (VERI-1018)] /cafe/u/samanthaarcher/synthlc_tutorial/SynthLC_optimized/cva6/common/submodules/common_cells/src/popcount.sv(19): compiling module 'popcount:(INPUT_WIDTH=32'b010)'
[INFO (VERI-1018)] /cafe/u/samanthaarcher/synthlc_tutorial/SynthLC_optimized/cva6/core/scoreboard.sv(15): compiling module 'scoreboard:(NR_ENTRIES=32'b0100,NR_WB_PORTS=32'b0100,NR_COMMIT_PORTS=32'b010)'
[WARN (VERI-1060)] /cafe/u/samanthaarcher/synthlc_tutorial/SynthLC_optimized/cva6/core/scoreboard.sv(397): 'initial' construct is ignored
[WARN (VERI-1142)] /cafe/u/samanthaarcher/synthlc_tutorial/SynthLC_optimized/cva6/core/scoreboard.sv(163): system task 'display' is ignored for synthesis
[WARN (VERI-1142)] /cafe/u/samanthaarcher/synthlc_tutorial/SynthLC_optimized/cva6/core/scoreboard.sv(190): system task 'display' is ignored for synthesis
[WARN (VERI-1209)] /cafe/u/samanthaarcher/synthlc_tutorial/SynthLC_optimized/cva6/core/scoreboard.sv(217): expression size 32 truncated to fit in target size 2
[INFO (VERI-1018)] /cafe/u/samanthaarcher/synthlc_tutorial/SynthLC_optimized/cva6/common/submodules/common_cells/src/rr_arb_tree.sv(34): compiling module 'rr_arb_tree:(NumIn=32'b0101,DataType=fu_t_ariane_pkg,ExtPrio=1'b1,AxiVldRdy=1'b1)'
[INFO (VERI-1018)] /cafe/u/samanthaarcher/synthlc_tutorial/SynthLC_optimized/cva6/common/submodules/common_cells/src/rr_arb_tree.sv(34): compiling module 'rr_arb_tree:(NumIn=32'b01000,DataWidth=32'b01000000,ExtPrio=1'b1,AxiVldRdy=1'b1)'
[INFO (VERI-1018)] /cafe/u/samanthaarcher/synthlc_tutorial/SynthLC_optimized/cva6/core/ariane_regfile_ff.sv(25): compiling module 'ariane_regfile:(DATA_WIDTH=32'b01000000,NR_WRITE_PORTS=32'b010,ZERO_REG_ZERO=1'b1)'
[INFO (VERI-1018)] /cafe/u/samanthaarcher/synthlc_tutorial/SynthLC_optimized/cva6/core/issue_read_operands.sv(17): compiling module 'issue_read_operands:(NR_COMMIT_PORTS=32'b010)'
[WARN (VERI-1209)] /cafe/u/samanthaarcher/synthlc_tutorial/SynthLC_optimized/cva6/core/issue_read_operands.sv(451): expression size 3 truncated to fit in target size 1
[INFO (VERI-1018)] /cafe/u/samanthaarcher/synthlc_tutorial/SynthLC_optimized/cva6/core/issue_stage.sv(17): compiling module 'issue_stage:(NR_ENTRIES=32'b0100,NR_WB_PORTS=32'b0100,NR_COMMIT_PORTS=32'b010)'
[INFO (VERI-1018)] /cafe/u/samanthaarcher/synthlc_tutorial/SynthLC_optimized/cva6/core/alu.sv(21): compiling module 'alu'
[INFO (VERI-1018)] /cafe/u/samanthaarcher/synthlc_tutorial/SynthLC_optimized/cva6/core/branch_unit.sv(15): compiling module 'branch_unit'
[WARN (VERI-1142)] /cafe/u/samanthaarcher/synthlc_tutorial/SynthLC_optimized/cva6/core/branch_unit.sv(64): system task 'display' is ignored for synthesis
[INFO (VERI-1018)] /cafe/u/samanthaarcher/synthlc_tutorial/SynthLC_optimized/cva6/core/csr_buffer.sv(17): compiling module 'csr_buffer'
[INFO (VERI-1018)] /cafe/u/samanthaarcher/synthlc_tutorial/SynthLC_optimized/cva6/core/multiplier.sv(18): compiling module 'multiplier'
[INFO (VERI-1018)] /cafe/u/samanthaarcher/synthlc_tutorial/SynthLC_optimized/cva6/common/submodules/common_cells/src/lzc.sv(26): compiling module 'lzc:(WIDTH=32'b01000000,MODE=1'b1)'
[INFO (VERI-1018)] /cafe/u/samanthaarcher/synthlc_tutorial/SynthLC_optimized/cva6/core/serdiv.sv(18): compiling module 'serdiv'
[WARN (VERI-1209)] /cafe/u/samanthaarcher/synthlc_tutorial/SynthLC_optimized/cva6/core/serdiv.sv(89): expression size 65 truncated to fit in target size 64
[WARN (VERI-1209)] /cafe/u/samanthaarcher/synthlc_tutorial/SynthLC_optimized/cva6/core/serdiv.sv(110): expression size 32 truncated to fit in target size 7
[WARN (VERI-1209)] /cafe/u/samanthaarcher/synthlc_tutorial/SynthLC_optimized/cva6/core/serdiv.sv(111): expression size 32 truncated to fit in target size 8
[WARN (VERI-1209)] /cafe/u/samanthaarcher/synthlc_tutorial/SynthLC_optimized/cva6/core/serdiv.sv(150): expression size 32 truncated to fit in target size 7
[INFO (VERI-1018)] /cafe/u/samanthaarcher/synthlc_tutorial/SynthLC_optimized/cva6/core/mult.sv(3): compiling module 'mult'
[WARN (VERI-1330)] /cafe/u/samanthaarcher/synthlc_tutorial/SynthLC_optimized/cva6/core/mult.sv(133): actual bit length 64 differs from formal bit length 32 for port 'operand'
[INFO (VERI-1018)] /cafe/u/samanthaarcher/synthlc_tutorial/SynthLC_optimized/cva6/core/load_store_unit.sv(15): compiling module 'ord_sram:(NUM_WORDS=32'b0100000)'
[WARN (VERI-1142)] /cafe/u/samanthaarcher/synthlc_tutorial/SynthLC_optimized/cva6/core/load_store_unit.sv(65): system task 'display' is ignored for synthesis
[WARN (VERI-1142)] /cafe/u/samanthaarcher/synthlc_tutorial/SynthLC_optimized/cva6/core/load_store_unit.sv(67): system task 'display' is ignored for synthesis
[INFO (VERI-1018)] /cafe/u/samanthaarcher/synthlc_tutorial/SynthLC_optimized/cva6/core/store_buffer.sv(17): compiling module 'store_buffer'
[WARN (VERI-1142)] /cafe/u/samanthaarcher/synthlc_tutorial/SynthLC_optimized/cva6/core/store_buffer.sv(52): system task 'display' is ignored for synthesis
[WARN (VERI-1209)] /cafe/u/samanthaarcher/synthlc_tutorial/SynthLC_optimized/cva6/core/store_buffer.sv(120): expression size 3 truncated to fit in target size 2
[WARN (VERI-1209)] /cafe/u/samanthaarcher/synthlc_tutorial/SynthLC_optimized/cva6/core/store_buffer.sv(223): expression size 3 truncated to fit in target size 2
[INFO (VERI-1018)] /cafe/u/samanthaarcher/synthlc_tutorial/SynthLC_optimized/cva6/core/amo_buffer.sv(17): compiling module 'amo_buffer'
[INFO (VERI-1018)] /cafe/u/samanthaarcher/synthlc_tutorial/SynthLC_optimized/cva6/common/submodules/common_cells/src/fifo_v3.sv(13): compiling module 'fifo_v3:(DEPTH=32'b01,dtype=amo_op_t_amo_buffer)'
[WARN (VERI-1209)] /cafe/u/samanthaarcher/synthlc_tutorial/SynthLC_optimized/cva6/common/submodules/common_cells/src/fifo_v3.sv(79): expression size 32 truncated to fit in target size 1
[WARN (VERI-1209)] /cafe/u/samanthaarcher/synthlc_tutorial/SynthLC_optimized/cva6/common/submodules/common_cells/src/fifo_v3.sv(81): expression size 32 truncated to fit in target size 2
[WARN (VERI-1209)] /cafe/u/samanthaarcher/synthlc_tutorial/SynthLC_optimized/cva6/common/submodules/common_cells/src/fifo_v3.sv(90): expression size 32 truncated to fit in target size 1
[WARN (VERI-1209)] /cafe/u/samanthaarcher/synthlc_tutorial/SynthLC_optimized/cva6/common/submodules/common_cells/src/fifo_v3.sv(92): expression size 32 truncated to fit in target size 2
[INFO (VERI-1018)] /cafe/u/samanthaarcher/synthlc_tutorial/SynthLC_optimized/cva6/core/store_unit.sv(16): compiling module 'store_unit'
[INFO (VERI-1018)] /cafe/u/samanthaarcher/synthlc_tutorial/SynthLC_optimized/cva6/core/load_unit.sv(16): compiling module 'load_unit:(ArianeCfg='{2,32,128,32'b010,1024'b0,1024'b0,32'b011,1024'b01000000000000000000000000000000000000000000000000000000000000000000000000000000100000000000000000000000000000000000000000000000000000000000000000000000000000000,1024'b0100000000000000000000000000000000000000000000000000000000000000000000000000000100000000000000000000000000000000000000000000000000000000000000000001000000000000,32'b01,1024'b010000000000000000000000000000000,1024'b01000000000000000000000000000000,1'b1,1'b0,64'b0,32'b01000})'
[WARN (VERI-1142)] /cafe/u/samanthaarcher/synthlc_tutorial/SynthLC_optimized/cva6/core/load_unit.sv(57): system task 'display' is ignored for synthesis
[WARN (VERI-1209)] /cafe/u/samanthaarcher/synthlc_tutorial/SynthLC_optimized/cva6/core/load_unit.sv(351): expression size 32 truncated to fit in target size 3
[INFO (VERI-1018)] /cafe/u/samanthaarcher/synthlc_tutorial/SynthLC_optimized/cva6/core/load_store_unit.sv(685): compiling module 'lsu_bypass'
[INFO (VERI-1018)] /cafe/u/samanthaarcher/synthlc_tutorial/SynthLC_optimized/cva6/core/load_store_unit.sv(116): compiling module 'load_store_unit:(ASID_WIDTH=32'b010000,ArianeCfg='{2,32,128,32'b010,1024'b0,1024'b0,32'b011,1024'b01000000000000000000000000000000000000000000000000000000000000000000000000000000100000000000000000000000000000000000000000000000000000000000000000000000000000000,1024'b0100000000000000000000000000000000000000000000000000000000000000000000000000000100000000000000000000000000000000000000000000000000000000000000000001000000000000,32'b01,1024'b010000000000000000000000000000000,1024'b01000000000000000000000000000000,1'b1,1'b0,64'b0,32'b01000})'
[WARN (VERI-1209)] /cafe/u/samanthaarcher/synthlc_tutorial/SynthLC_optimized/cva6/core/load_store_unit.sv(315): expression size 52 truncated to fit in target size 44
[WARN (VERI-1209)] /cafe/u/samanthaarcher/synthlc_tutorial/SynthLC_optimized/cva6/core/load_store_unit.sv(355): expression size 32 truncated to fit in target size 1
[WARN (VERI-1142)] /cafe/u/samanthaarcher/synthlc_tutorial/SynthLC_optimized/cva6/core/load_store_unit.sv(364): system task 'display' is ignored for synthesis
[WARN (VERI-1142)] /cafe/u/samanthaarcher/synthlc_tutorial/SynthLC_optimized/cva6/core/load_store_unit.sv(367): system task 'display' is ignored for synthesis
[WARN (VERI-1142)] /cafe/u/samanthaarcher/synthlc_tutorial/SynthLC_optimized/cva6/core/load_store_unit.sv(370): system task 'display' is ignored for synthesis
[WARN (VERI-1209)] /cafe/u/samanthaarcher/synthlc_tutorial/SynthLC_optimized/cva6/core/load_store_unit.sv(375): expression size 32 truncated to fit in target size 1
[WARN (VERI-1330)] /cafe/u/samanthaarcher/synthlc_tutorial/SynthLC_optimized/cva6/core/load_store_unit.sv(420): actual bit length 16 differs from formal bit length 5 for port 'addr_i'
[INFO (VERI-1018)] /cafe/u/samanthaarcher/synthlc_tutorial/SynthLC_optimized/cva6/common/submodules/common_cells/src/shift_reg.sv(16): compiling module 'shift_reg:(dtype=logic[259:0],Depth=32'b01)'
[INFO (VERI-1018)] /cafe/u/samanthaarcher/synthlc_tutorial/SynthLC_optimized/cva6/common/submodules/common_cells/src/shift_reg.sv(16): compiling module 'shift_reg:(dtype=logic[195:0],Depth=32'b0)'
[WARN (VDB-1002)] /cafe/u/samanthaarcher/synthlc_tutorial/SynthLC_optimized/cva6/core/load_store_unit.sv(339): net 'dcache_req_ports_i_st.data_rvalid' does not have a driver
[INFO (VERI-1018)] /cafe/u/samanthaarcher/synthlc_tutorial/SynthLC_optimized/cva6/core/ex_stage.sv(17): compiling module 'ex_stage:(ASID_WIDTH=32'b010000,ArianeCfg='{2,32,128,32'b010,1024'b0,1024'b0,32'b011,1024'b01000000000000000000000000000000000000000000000000000000000000000000000000000000100000000000000000000000000000000000000000000000000000000000000000000000000000000,1024'b0100000000000000000000000000000000000000000000000000000000000000000000000000000100000000000000000000000000000000000000000000000000000000000000000001000000000000,32'b01,1024'b010000000000000000000000000000000,1024'b01000000000000000000000000000000,1'b1,1'b0,64'b0,32'b01000})'
[WARN (VDB-1002)] /cafe/u/samanthaarcher/synthlc_tutorial/SynthLC_optimized/cva6/core/ex_stage.sv(111): net 'amo_resp_i.result[63]' does not have a driver
[INFO (VERI-1018)] /cafe/u/samanthaarcher/synthlc_tutorial/SynthLC_optimized/cva6/core/commit_stage.sv(16): compiling module 'commit_stage:(NR_COMMIT_PORTS=32'b010)'
[WARN (VERI-1142)] /cafe/u/samanthaarcher/synthlc_tutorial/SynthLC_optimized/cva6/core/commit_stage.sv(283): system task 'display' is ignored for synthesis
[WARN (VERI-1142)] /cafe/u/samanthaarcher/synthlc_tutorial/SynthLC_optimized/cva6/core/commit_stage.sv(292): system task 'display' is ignored for synthesis
[INFO (VERI-1018)] /cafe/u/samanthaarcher/synthlc_tutorial/SynthLC_optimized/cva6/core/csr_regfile.sv(16): compiling module 'csr_regfile:(AsidWidth=16,NrCommitPorts=32'b010,NrPMPEntries=32'b01000)'
[WARN (VERI-1209)] /cafe/u/samanthaarcher/synthlc_tutorial/SynthLC_optimized/cva6/core/csr_regfile.sv(292): expression size 72 truncated to fit in target size 64
[WARN (VERI-1209)] /cafe/u/samanthaarcher/synthlc_tutorial/SynthLC_optimized/cva6/core/csr_regfile.sv(293): expression size 72 truncated to fit in target size 64
[WARN (VERI-1209)] /cafe/u/samanthaarcher/synthlc_tutorial/SynthLC_optimized/cva6/core/csr_regfile.sv(294): expression size 72 truncated to fit in target size 64
[WARN (VERI-1209)] /cafe/u/samanthaarcher/synthlc_tutorial/SynthLC_optimized/cva6/core/csr_regfile.sv(295): expression size 72 truncated to fit in target size 64
[WARN (VERI-1209)] /cafe/u/samanthaarcher/synthlc_tutorial/SynthLC_optimized/cva6/core/csr_regfile.sv(296): expression size 72 truncated to fit in target size 64
[WARN (VERI-1209)] /cafe/u/samanthaarcher/synthlc_tutorial/SynthLC_optimized/cva6/core/csr_regfile.sv(297): expression size 72 truncated to fit in target size 64
[WARN (VERI-1209)] /cafe/u/samanthaarcher/synthlc_tutorial/SynthLC_optimized/cva6/core/csr_regfile.sv(298): expression size 72 truncated to fit in target size 64
[WARN (VERI-1209)] /cafe/u/samanthaarcher/synthlc_tutorial/SynthLC_optimized/cva6/core/csr_regfile.sv(299): expression size 72 truncated to fit in target size 64
[WARN (VERI-1209)] /cafe/u/samanthaarcher/synthlc_tutorial/SynthLC_optimized/cva6/core/csr_regfile.sv(300): expression size 72 truncated to fit in target size 64
[WARN (VERI-1209)] /cafe/u/samanthaarcher/synthlc_tutorial/SynthLC_optimized/cva6/core/csr_regfile.sv(301): expression size 72 truncated to fit in target size 64
[WARN (VERI-1209)] /cafe/u/samanthaarcher/synthlc_tutorial/SynthLC_optimized/cva6/core/csr_regfile.sv(302): expression size 72 truncated to fit in target size 64
[WARN (VERI-1209)] /cafe/u/samanthaarcher/synthlc_tutorial/SynthLC_optimized/cva6/core/csr_regfile.sv(303): expression size 72 truncated to fit in target size 64
[WARN (VERI-1209)] /cafe/u/samanthaarcher/synthlc_tutorial/SynthLC_optimized/cva6/core/csr_regfile.sv(304): expression size 72 truncated to fit in target size 64
[WARN (VERI-1209)] /cafe/u/samanthaarcher/synthlc_tutorial/SynthLC_optimized/cva6/core/csr_regfile.sv(305): expression size 72 truncated to fit in target size 64
[WARN (VERI-1209)] /cafe/u/samanthaarcher/synthlc_tutorial/SynthLC_optimized/cva6/core/csr_regfile.sv(306): expression size 72 truncated to fit in target size 64
[WARN (VERI-1209)] /cafe/u/samanthaarcher/synthlc_tutorial/SynthLC_optimized/cva6/core/csr_regfile.sv(307): expression size 72 truncated to fit in target size 64
[WARN (VERI-1899)] /cafe/u/samanthaarcher/synthlc_tutorial/SynthLC_optimized/cva6/core/csr_regfile.sv(854): 'mask' inside always_comb block does not represent combinational logic
[WARN (VERI-1995)] /cafe/u/samanthaarcher/synthlc_tutorial/SynthLC_optimized/cva6/core/csr_regfile.sv(934): unique/priority if/case is not full; Use "elaborate -extract_case_assertions" to check whether the user-defined unique cases are overlapping
[INFO (VERI-1018)] /cafe/u/samanthaarcher/synthlc_tutorial/SynthLC_optimized/cva6/core/controller.sv(16): compiling module 'controller'
[INFO (VERI-1018)] /cafe/u/samanthaarcher/synthlc_tutorial/fava_isca2026/synthlc_optimized/fv/synthlc/xGenPerfLocDfgDiv/get_dfg_top.sv(27): compiling module 'ariane'
[WARN (VERI-8028)] /cafe/u/samanthaarcher/synthlc_tutorial/fava_isca2026/synthlc_optimized/fv/synthlc/xGenPerfLocDfgDiv/get_dfg_top.sv(371): missing/open ports on instance ex_stage_i of module ex_stage
[WARN (VERI-1209)] /cafe/u/samanthaarcher/synthlc_tutorial/fava_isca2026/synthlc_optimized/fv/synthlc/xGenPerfLocDfgDiv/get_dfg_top.sv(508): expression size 32 truncated to fit in target size 1
[WARN (VDB-1002)] /cafe/u/samanthaarcher/synthlc_tutorial/fava_isca2026/synthlc_optimized/fv/synthlc/xGenPerfLocDfgDiv/get_dfg_top.sv(235): net 'tmp_icache_dreq_cache_if.ready' does not have a driver
[WARN (VDB-1002)] /cafe/u/samanthaarcher/synthlc_tutorial/fava_isca2026/synthlc_optimized/fv/synthlc/xGenPerfLocDfgDiv/get_dfg_top.sv(243): net 'amo_resp.ack' does not have a driver
[WARN (VDB-1002)] /cafe/u/samanthaarcher/synthlc_tutorial/fava_isca2026/synthlc_optimized/fv/synthlc/xGenPerfLocDfgDiv/get_dfg_top.sv(1024): net 'i0[31]' does not have a driver
[WARN (VDB-1002)] /cafe/u/samanthaarcher/synthlc_tutorial/fava_isca2026/synthlc_optimized/fv/synthlc/xGenPerfLocDfgDiv/get_dfg_top.sv(1031): net 'pc0[63]' does not have a driver
[WARN (VDB-1013)] /cafe/u/samanthaarcher/synthlc_tutorial/fava_isca2026/synthlc_optimized/fv/synthlc/xGenPerfLocDfgDiv/get_dfg_top.sv(455): input port 'icache_areq_i.fetch_req' is not connected on this instance
[INFO (VERI-1018)] /cafe/u/samanthaarcher/synthlc_tutorial/SynthLC_optimized/cva6/core/instr_realign.sv(23): compiling module 'instr_realign'
[INFO (VERI-1018)] /cafe/u/samanthaarcher/synthlc_tutorial/SynthLC_optimized/cva6/core/perf_counters.sv(16): compiling module 'perf_counters'
[INFO (VERI-1018)] /cafe/u/samanthaarcher/synthlc_tutorial/SynthLC_optimized/cva6/common/submodules/common_cells/src/unread.sv(16): compiling module 'unread'
[INFO (VERI-1018)] /cafe/u/samanthaarcher/synthlc_tutorial/SynthLC_optimized/cva6/core/frontend/btb.sv(17): compiling module 'btb'
[INFO (VERI-1018)] /cafe/u/samanthaarcher/synthlc_tutorial/SynthLC_optimized/cva6/core/frontend/bht.sv(17): compiling module 'bht'
[WARN (VERI-1209)] /cafe/u/samanthaarcher/synthlc_tutorial/SynthLC_optimized/cva6/core/frontend/bht.sv(69): expression size 32 truncated to fit in target size 2
[WARN (VERI-1209)] /cafe/u/samanthaarcher/synthlc_tutorial/SynthLC_optimized/cva6/core/frontend/bht.sv(74): expression size 32 truncated to fit in target size 2
[WARN (VERI-1209)] /cafe/u/samanthaarcher/synthlc_tutorial/SynthLC_optimized/cva6/core/frontend/bht.sv(77): expression size 32 truncated to fit in target size 2
[WARN (VERI-1209)] /cafe/u/samanthaarcher/synthlc_tutorial/SynthLC_optimized/cva6/core/frontend/bht.sv(79): expression size 32 truncated to fit in target size 2
[INFO (VERI-1018)] /cafe/u/samanthaarcher/synthlc_tutorial/SynthLC_optimized/cva6/core/frontend/ras.sv(17): compiling module 'ras'
[INFO (VERI-1018)] /cafe/u/samanthaarcher/synthlc_tutorial/SynthLC_optimized/cva6/core/frontend/instr_scan.sv(18): compiling module 'instr_scan'
[INFO (VERI-1018)] /cafe/u/samanthaarcher/synthlc_tutorial/SynthLC_optimized/cva6/common/submodules/common_cells/src/lzc.sv(26): compiling module 'lzc:(WIDTH=32'b010)'
[INFO (VERI-1018)] /cafe/u/samanthaarcher/synthlc_tutorial/SynthLC_optimized/cva6/core/frontend/instr_queue.sv(46): compiling module 'instr_queue'
[WARN (VERI-9005)] /cafe/u/samanthaarcher/synthlc_tutorial/SynthLC_optimized/cva6/core/frontend/instr_queue.sv(182): 32-bit index expression '(i + idx_is_q)' is larger than the required 2 bits. This might lead to an out-of-bound access
[WARN (VERI-9005)] /cafe/u/samanthaarcher/synthlc_tutorial/SynthLC_optimized/cva6/core/frontend/instr_queue.sv(183): 32-bit index expression '(i + idx_is_q)' is larger than the required 2 bits. This might lead to an out-of-bound access
[INFO (VERI-1018)] /cafe/u/samanthaarcher/synthlc_tutorial/SynthLC_optimized/cva6/common/submodules/common_cells/src/fifo_v3.sv(13): compiling module 'fifo_v3:(DEPTH=32'b0100,dtype=instr_data_t_instr_queue)'
[INFO (VERI-1018)] /cafe/u/samanthaarcher/synthlc_tutorial/SynthLC_optimized/cva6/common/submodules/common_cells/src/fifo_v3.sv(13): compiling module 'fifo_v3:(DATA_WIDTH=32'b01000000,DEPTH=32'b0100)'
[INFO (VERI-1018)] /cafe/u/samanthaarcher/synthlc_tutorial/SynthLC_optimized/cva6/common/submodules/common_cells/src/lzc.sv(26): compiling module 'lzc:(WIDTH=32'b0100)'
[INFO (VERI-1018)] /cafe/u/samanthaarcher/synthlc_tutorial/SynthLC_optimized/cva6/common/submodules/common_cells/src/lfsr.sv(22): compiling module 'lfsr:(LfsrWidth=32'b0100,OutWidth=32'b010)'
[INFO (VERI-1018)] /cafe/u/samanthaarcher/synthlc_tutorial/SynthLC_optimized/cva6/corev_apu/fpga-support/rtl/SyncSpRamBeNx64.sv(28): compiling module 'SyncSpRamBeNx64:(ADDR_WIDTH=8,DATA_DEPTH=32'sb0100000000,SIM_INIT=1)'
[INFO (VERI-2571)] /cafe/u/samanthaarcher/synthlc_tutorial/SynthLC_optimized/cva6/corev_apu/fpga-support/rtl/SyncSpRamBeNx64.sv(62): extracting RAM for identifier 'Mem_DP'
[WARN (VERI-9033)] /cafe/u/samanthaarcher/synthlc_tutorial/SynthLC_optimized/cva6/corev_apu/fpga-support/rtl/SyncSpRamBeNx64.sv(62): array Mem_DP (size 16384) automatically BLACK-BOXED. Use the "elaborate -bbox_a" command to prevent automatic black-boxing.
[INFO (VERI-1018)] /cafe/u/samanthaarcher/synthlc_tutorial/SynthLC_optimized/cva6/common/local/util/sram.sv(21): compiling module 'sram:(DATA_WIDTH=32'b0110101,NUM_WORDS=32'sb0100000000)'
[INFO (VERI-1018)] /cafe/u/samanthaarcher/synthlc_tutorial/SynthLC_optimized/cva6/common/local/util/sram.sv(21): compiling module 'sram:(DATA_WIDTH=32'b010000000,NUM_WORDS=32'sb0100000000)'
[INFO (VERI-1018)] /cafe/u/samanthaarcher/synthlc_tutorial/SynthLC_optimized/cva6/core/cache_subsystem/cva6_icache.sv(28): compiling module 'cva6_icache:(RdTxId=2'b0,ArianeCfg='{2,32,128,32'b010,1024'b0,1024'b0,32'b011,1024'b01000000000000000000000000000000000000000000000000000000000000000000000000000000100000000000000000000000000000000000000000000000000000000000000000000000000000000,1024'b0100000000000000000000000000000000000000000000000000000000000000000000000000000100000000000000000000000000000000000000000000000000000000000000000001000000000000,32'b01,1024'b010000000000000000000000000000000,1024'b01000000000000000000000000000000,1'b1,1'b0,64'b0,32'b01000})'
[WARN (VERI-1209)] /cafe/u/samanthaarcher/synthlc_tutorial/SynthLC_optimized/cva6/core/cache_subsystem/cva6_icache.sv(111): expression size 66 truncated to fit in target size 64
[WARN (VERI-1209)] /cafe/u/samanthaarcher/synthlc_tutorial/SynthLC_optimized/cva6/core/cache_subsystem/cva6_icache.sv(121): expression size 66 truncated to fit in target size 4
[WARN (VERI-1209)] /cafe/u/samanthaarcher/synthlc_tutorial/SynthLC_optimized/cva6/core/cache_subsystem/cva6_icache.sv(329): expression size 32 truncated to fit in target size 8
[WARN (VERI-1330)] /cafe/u/samanthaarcher/synthlc_tutorial/SynthLC_optimized/cva6/core/cache_subsystem/cva6_icache.sv(341): actual bit length 3 differs from formal bit length 2 for port 'in'
[INFO (VERI-1018)] /cafe/u/samanthaarcher/synthlc_tutorial/SynthLC_optimized/cva6/common/submodules/common_cells/src/lzc.sv(26): compiling module 'lzc:(WIDTH=32'b011)'
[INFO (VERI-1018)] /cafe/u/samanthaarcher/synthlc_tutorial/SynthLC_optimized/cva6/common/submodules/common_cells/src/lzc.sv(26): compiling module 'lzc:(WIDTH=32'b01000)'
[INFO (VERI-1018)] /cafe/u/samanthaarcher/synthlc_tutorial/SynthLC_optimized/cva6/common/submodules/common_cells/src/lfsr.sv(22): compiling module 'lfsr:(LfsrWidth=32'b01000,OutWidth=32'b011)'
[INFO (VERI-1018)] /cafe/u/samanthaarcher/synthlc_tutorial/SynthLC_optimized/cva6/common/submodules/common_cells/src/exp_backoff.sv(23): compiling module 'exp_backoff:(Seed=32'b011)'
[INFO (VERI-1018)] /cafe/u/samanthaarcher/synthlc_tutorial/SynthLC_optimized/cva6/core/cache_subsystem/wt_dcache_missunit.sv(17): compiling module 'wt_dcache_missunit:(Axi64BitCompliant=1'b1,AmoTxId=2'b01,NumPorts=32'b011)'
[WARN (VERI-1209)] /cafe/u/samanthaarcher/synthlc_tutorial/SynthLC_optimized/cva6/core/cache_subsystem/wt_dcache_missunit.sv(116): expression size 32 truncated to fit in target size 8
[WARN (VERI-9005)] /cafe/u/samanthaarcher/synthlc_tutorial/SynthLC_optimized/cva6/core/cache_subsystem/wt_dcache_missunit.sv(215): 32-bit index expression '((amo_req_i.operand_a[2] * 32) + 31)' is larger than the required 6 bits. This might lead to an out-of-bound access
[WARN (VERI-1209)] /cafe/u/samanthaarcher/synthlc_tutorial/SynthLC_optimized/cva6/core/cache_subsystem/wt_dcache_missunit.sv(260): expression size 32 truncated to fit in target size 3
[INFO (VERI-1018)] /cafe/u/samanthaarcher/synthlc_tutorial/SynthLC_optimized/cva6/core/cache_subsystem/wt_dcache_wbuffer.sv(52): compiling module 'wt_dcache_wbuffer:(ArianeCfg='{2,32,128,32'b010,1024'b0,1024'b0,32'b011,1024'b01000000000000000000000000000000000000000000000000000000000000000000000000000000100000000000000000000000000000000000000000000000000000000000000000000000000000000,1024'b0100000000000000000000000000000000000000000000000000000000000000000000000000000100000000000000000000000000000000000000000000000000000000000000000001000000000000,32'b01,1024'b010000000000000000000000000000000,1024'b01000000000000000000000000000000,1'b1,1'b0,64'b0,32'b01000})'
[INFO (VERI-1018)] /cafe/u/samanthaarcher/synthlc_tutorial/SynthLC_optimized/cva6/common/submodules/common_cells/src/fifo_v3.sv(13): compiling module 'fifo_v3:(DATA_WIDTH=32'b010,DEPTH=32'b0100)'
[INFO (VERI-1018)] /cafe/u/samanthaarcher/synthlc_tutorial/SynthLC_optimized/cva6/common/submodules/common_cells/src/rr_arb_tree.sv(34): compiling module 'rr_arb_tree:(NumIn=32'b0100,DataWidth=32'b01,LockIn=1'b1)'
[INFO (VERI-1018)] /cafe/u/samanthaarcher/synthlc_tutorial/SynthLC_optimized/cva6/common/submodules/common_cells/src/rr_arb_tree.sv(34): compiling module 'rr_arb_tree:(NumIn=32'b01000,DataType=wbuffer_t_wt_cache_pkg,LockIn=1'b1)'
[INFO (VERI-1018)] /cafe/u/samanthaarcher/synthlc_tutorial/SynthLC_optimized/cva6/common/submodules/common_cells/src/rr_arb_tree.sv(34): compiling module 'rr_arb_tree:(NumIn=32'b01000,DataType=wbuffer_t_wt_cache_pkg)'
[INFO (VERI-1018)] /cafe/u/samanthaarcher/synthlc_tutorial/SynthLC_optimized/cva6/common/local/util/sram.sv(21): compiling module 'sram:(DATA_WIDTH=32'b01000000000,NUM_WORDS=32'sb0100000000)'
[INFO (VERI-1018)] /cafe/u/samanthaarcher/synthlc_tutorial/SynthLC_optimized/cva6/core/cache_subsystem/wt_dcache_mem.sv(29): compiling module 'wt_dcache_mem:(Axi64BitCompliant=1'b1,NumPorts=32'b011)'
[INFO (VERI-1018)] /cafe/u/samanthaarcher/synthlc_tutorial/SynthLC_optimized/cva6/common/submodules/common_cells/src/rr_arb_tree.sv(34): compiling module 'rr_arb_tree:(NumIn=32'b011,DataWidth=32'b01)'
[INFO (VERI-1018)] /cafe/u/samanthaarcher/synthlc_tutorial/SynthLC_optimized/cva6/core/cache_subsystem/wt_dcache_ctrl.sv(16): compiling module 'wt_dcache_ctrl:(RdTxId=2'b01,ArianeCfg='{2,32,128,32'b010,1024'b0,1024'b0,32'b011,1024'b01000000000000000000000000000000000000000000000000000000000000000000000000000000100000000000000000000000000000000000000000000000000000000000000000000000000000000,1024'b0100000000000000000000000000000000000000000000000000000000000000000000000000000100000000000000000000000000000000000000000000000000000000000000000001000000000000,32'b01,1024'b010000000000000000000000000000000,1024'b01000000000000000000000000000000,1'b1,1'b0,64'b0,32'b01000})'
[INFO (VERI-1018)] /cafe/u/samanthaarcher/synthlc_tutorial/SynthLC_optimized/cva6/core/cache_subsystem/wt_dcache.sv(16): compiling module 'wt_dcache:(RdAmoTxId=2'b01,ArianeCfg='{2,32,128,32'b010,1024'b0,1024'b0,32'b011,1024'b01000000000000000000000000000000000000000000000000000000000000000000000000000000100000000000000000000000000000000000000000000000000000000000000000000000000000000,1024'b0100000000000000000000000000000000000000000000000000000000000000000000000000000100000000000000000000000000000000000000000000000000000000000000000001000000000000,32'b01,1024'b010000000000000000000000000000000,1024'b01000000000000000000000000000000,1'b1,1'b0,64'b0,32'b01000})'
[INFO (VERI-1018)] /cafe/u/samanthaarcher/synthlc_tutorial/SynthLC_optimized/cva6/core/axi_shim.sv(22): compiling module 'axi_shim:(AxiNumWords=32'b010,AxiIdWidth=32'b0100)'
[WARN (VERI-1209)] /cafe/u/samanthaarcher/synthlc_tutorial/SynthLC_optimized/cva6/core/axi_shim.sv(107): expression size 32 truncated to fit in target size 1
[INFO (VERI-1018)] /cafe/u/samanthaarcher/synthlc_tutorial/SynthLC_optimized/cva6/core/cache_subsystem/wt_axi_adapter.sv(17): compiling module 'wt_axi_adapter'
[INFO (VERI-1018)] /cafe/u/samanthaarcher/synthlc_tutorial/SynthLC_optimized/cva6/common/submodules/common_cells/src/rr_arb_tree.sv(34): compiling module 'rr_arb_tree:(NumIn=32'b010,DataWidth=32'b01,AxiVldRdy=1'b1,LockIn=1'b1)'
[WARN (VERI-1209)] /cafe/u/samanthaarcher/synthlc_tutorial/SynthLC_optimized/cva6/core/cache_subsystem/wt_axi_adapter.sv(211): expression size 9 truncated to fit in target size 6
[WARN (VERI-1995)] /cafe/u/samanthaarcher/synthlc_tutorial/SynthLC_optimized/cva6/core/cache_subsystem/wt_axi_adapter.sv(224): unique/priority if/case is not full; Use "elaborate -extract_case_assertions" to check whether the user-defined unique cases are overlapping
[WARN (VERI-1995)] /cafe/u/samanthaarcher/synthlc_tutorial/SynthLC_optimized/cva6/core/cache_subsystem/wt_axi_adapter.sv(227): unique/priority if/case is not full; Use "elaborate -extract_case_assertions" to check whether the user-defined unique cases are overlapping
[INFO (VERI-1018)] /cafe/u/samanthaarcher/synthlc_tutorial/SynthLC_optimized/cva6/common/submodules/common_cells/src/fifo_v3.sv(13): compiling module 'fifo_v3:(DEPTH=32'b010,dtype=icache_req_t_wt_cache_pkg)'
[INFO (VERI-1018)] /cafe/u/samanthaarcher/synthlc_tutorial/SynthLC_optimized/cva6/common/submodules/common_cells/src/fifo_v3.sv(13): compiling module 'fifo_v3:(DEPTH=32'b010,dtype=dcache_req_t_wt_cache_pkg)'
[INFO (VERI-1018)] /cafe/u/samanthaarcher/synthlc_tutorial/SynthLC_optimized/cva6/common/submodules/common_cells/src/fifo_v3.sv(13): compiling module 'fifo_v3:(FALL_THROUGH=1'b1,DATA_WIDTH=32'b0101,DEPTH=32'b0100)'
[INFO (VERI-1018)] /cafe/u/samanthaarcher/synthlc_tutorial/SynthLC_optimized/cva6/core/cache_subsystem/wt_cache_subsystem.sv(22): compiling module 'wt_cache_subsystem'
INFO (ISW003): Top module name is "ariane".
WARNING (WNL008): Module "frontend" is blackboxed due to analyze/elaborate bbox_m or compilation configuration. All instances will be blackboxed.
INFO (INL208): Elaboration synthesis summary:
  Single run mode                         On
  Advanced Incremental run mode           Off
  Late hierarchical reference connection  On
  Number of analyzed Verilog modules      67 (60 synthesized)
  Number of analyzed VHDL entities        0 (0 synthesized)
  Number of analyzed files                62  
  Number of netlists                      80 (7 packages) (0 loaded from cache)
  Pipeline                                On (72 pipelined netlists)
WARNING (VDB-1002): /cafe/u/samanthaarcher/synthlc_tutorial/SynthLC_optimized/cva6/core/frontend/frontend.sv(44): net 'fetch_entry_o.ex.valid' does not have a driver
WARNING (VDB-1002): /cafe/u/samanthaarcher/synthlc_tutorial/SynthLC_optimized/cva6/core/frontend/frontend.sv(44): net 'fetch_entry_o.ex.tval' does not have a driver
WARNING (VDB-1002): /cafe/u/samanthaarcher/synthlc_tutorial/SynthLC_optimized/cva6/core/frontend/frontend.sv(44): net 'fetch_entry_o.ex.cause' does not have a driver
WARNING (VDB-1002): /cafe/u/samanthaarcher/synthlc_tutorial/SynthLC_optimized/cva6/core/frontend/frontend.sv(44): net 'fetch_entry_o.branch_predict.predict_address' does not have a driver
WARNING (VDB-1002): /cafe/u/samanthaarcher/synthlc_tutorial/SynthLC_optimized/cva6/core/frontend/frontend.sv(44): net 'fetch_entry_o.branch_predict.cf' does not have a driver
WARNING (VDB-1002): /cafe/u/samanthaarcher/synthlc_tutorial/SynthLC_optimized/cva6/core/frontend/frontend.sv(44): net 'fetch_entry_o.instruction' does not have a driver
WARNING (VDB-1002): /cafe/u/samanthaarcher/synthlc_tutorial/SynthLC_optimized/cva6/core/frontend/frontend.sv(44): net 'fetch_entry_o.address' does not have a driver
WARNING (WNL018): /cafe/u/samanthaarcher/synthlc_tutorial/SynthLC_optimized/cva6/core/multiplier.sv(51): multiplication operator mult_65s_65s (size 130) automatically blackboxed.
    Use the "elaborate -bbox_mul" command to prevent automatic blackboxing.
WARNING (WNL018): /cafe/u/samanthaarcher/synthlc_tutorial/SynthLC_optimized/cva6/core/multiplier.sv(74): multiplication operator mult_65s_65s (size 130) automatically blackboxed.
    Use the "elaborate -bbox_mul" command to prevent automatic blackboxing.
INFO (INL003): Clearing all state information (assumes, stopats, and so forth).
INFO (IPM031): Clearing proof results of all properties.
INFO (IRS006): Current reset condition is "rst_ni".
WARNING (WPM025): Property "ariane.EVENTUAL_ISSUE:precondition1", a related cover of "ariane.EVENTUAL_ISSUE", was not copied to the new task.
WARNING (WPM025): Property "ariane.EXE_IUV:precondition1", a related cover of "ariane.EXE_IUV", was not copied to the new task.
WARNING (WPM025): Property "ariane.IF_ID_CONTRACT:precondition1", a related cover of "ariane.IF_ID_CONTRACT", was not copied to the new task.
WARNING (WPM025): Property "ariane.ISSUE_ONCE:precondition1", a related cover of "ariane.ISSUE_ONCE", was not copied to the new task.
WARNING (WPM025): Property "ariane.ex_stage_i.lsu_i.i_store_unit.store_buffer_i.commit_and_flush:precondition1", a related cover of "ariane.ex_stage_i.lsu_i.i_store_unit.store_buffer_i.commit_and_flush", was not copied to the new task.
WARNING (WPM025): Property "ariane.ex_stage_i.lsu_i.i_store_unit.store_buffer_i.commit_buffer_overflow:precondition1", a related cover of "ariane.ex_stage_i.lsu_i.i_store_unit.store_buffer_i.commit_buffer_overflow", was not copied to the new task.
WARNING (WPM025): Property "ariane.ex_stage_i.lsu_i.i_store_unit.store_buffer_i.speculative_buffer_overflow:precondition1", a related cover of "ariane.ex_stage_i.lsu_i.i_store_unit.store_buffer_i.speculative_buffer_overflow", was not copied to the new task.
WARNING (WPM025): Property "ariane.ex_stage_i.lsu_i.i_store_unit.store_buffer_i.speculative_buffer_underflow:precondition1", a related cover of "ariane.ex_stage_i.lsu_i.i_store_unit.store_buffer_i.speculative_buffer_underflow", was not copied to the new task.
WARNING (WPM025): Property "ariane.issue_stage_i.i_scoreboard._assume_3:precondition1", a related cover of "ariane.issue_stage_i.i_scoreboard._assume_3", was not copied to the new task.
WARNING (WPM025): Property "ariane.issue_stage_i.i_scoreboard._assume_4:precondition1", a related cover of "ariane.issue_stage_i.i_scoreboard._assume_4", was not copied to the new task.
WARNING (WPM025): Property "ariane.issue_stage_i.i_scoreboard._assume_5:precondition1", a related cover of "ariane.issue_stage_i.i_scoreboard._assume_5", was not copied to the new task.
WARNING (WPM025): Property "ariane.issue_stage_i.i_scoreboard.genblk5[0].genblk1[0]._assume_6:precondition1", a related cover of "ariane.issue_stage_i.i_scoreboard.genblk5[0].genblk1[0]._assume_6", was not copied to the new task.
WARNING (WPM025): Property "ariane.issue_stage_i.i_scoreboard.genblk5[0].genblk1[1]._assume_6:precondition1", a related cover of "ariane.issue_stage_i.i_scoreboard.genblk5[0].genblk1[1]._assume_6", was not copied to the new task.
WARNING (WPM025): Property "ariane.issue_stage_i.i_scoreboard.genblk5[0].genblk1[2]._assume_6:precondition1", a related cover of "ariane.issue_stage_i.i_scoreboard.genblk5[0].genblk1[2]._assume_6", was not copied to the new task.
WARNING (WPM025): Property "ariane.issue_stage_i.i_scoreboard.genblk5[0].genblk1[3]._assume_6:precondition1", a related cover of "ariane.issue_stage_i.i_scoreboard.genblk5[0].genblk1[3]._assume_6", was not copied to the new task.
WARNING (WPM025): Property "ariane.issue_stage_i.i_scoreboard.genblk5[1].genblk1[0]._assume_6:precondition1", a related cover of "ariane.issue_stage_i.i_scoreboard.genblk5[1].genblk1[0]._assume_6", was not copied to the new task.
WARNING (WPM025): Property "ariane.issue_stage_i.i_scoreboard.genblk5[1].genblk1[1]._assume_6:precondition1", a related cover of "ariane.issue_stage_i.i_scoreboard.genblk5[1].genblk1[1]._assume_6", was not copied to the new task.
WARNING (WPM025): Property "ariane.issue_stage_i.i_scoreboard.genblk5[1].genblk1[2]._assume_6:precondition1", a related cover of "ariane.issue_stage_i.i_scoreboard.genblk5[1].genblk1[2]._assume_6", was not copied to the new task.
WARNING (WPM025): Property "ariane.issue_stage_i.i_scoreboard.genblk5[1].genblk1[3]._assume_6:precondition1", a related cover of "ariane.issue_stage_i.i_scoreboard.genblk5[1].genblk1[3]._assume_6", was not copied to the new task.
WARNING (WPM025): Property "ariane.issue_stage_i.i_scoreboard.genblk5[2].genblk1[0]._assume_6:precondition1", a related cover of "ariane.issue_stage_i.i_scoreboard.genblk5[2].genblk1[0]._assume_6", was not copied to the new task.
WARNING (WPM025): Property "ariane.issue_stage_i.i_scoreboard.genblk5[2].genblk1[1]._assume_6:precondition1", a related cover of "ariane.issue_stage_i.i_scoreboard.genblk5[2].genblk1[1]._assume_6", was not copied to the new task.
WARNING (WPM025): Property "ariane.issue_stage_i.i_scoreboard.genblk5[2].genblk1[2]._assume_6:precondition1", a related cover of "ariane.issue_stage_i.i_scoreboard.genblk5[2].genblk1[2]._assume_6", was not copied to the new task.
WARNING (WPM025): Property "ariane.issue_stage_i.i_scoreboard.genblk5[2].genblk1[3]._assume_6:precondition1", a related cover of "ariane.issue_stage_i.i_scoreboard.genblk5[2].genblk1[3]._assume_6", was not copied to the new task.
WARNING (WPM025): Property "ariane.issue_stage_i.i_scoreboard.genblk5[3].genblk1[0]._assume_6:precondition1", a related cover of "ariane.issue_stage_i.i_scoreboard.genblk5[3].genblk1[0]._assume_6", was not copied to the new task.
WARNING (WPM025): Property "ariane.issue_stage_i.i_scoreboard.genblk5[3].genblk1[1]._assume_6:precondition1", a related cover of "ariane.issue_stage_i.i_scoreboard.genblk5[3].genblk1[1]._assume_6", was not copied to the new task.
WARNING (WPM025): Property "ariane.issue_stage_i.i_scoreboard.genblk5[3].genblk1[2]._assume_6:precondition1", a related cover of "ariane.issue_stage_i.i_scoreboard.genblk5[3].genblk1[2]._assume_6", was not copied to the new task.
WARNING (WPM025): Property "ariane.issue_stage_i.i_scoreboard.genblk5[3].genblk1[3]._assume_6:precondition1", a related cover of "ariane.issue_stage_i.i_scoreboard.genblk5[3].genblk1[3]._assume_6", was not copied to the new task.
WARNING (WPM025): Property "ariane.pc0_i0_assoc_1:precondition1", a related cover of "ariane.pc0_i0_assoc_1", was not copied to the new task.
WARNING (WPM025): Property "ariane.pc0_i0_assoc_2:precondition1", a related cover of "ariane.pc0_i0_assoc_2", was not copied to the new task.
=========CUSTOMTCL=========
ex_stage_i.i_mult.i_div.pc_q ex_stage_i.i_mult.i_div.pc_q, 
flop flop
--------------------------------
INFO (IGPH001): 20:50:31 Creating Graph (10% completed).
INFO (IGPH001): 20:50:31 Creating Graph (20% completed).
INFO (IGPH001): 20:50:31 Creating Graph (30% completed).
INFO (IGPH001): 20:50:31 Creating Graph (40% completed).
INFO (IGPH001): 20:50:31 Creating Graph (50% completed).
INFO (IGPH001): 20:50:31 Creating Graph (60% completed).
INFO (IGPH001): 20:50:31 Creating Graph (70% completed).
INFO (IGPH001): 20:50:31 Creating Graph (80% completed).
INFO (IGPH001): 20:50:31 Creating Graph (90% completed).
INFO (IGPH001): 20:50:31 Creating Graph (100% completed).
WARNING (WGPH001): No path between "ex_stage_i.i_mult.i_div.pc_q" and "id_stage_i.issue_q.sbe.pc" exists.
ex_stage_i.i_mult.i_div.pc_q id_stage_i.issue_q.sbe.pc, 
flop flop
--------------------------------
INFO (IGPH001): 20:50:31 Creating Graph (10% completed).
INFO (IGPH001): 20:50:31 Creating Graph (20% completed).
INFO (IGPH001): 20:50:31 Creating Graph (30% completed).
INFO (IGPH001): 20:50:31 Creating Graph (40% completed).
INFO (IGPH001): 20:50:31 Creating Graph (50% completed).
INFO (IGPH001): 20:50:31 Creating Graph (60% completed).
INFO (IGPH001): 20:50:31 Creating Graph (70% completed).
INFO (IGPH001): 20:50:31 Creating Graph (80% completed).
INFO (IGPH001): 20:50:32 Creating Graph (90% completed).
INFO (IGPH001): 20:50:32 Creating Graph (100% completed).
WARNING (WGPH001): No path between "ex_stage_i.i_mult.i_div.pc_q" and "issue_stage_i.i_issue_read_operands.pc_o" exists.
ex_stage_i.i_mult.i_div.pc_q issue_stage_i.i_issue_read_operands.pc_o, 
flop flop
--------------------------------
INFO (IGPH001): 20:50:32 Creating Graph (10% completed).
INFO (IGPH001): 20:50:32 Creating Graph (20% completed).
INFO (IGPH001): 20:50:32 Creating Graph (30% completed).
INFO (IGPH001): 20:50:32 Creating Graph (40% completed).
INFO (IGPH001): 20:50:32 Creating Graph (50% completed).
INFO (IGPH001): 20:50:32 Creating Graph (60% completed).
INFO (IGPH001): 20:50:32 Creating Graph (70% completed).
INFO (IGPH001): 20:50:32 Creating Graph (80% completed).
INFO (IGPH001): 20:50:33 Creating Graph (90% completed).
INFO (IGPH001): 20:50:33 Creating Graph (100% completed).
WARNING (WGPH001): No path between "ex_stage_i.i_mult.i_div.pc_q" and "ex_stage_i.lsu_i.lsu_bypass_i.mem_q[0].pc" exists.
ex_stage_i.i_mult.i_div.pc_q ex_stage_i.lsu_i.lsu_bypass_i.mem_q[0].pc, 
flop flop
--------------------------------
INFO (IGPH001): 20:50:33 Creating Graph (10% completed).
INFO (IGPH001): 20:50:33 Creating Graph (20% completed).
INFO (IGPH001): 20:50:33 Creating Graph (30% completed).
INFO (IGPH001): 20:50:33 Creating Graph (40% completed).
INFO (IGPH001): 20:50:33 Creating Graph (50% completed).
INFO (IGPH001): 20:50:33 Creating Graph (60% completed).
INFO (IGPH001): 20:50:33 Creating Graph (70% completed).
INFO (IGPH001): 20:50:33 Creating Graph (80% completed).
INFO (IGPH001): 20:50:34 Creating Graph (90% completed).
INFO (IGPH001): 20:50:34 Creating Graph (100% completed).
WARNING (WGPH001): No path between "ex_stage_i.i_mult.i_div.pc_q" and "ex_stage_i.lsu_i.lsu_bypass_i.mem_q[1].pc" exists.
ex_stage_i.i_mult.i_div.pc_q ex_stage_i.lsu_i.lsu_bypass_i.mem_q[1].pc, 
flop flop
--------------------------------
INFO (IGPH001): 20:50:34 Creating Graph (10% completed).
INFO (IGPH001): 20:50:34 Creating Graph (20% completed).
INFO (IGPH001): 20:50:34 Creating Graph (30% completed).
INFO (IGPH001): 20:50:34 Creating Graph (40% completed).
INFO (IGPH001): 20:50:34 Creating Graph (50% completed).
INFO (IGPH001): 20:50:34 Creating Graph (60% completed).
INFO (IGPH001): 20:50:34 Creating Graph (70% completed).
INFO (IGPH001): 20:50:34 Creating Graph (80% completed).
INFO (IGPH001): 20:50:34 Creating Graph (90% completed).
INFO (IGPH001): 20:50:34 Creating Graph (100% completed).
WARNING (WGPH001): No path between "ex_stage_i.i_mult.i_div.pc_q" and "issue_stage_i.i_scoreboard.mem_q[0].sbe.pc" exists.
ex_stage_i.i_mult.i_div.pc_q issue_stage_i.i_scoreboard.mem_q[0].sbe.pc, 
flop flop
--------------------------------
INFO (IGPH001): 20:50:34 Creating Graph (10% completed).
INFO (IGPH001): 20:50:34 Creating Graph (20% completed).
INFO (IGPH001): 20:50:34 Creating Graph (30% completed).
INFO (IGPH001): 20:50:34 Creating Graph (40% completed).
INFO (IGPH001): 20:50:34 Creating Graph (50% completed).
INFO (IGPH001): 20:50:34 Creating Graph (60% completed).
INFO (IGPH001): 20:50:34 Creating Graph (70% completed).
INFO (IGPH001): 20:50:34 Creating Graph (80% completed).
INFO (IGPH001): 20:50:35 Creating Graph (90% completed).
INFO (IGPH001): 20:50:35 Creating Graph (100% completed).
WARNING (WGPH001): No path between "ex_stage_i.i_mult.i_div.pc_q" and "issue_stage_i.i_scoreboard.mem_q[1].sbe.pc" exists.
ex_stage_i.i_mult.i_div.pc_q issue_stage_i.i_scoreboard.mem_q[1].sbe.pc, 
flop flop
--------------------------------
INFO (IGPH001): 20:50:35 Creating Graph (10% completed).
INFO (IGPH001): 20:50:35 Creating Graph (20% completed).
INFO (IGPH001): 20:50:35 Creating Graph (30% completed).
INFO (IGPH001): 20:50:35 Creating Graph (40% completed).
INFO (IGPH001): 20:50:35 Creating Graph (50% completed).
INFO (IGPH001): 20:50:35 Creating Graph (60% completed).
INFO (IGPH001): 20:50:35 Creating Graph (70% completed).
INFO (IGPH001): 20:50:35 Creating Graph (80% completed).
INFO (IGPH001): 20:50:36 Creating Graph (90% completed).
INFO (IGPH001): 20:50:36 Creating Graph (100% completed).
WARNING (WGPH001): No path between "ex_stage_i.i_mult.i_div.pc_q" and "issue_stage_i.i_scoreboard.mem_q[2].sbe.pc" exists.
ex_stage_i.i_mult.i_div.pc_q issue_stage_i.i_scoreboard.mem_q[2].sbe.pc, 
flop flop
--------------------------------
INFO (IGPH001): 20:50:36 Creating Graph (10% completed).
INFO (IGPH001): 20:50:36 Creating Graph (20% completed).
INFO (IGPH001): 20:50:36 Creating Graph (30% completed).
INFO (IGPH001): 20:50:36 Creating Graph (40% completed).
INFO (IGPH001): 20:50:36 Creating Graph (50% completed).
INFO (IGPH001): 20:50:36 Creating Graph (60% completed).
INFO (IGPH001): 20:50:36 Creating Graph (70% completed).
INFO (IGPH001): 20:50:36 Creating Graph (80% completed).
INFO (IGPH001): 20:50:37 Creating Graph (90% completed).
INFO (IGPH001): 20:50:37 Creating Graph (100% completed).
WARNING (WGPH001): No path between "ex_stage_i.i_mult.i_div.pc_q" and "issue_stage_i.i_scoreboard.mem_q[3].sbe.pc" exists.
ex_stage_i.i_mult.i_div.pc_q issue_stage_i.i_scoreboard.mem_q[3].sbe.pc, 
flop flop
--------------------------------
INFO (IGPH001): 20:50:37 Creating Graph (10% completed).
INFO (IGPH001): 20:50:37 Creating Graph (20% completed).
INFO (IGPH001): 20:50:37 Creating Graph (30% completed).
INFO (IGPH001): 20:50:37 Creating Graph (40% completed).
INFO (IGPH001): 20:50:37 Creating Graph (50% completed).
INFO (IGPH001): 20:50:37 Creating Graph (60% completed).
INFO (IGPH001): 20:50:37 Creating Graph (70% completed).
INFO (IGPH001): 20:50:37 Creating Graph (80% completed).
INFO (IGPH001): 20:50:37 Creating Graph (90% completed).
INFO (IGPH001): 20:50:37 Creating Graph (100% completed).
WARNING (WGPH001): No path between "ex_stage_i.i_mult.i_div.pc_q" and "ex_stage_i.lsu_i.i_store_unit.store_buffer_i.commit_queue_q[0].pc" exists.
ex_stage_i.i_mult.i_div.pc_q ex_stage_i.lsu_i.i_store_unit.store_buffer_i.commit_queue_q[0].pc, 
flop flop
--------------------------------
INFO (IGPH001): 20:50:38 Creating Graph (10% completed).
INFO (IGPH001): 20:50:38 Creating Graph (20% completed).
INFO (IGPH001): 20:50:38 Creating Graph (30% completed).
INFO (IGPH001): 20:50:38 Creating Graph (40% completed).
INFO (IGPH001): 20:50:38 Creating Graph (50% completed).
INFO (IGPH001): 20:50:38 Creating Graph (60% completed).
INFO (IGPH001): 20:50:38 Creating Graph (70% completed).
INFO (IGPH001): 20:50:38 Creating Graph (80% completed).
INFO (IGPH001): 20:50:38 Creating Graph (90% completed).
INFO (IGPH001): 20:50:38 Creating Graph (100% completed).
WARNING (WGPH001): No path between "ex_stage_i.i_mult.i_div.pc_q" and "ex_stage_i.lsu_i.i_store_unit.store_buffer_i.commit_queue_q[1].pc" exists.
ex_stage_i.i_mult.i_div.pc_q ex_stage_i.lsu_i.i_store_unit.store_buffer_i.commit_queue_q[1].pc, 
flop flop
--------------------------------
INFO (IGPH001): 20:50:39 Creating Graph (10% completed).
INFO (IGPH001): 20:50:39 Creating Graph (20% completed).
INFO (IGPH001): 20:50:39 Creating Graph (30% completed).
INFO (IGPH001): 20:50:39 Creating Graph (40% completed).
INFO (IGPH001): 20:50:39 Creating Graph (50% completed).
INFO (IGPH001): 20:50:39 Creating Graph (60% completed).
INFO (IGPH001): 20:50:39 Creating Graph (70% completed).
INFO (IGPH001): 20:50:39 Creating Graph (80% completed).
INFO (IGPH001): 20:50:39 Creating Graph (90% completed).
INFO (IGPH001): 20:50:39 Creating Graph (100% completed).
WARNING (WGPH001): No path between "ex_stage_i.i_mult.i_div.pc_q" and "ex_stage_i.lsu_i.i_store_unit.store_buffer_i.speculative_queue_q[0].pc" exists.
ex_stage_i.i_mult.i_div.pc_q ex_stage_i.lsu_i.i_store_unit.store_buffer_i.speculative_queue_q[0].pc, 
flop flop
--------------------------------
INFO (IGPH001): 20:50:39 Creating Graph (10% completed).
INFO (IGPH001): 20:50:39 Creating Graph (20% completed).
INFO (IGPH001): 20:50:39 Creating Graph (30% completed).
INFO (IGPH001): 20:50:39 Creating Graph (40% completed).
INFO (IGPH001): 20:50:39 Creating Graph (50% completed).
INFO (IGPH001): 20:50:39 Creating Graph (60% completed).
INFO (IGPH001): 20:50:39 Creating Graph (70% completed).
INFO (IGPH001): 20:50:39 Creating Graph (80% completed).
INFO (IGPH001): 20:50:40 Creating Graph (90% completed).
INFO (IGPH001): 20:50:40 Creating Graph (100% completed).
WARNING (WGPH001): No path between "ex_stage_i.i_mult.i_div.pc_q" and "ex_stage_i.lsu_i.i_store_unit.store_buffer_i.speculative_queue_q[1].pc" exists.
ex_stage_i.i_mult.i_div.pc_q ex_stage_i.lsu_i.i_store_unit.store_buffer_i.speculative_queue_q[1].pc, 
flop flop
--------------------------------
INFO (IGPH001): 20:50:40 Creating Graph (10% completed).
INFO (IGPH001): 20:50:40 Creating Graph (20% completed).
INFO (IGPH001): 20:50:40 Creating Graph (30% completed).
INFO (IGPH001): 20:50:40 Creating Graph (40% completed).
INFO (IGPH001): 20:50:40 Creating Graph (50% completed).
INFO (IGPH001): 20:50:40 Creating Graph (60% completed).
INFO (IGPH001): 20:50:40 Creating Graph (70% completed).
INFO (IGPH001): 20:50:40 Creating Graph (80% completed).
INFO (IGPH001): 20:50:41 Creating Graph (90% completed).
INFO (IGPH001): 20:50:41 Creating Graph (100% completed).
WARNING (WGPH001): No path between "ex_stage_i.i_mult.i_div.pc_q" and "ex_stage_i.lsu_i.i_load_unit.load_data_q.ld_pc" exists.
ex_stage_i.i_mult.i_div.pc_q ex_stage_i.lsu_i.i_load_unit.load_data_q.ld_pc, 
flop flop
--------------------------------
INFO (IGPH001): 20:50:41 Creating Graph (10% completed).
INFO (IGPH001): 20:50:41 Creating Graph (20% completed).
INFO (IGPH001): 20:50:41 Creating Graph (30% completed).
INFO (IGPH001): 20:50:41 Creating Graph (40% completed).
INFO (IGPH001): 20:50:41 Creating Graph (50% completed).
INFO (IGPH001): 20:50:41 Creating Graph (60% completed).
INFO (IGPH001): 20:50:41 Creating Graph (70% completed).
INFO (IGPH001): 20:50:41 Creating Graph (80% completed).
INFO (IGPH001): 20:50:42 Creating Graph (90% completed).
INFO (IGPH001): 20:50:42 Creating Graph (100% completed).
WARNING (WGPH001): No path between "ex_stage_i.i_mult.i_div.pc_q" and "ex_stage_i.lsu_i.i_store_unit.st_pc_q" exists.
ex_stage_i.i_mult.i_div.pc_q ex_stage_i.lsu_i.i_store_unit.st_pc_q, 
flop flop
--------------------------------
INFO (IGPH001): 20:50:42 Creating Graph (10% completed).
INFO (IGPH001): 20:50:42 Creating Graph (20% completed).
INFO (IGPH001): 20:50:42 Creating Graph (30% completed).
INFO (IGPH001): 20:50:42 Creating Graph (40% completed).
INFO (IGPH001): 20:50:42 Creating Graph (50% completed).
INFO (IGPH001): 20:50:42 Creating Graph (60% completed).
INFO (IGPH001): 20:50:42 Creating Graph (70% completed).
INFO (IGPH001): 20:50:42 Creating Graph (80% completed).
INFO (IGPH001): 20:50:43 Creating Graph (90% completed).
INFO (IGPH001): 20:50:43 Creating Graph (100% completed).
WARNING (WGPH001): No path between "ex_stage_i.i_mult.i_div.pc_q" and "ex_stage_i.lsu_i.load_pc_o" exists.
ex_stage_i.i_mult.i_div.pc_q ex_stage_i.lsu_i.load_pc_o, 
flop wire
--------------------------------
INFO (IGPH001): 20:50:43 Creating Graph (10% completed).
INFO (IGPH001): 20:50:43 Creating Graph (20% completed).
INFO (IGPH001): 20:50:43 Creating Graph (30% completed).
INFO (IGPH001): 20:50:43 Creating Graph (40% completed).
INFO (IGPH001): 20:50:43 Creating Graph (50% completed).
INFO (IGPH001): 20:50:43 Creating Graph (60% completed).
INFO (IGPH001): 20:50:43 Creating Graph (70% completed).
INFO (IGPH001): 20:50:43 Creating Graph (80% completed).
INFO (IGPH001): 20:50:44 Creating Graph (90% completed).
INFO (IGPH001): 20:50:44 Creating Graph (100% completed).
WARNING (WGPH001): No path between "ex_stage_i.i_mult.i_div.pc_q" and "ex_stage_i.csr_buffer_i.csr_reg_q.pc" exists.
ex_stage_i.i_mult.i_div.pc_q ex_stage_i.csr_buffer_i.csr_reg_q.pc, 
flop flop
--------------------------------
INFO (IGPH001): 20:50:44 Creating Graph (10% completed).
INFO (IGPH001): 20:50:44 Creating Graph (20% completed).
INFO (IGPH001): 20:50:44 Creating Graph (30% completed).
INFO (IGPH001): 20:50:44 Creating Graph (40% completed).
INFO (IGPH001): 20:50:44 Creating Graph (50% completed).
INFO (IGPH001): 20:50:44 Creating Graph (60% completed).
INFO (IGPH001): 20:50:44 Creating Graph (70% completed).
INFO (IGPH001): 20:50:44 Creating Graph (80% completed).
INFO (IGPH001): 20:50:45 Creating Graph (90% completed).
INFO (IGPH001): 20:50:45 Creating Graph (100% completed).
WARNING (WGPH001): No path between "ex_stage_i.i_mult.i_div.pc_q" and "ex_stage_i.i_mult.i_multiplier.pc_q" exists.
ex_stage_i.i_mult.i_div.pc_q ex_stage_i.i_mult.i_multiplier.pc_q, 
flop flop
--------------------------------
INFO (IGPH001): 20:50:45 Creating Graph (20% completed).
INFO (IGPH001): 20:50:45 Creating Graph (30% completed).
INFO (IGPH001): 20:50:45 Creating Graph (40% completed).
INFO (IGPH001): 20:50:45 Creating Graph (50% completed).
INFO (IGPH001): 20:50:45 Creating Graph (60% completed).
INFO (IGPH001): 20:50:45 Creating Graph (70% completed).
INFO (IGPH001): 20:50:45 Creating Graph (80% completed).
INFO (IGPH001): 20:50:46 Creating Graph (90% completed).
INFO (IGPH001): 20:50:46 Creating Graph (100% completed).
WARNING (WGPH001): No path between "ex_stage_i.i_mult.i_div.pc_q" and "ex_stage_i.lsu_i.i_load_unit.lsu_ctrl_i.pc" exists.
ex_stage_i.i_mult.i_div.pc_q ex_stage_i.lsu_i.i_load_unit.lsu_ctrl_i.pc, 
flop wire
--------------------------------
INFO (IGPH001): 20:50:46 Creating Graph (10% completed).
INFO (IGPH001): 20:50:46 Creating Graph (20% completed).
INFO (IGPH001): 20:50:46 Creating Graph (30% completed).
INFO (IGPH001): 20:50:46 Creating Graph (40% completed).
INFO (IGPH001): 20:50:46 Creating Graph (50% completed).
INFO (IGPH001): 20:50:46 Creating Graph (60% completed).
INFO (IGPH001): 20:50:46 Creating Graph (70% completed).
INFO (IGPH001): 20:50:46 Creating Graph (80% completed).
INFO (IGPH001): 20:50:46 Creating Graph (90% completed).
INFO (IGPH001): 20:50:46 Creating Graph (100% completed).
WARNING (WGPH001): No path between "ex_stage_i.i_mult.i_div.pc_q" and "ex_stage_i.lsu_i.i_ord_sram.pc_i" exists.
ex_stage_i.i_mult.i_div.pc_q ex_stage_i.lsu_i.i_ord_sram.pc_i, 
flop wire
--------------------------------
INFO (IGPH001): 20:50:47 Creating Graph (10% completed).
INFO (IGPH001): 20:50:47 Creating Graph (20% completed).
INFO (IGPH001): 20:50:47 Creating Graph (30% completed).
INFO (IGPH001): 20:50:47 Creating Graph (40% completed).
INFO (IGPH001): 20:50:47 Creating Graph (50% completed).
INFO (IGPH001): 20:50:47 Creating Graph (60% completed).
INFO (IGPH001): 20:50:47 Creating Graph (70% completed).
INFO (IGPH001): 20:50:47 Creating Graph (80% completed).
INFO (IGPH001): 20:50:47 Creating Graph (90% completed).
INFO (IGPH001): 20:50:47 Creating Graph (100% completed).
id_stage_i.issue_q.sbe.pc ex_stage_i.i_mult.i_div.pc_q, {id_stage_i.issue_q.sbe.pc[12]} {issue_stage_i.i_issue_read_operands.pc_o[12]} {ex_stage_i.i_mult.i_div.pc_q[12]}
flop flop
--------------------------------
INFO (IGPH001): 20:50:47 Creating Graph (10% completed).
INFO (IGPH001): 20:50:47 Creating Graph (20% completed).
INFO (IGPH001): 20:50:47 Creating Graph (30% completed).
INFO (IGPH001): 20:50:47 Creating Graph (40% completed).
INFO (IGPH001): 20:50:47 Creating Graph (50% completed).
INFO (IGPH001): 20:50:47 Creating Graph (60% completed).
INFO (IGPH001): 20:50:47 Creating Graph (70% completed).
INFO (IGPH001): 20:50:47 Creating Graph (80% completed).
INFO (IGPH001): 20:50:48 Creating Graph (90% completed).
INFO (IGPH001): 20:50:48 Creating Graph (100% completed).
id_stage_i.issue_q.sbe.pc issue_stage_i.i_issue_read_operands.pc_o, {id_stage_i.issue_q.sbe.pc[12]} {issue_stage_i.i_issue_read_operands.pc_o[12]}
flop flop
ADD id_stage_i.issue_q.sbe.pc issue_stage_i.i_issue_read_operands.pc_o
--------------------------------
INFO (IGPH001): 20:50:48 Creating Graph (10% completed).
INFO (IGPH001): 20:50:48 Creating Graph (20% completed).
INFO (IGPH001): 20:50:48 Creating Graph (30% completed).
INFO (IGPH001): 20:50:48 Creating Graph (40% completed).
INFO (IGPH001): 20:50:48 Creating Graph (50% completed).
INFO (IGPH001): 20:50:48 Creating Graph (60% completed).
INFO (IGPH001): 20:50:48 Creating Graph (70% completed).
INFO (IGPH001): 20:50:48 Creating Graph (80% completed).
INFO (IGPH001): 20:50:49 Creating Graph (90% completed).
INFO (IGPH001): 20:50:49 Creating Graph (100% completed).
id_stage_i.issue_q.sbe.pc ex_stage_i.lsu_i.lsu_bypass_i.mem_q[0].pc, {id_stage_i.issue_q.sbe.pc[12]} {issue_stage_i.i_issue_read_operands.pc_o[12]} {ex_stage_i.lsu_i.lsu_bypass_i.mem_q[0].pc[12]}
flop flop
--------------------------------
INFO (IGPH001): 20:50:49 Creating Graph (10% completed).
INFO (IGPH001): 20:50:49 Creating Graph (20% completed).
INFO (IGPH001): 20:50:49 Creating Graph (30% completed).
INFO (IGPH001): 20:50:49 Creating Graph (40% completed).
INFO (IGPH001): 20:50:49 Creating Graph (50% completed).
INFO (IGPH001): 20:50:49 Creating Graph (60% completed).
INFO (IGPH001): 20:50:49 Creating Graph (70% completed).
INFO (IGPH001): 20:50:49 Creating Graph (80% completed).
INFO (IGPH001): 20:50:50 Creating Graph (90% completed).
INFO (IGPH001): 20:50:50 Creating Graph (100% completed).
id_stage_i.issue_q.sbe.pc ex_stage_i.lsu_i.lsu_bypass_i.mem_q[1].pc, {id_stage_i.issue_q.sbe.pc[12]} {issue_stage_i.i_issue_read_operands.pc_o[12]} {ex_stage_i.lsu_i.lsu_bypass_i.mem_q[1].pc[12]}
flop flop
--------------------------------
INFO (IGPH001): 20:50:50 Creating Graph (10% completed).
INFO (IGPH001): 20:50:50 Creating Graph (20% completed).
INFO (IGPH001): 20:50:50 Creating Graph (30% completed).
INFO (IGPH001): 20:50:50 Creating Graph (40% completed).
INFO (IGPH001): 20:50:50 Creating Graph (50% completed).
INFO (IGPH001): 20:50:50 Creating Graph (60% completed).
INFO (IGPH001): 20:50:50 Creating Graph (70% completed).
INFO (IGPH001): 20:50:50 Creating Graph (80% completed).
INFO (IGPH001): 20:50:50 Creating Graph (90% completed).
INFO (IGPH001): 20:50:50 Creating Graph (100% completed).
id_stage_i.issue_q.sbe.pc issue_stage_i.i_scoreboard.mem_q[0].sbe.pc, {id_stage_i.issue_q.sbe.pc[25]} {issue_stage_i.i_scoreboard.mem_q[0].sbe.pc[25]}
flop flop
ADD id_stage_i.issue_q.sbe.pc issue_stage_i.i_scoreboard.mem_q[0].sbe.pc
--------------------------------
INFO (IGPH001): 20:50:51 Creating Graph (10% completed).
INFO (IGPH001): 20:50:51 Creating Graph (20% completed).
INFO (IGPH001): 20:50:51 Creating Graph (30% completed).
INFO (IGPH001): 20:50:51 Creating Graph (40% completed).
INFO (IGPH001): 20:50:51 Creating Graph (50% completed).
INFO (IGPH001): 20:50:51 Creating Graph (60% completed).
INFO (IGPH001): 20:50:51 Creating Graph (70% completed).
INFO (IGPH001): 20:50:51 Creating Graph (80% completed).
INFO (IGPH001): 20:50:51 Creating Graph (90% completed).
INFO (IGPH001): 20:50:51 Creating Graph (100% completed).
id_stage_i.issue_q.sbe.pc issue_stage_i.i_scoreboard.mem_q[1].sbe.pc, {id_stage_i.issue_q.sbe.pc[63]} {issue_stage_i.i_scoreboard.mem_q[1].sbe.pc[63]}
flop flop
ADD id_stage_i.issue_q.sbe.pc issue_stage_i.i_scoreboard.mem_q[1].sbe.pc
--------------------------------
INFO (IGPH001): 20:50:51 Creating Graph (10% completed).
INFO (IGPH001): 20:50:51 Creating Graph (20% completed).
INFO (IGPH001): 20:50:51 Creating Graph (30% completed).
INFO (IGPH001): 20:50:51 Creating Graph (40% completed).
INFO (IGPH001): 20:50:51 Creating Graph (50% completed).
INFO (IGPH001): 20:50:51 Creating Graph (60% completed).
INFO (IGPH001): 20:50:51 Creating Graph (70% completed).
INFO (IGPH001): 20:50:51 Creating Graph (80% completed).
INFO (IGPH001): 20:50:52 Creating Graph (90% completed).
INFO (IGPH001): 20:50:52 Creating Graph (100% completed).
id_stage_i.issue_q.sbe.pc issue_stage_i.i_scoreboard.mem_q[2].sbe.pc, {id_stage_i.issue_q.sbe.pc[12]} {issue_stage_i.i_scoreboard.mem_q[2].sbe.pc[12]}
flop flop
ADD id_stage_i.issue_q.sbe.pc issue_stage_i.i_scoreboard.mem_q[2].sbe.pc
--------------------------------
INFO (IGPH001): 20:50:52 Creating Graph (10% completed).
INFO (IGPH001): 20:50:52 Creating Graph (20% completed).
INFO (IGPH001): 20:50:52 Creating Graph (30% completed).
INFO (IGPH001): 20:50:52 Creating Graph (40% completed).
INFO (IGPH001): 20:50:52 Creating Graph (50% completed).
INFO (IGPH001): 20:50:52 Creating Graph (60% completed).
INFO (IGPH001): 20:50:52 Creating Graph (70% completed).
INFO (IGPH001): 20:50:52 Creating Graph (80% completed).
INFO (IGPH001): 20:50:53 Creating Graph (90% completed).
INFO (IGPH001): 20:50:53 Creating Graph (100% completed).
id_stage_i.issue_q.sbe.pc issue_stage_i.i_scoreboard.mem_q[3].sbe.pc, {id_stage_i.issue_q.sbe.pc[25]} {issue_stage_i.i_scoreboard.mem_q[3].sbe.pc[25]}
flop flop
ADD id_stage_i.issue_q.sbe.pc issue_stage_i.i_scoreboard.mem_q[3].sbe.pc
--------------------------------
INFO (IGPH001): 20:50:53 Creating Graph (10% completed).
INFO (IGPH001): 20:50:53 Creating Graph (20% completed).
INFO (IGPH001): 20:50:53 Creating Graph (30% completed).
INFO (IGPH001): 20:50:53 Creating Graph (40% completed).
INFO (IGPH001): 20:50:53 Creating Graph (50% completed).
INFO (IGPH001): 20:50:53 Creating Graph (60% completed).
INFO (IGPH001): 20:50:53 Creating Graph (70% completed).
INFO (IGPH001): 20:50:53 Creating Graph (80% completed).
INFO (IGPH001): 20:50:54 Creating Graph (90% completed).
INFO (IGPH001): 20:50:54 Creating Graph (100% completed).
id_stage_i.issue_q.sbe.pc ex_stage_i.lsu_i.i_store_unit.store_buffer_i.commit_queue_q[0].pc, {id_stage_i.issue_q.sbe.pc[31]} {issue_stage_i.i_issue_read_operands.operand_a_q[31]} {issue_stage_i.i_scoreboard.mem_q[0].sbe.valid} {ex_stage_i.lsu_i.i_store_unit.store_buffer_i.commit_queue_q[0].pc[63]}
flop flop
--------------------------------
INFO (IGPH001): 20:50:54 Creating Graph (10% completed).
INFO (IGPH001): 20:50:54 Creating Graph (20% completed).
INFO (IGPH001): 20:50:54 Creating Graph (30% completed).
INFO (IGPH001): 20:50:54 Creating Graph (40% completed).
INFO (IGPH001): 20:50:54 Creating Graph (50% completed).
INFO (IGPH001): 20:50:54 Creating Graph (60% completed).
INFO (IGPH001): 20:50:54 Creating Graph (70% completed).
INFO (IGPH001): 20:50:54 Creating Graph (80% completed).
INFO (IGPH001): 20:50:55 Creating Graph (90% completed).
INFO (IGPH001): 20:50:55 Creating Graph (100% completed).
id_stage_i.issue_q.sbe.pc ex_stage_i.lsu_i.i_store_unit.store_buffer_i.commit_queue_q[1].pc, {id_stage_i.issue_q.sbe.pc[31]} {issue_stage_i.i_issue_read_operands.operand_a_q[31]} {issue_stage_i.i_scoreboard.mem_q[0].sbe.valid} {ex_stage_i.lsu_i.i_store_unit.store_buffer_i.commit_queue_q[1].pc[63]}
flop flop
--------------------------------
INFO (IGPH001): 20:50:55 Creating Graph (10% completed).
INFO (IGPH001): 20:50:55 Creating Graph (20% completed).
INFO (IGPH001): 20:50:55 Creating Graph (30% completed).
INFO (IGPH001): 20:50:55 Creating Graph (40% completed).
INFO (IGPH001): 20:50:55 Creating Graph (50% completed).
INFO (IGPH001): 20:50:55 Creating Graph (60% completed).
INFO (IGPH001): 20:50:55 Creating Graph (70% completed).
INFO (IGPH001): 20:50:55 Creating Graph (80% completed).
INFO (IGPH001): 20:50:56 Creating Graph (90% completed).
INFO (IGPH001): 20:50:56 Creating Graph (100% completed).
id_stage_i.issue_q.sbe.pc ex_stage_i.lsu_i.i_store_unit.store_buffer_i.speculative_queue_q[0].pc, {id_stage_i.issue_q.sbe.pc[26]} {issue_stage_i.i_issue_read_operands.pc_o[26]} {ex_stage_i.lsu_i.i_store_unit.st_pc_q[26]} {ex_stage_i.lsu_i.i_store_unit.store_buffer_i.speculative_queue_q[0].pc[26]}
flop flop
--------------------------------
INFO (IGPH001): 20:50:56 Creating Graph (10% completed).
INFO (IGPH001): 20:50:56 Creating Graph (20% completed).
INFO (IGPH001): 20:50:56 Creating Graph (30% completed).
INFO (IGPH001): 20:50:56 Creating Graph (40% completed).
INFO (IGPH001): 20:50:56 Creating Graph (50% completed).
INFO (IGPH001): 20:50:56 Creating Graph (60% completed).
INFO (IGPH001): 20:50:56 Creating Graph (70% completed).
INFO (IGPH001): 20:50:56 Creating Graph (80% completed).
INFO (IGPH001): 20:50:56 Creating Graph (90% completed).
INFO (IGPH001): 20:50:56 Creating Graph (100% completed).
id_stage_i.issue_q.sbe.pc ex_stage_i.lsu_i.i_store_unit.store_buffer_i.speculative_queue_q[1].pc, {id_stage_i.issue_q.sbe.pc[26]} {issue_stage_i.i_issue_read_operands.pc_o[26]} {ex_stage_i.lsu_i.i_store_unit.st_pc_q[26]} {ex_stage_i.lsu_i.i_store_unit.store_buffer_i.speculative_queue_q[1].pc[26]}
flop flop
--------------------------------
INFO (IGPH001): 20:50:57 Creating Graph (10% completed).
INFO (IGPH001): 20:50:57 Creating Graph (20% completed).
INFO (IGPH001): 20:50:57 Creating Graph (30% completed).
INFO (IGPH001): 20:50:57 Creating Graph (40% completed).
INFO (IGPH001): 20:50:57 Creating Graph (50% completed).
INFO (IGPH001): 20:50:57 Creating Graph (60% completed).
INFO (IGPH001): 20:50:57 Creating Graph (70% completed).
INFO (IGPH001): 20:50:57 Creating Graph (80% completed).
INFO (IGPH001): 20:50:57 Creating Graph (90% completed).
INFO (IGPH001): 20:50:57 Creating Graph (100% completed).
id_stage_i.issue_q.sbe.pc ex_stage_i.lsu_i.i_load_unit.load_data_q.ld_pc, {id_stage_i.issue_q.sbe.pc[12]} {issue_stage_i.i_issue_read_operands.pc_o[12]} {ex_stage_i.lsu_i.i_load_unit.load_data_q.ld_pc[12]}
flop flop
--------------------------------
INFO (IGPH001): 20:50:57 Creating Graph (10% completed).
INFO (IGPH001): 20:50:57 Creating Graph (20% completed).
INFO (IGPH001): 20:50:57 Creating Graph (30% completed).
INFO (IGPH001): 20:50:57 Creating Graph (40% completed).
INFO (IGPH001): 20:50:57 Creating Graph (50% completed).
INFO (IGPH001): 20:50:57 Creating Graph (60% completed).
INFO (IGPH001): 20:50:57 Creating Graph (70% completed).
INFO (IGPH001): 20:50:57 Creating Graph (80% completed).
INFO (IGPH001): 20:50:58 Creating Graph (90% completed).
INFO (IGPH001): 20:50:58 Creating Graph (100% completed).
id_stage_i.issue_q.sbe.pc ex_stage_i.lsu_i.i_store_unit.st_pc_q, {id_stage_i.issue_q.sbe.pc[12]} {issue_stage_i.i_issue_read_operands.pc_o[12]} {ex_stage_i.lsu_i.i_store_unit.st_pc_q[12]}
flop flop
--------------------------------
INFO (IGPH001): 20:50:58 Creating Graph (10% completed).
INFO (IGPH001): 20:50:58 Creating Graph (20% completed).
INFO (IGPH001): 20:50:58 Creating Graph (30% completed).
INFO (IGPH001): 20:50:58 Creating Graph (40% completed).
INFO (IGPH001): 20:50:58 Creating Graph (50% completed).
INFO (IGPH001): 20:50:58 Creating Graph (60% completed).
INFO (IGPH001): 20:50:58 Creating Graph (70% completed).
INFO (IGPH001): 20:50:58 Creating Graph (80% completed).
INFO (IGPH001): 20:50:59 Creating Graph (90% completed).
INFO (IGPH001): 20:50:59 Creating Graph (100% completed).
id_stage_i.issue_q.sbe.pc ex_stage_i.lsu_i.load_pc_o, {id_stage_i.issue_q.sbe.pc[0]} {issue_stage_i.i_issue_read_operands.operand_a_q[0]} {ex_stage_i.lsu_i.i_load_unit.load_data_q.ld_pc[59]} {ex_stage_i.lsu_i.i_pipe_reg_load.d_o[59]} {ex_stage_i.lsu_i.load_pc_o[59]}
flop wire
--------------------------------
INFO (IGPH001): 20:50:59 Creating Graph (10% completed).
INFO (IGPH001): 20:50:59 Creating Graph (20% completed).
INFO (IGPH001): 20:50:59 Creating Graph (30% completed).
INFO (IGPH001): 20:50:59 Creating Graph (40% completed).
INFO (IGPH001): 20:50:59 Creating Graph (50% completed).
INFO (IGPH001): 20:50:59 Creating Graph (60% completed).
INFO (IGPH001): 20:50:59 Creating Graph (70% completed).
INFO (IGPH001): 20:50:59 Creating Graph (80% completed).
INFO (IGPH001): 20:51:00 Creating Graph (90% completed).
INFO (IGPH001): 20:51:00 Creating Graph (100% completed).
id_stage_i.issue_q.sbe.pc ex_stage_i.csr_buffer_i.csr_reg_q.pc, {id_stage_i.issue_q.sbe.pc[12]} {issue_stage_i.i_issue_read_operands.pc_o[12]} {ex_stage_i.csr_buffer_i.csr_reg_q.pc[12]}
flop flop
--------------------------------
INFO (IGPH001): 20:51:00 Creating Graph (10% completed).
INFO (IGPH001): 20:51:00 Creating Graph (20% completed).
INFO (IGPH001): 20:51:00 Creating Graph (30% completed).
INFO (IGPH001): 20:51:00 Creating Graph (40% completed).
INFO (IGPH001): 20:51:00 Creating Graph (50% completed).
INFO (IGPH001): 20:51:00 Creating Graph (60% completed).
INFO (IGPH001): 20:51:00 Creating Graph (70% completed).
INFO (IGPH001): 20:51:00 Creating Graph (80% completed).
INFO (IGPH001): 20:51:01 Creating Graph (90% completed).
INFO (IGPH001): 20:51:01 Creating Graph (100% completed).
id_stage_i.issue_q.sbe.pc ex_stage_i.i_mult.i_multiplier.pc_q, {id_stage_i.issue_q.sbe.pc[12]} {issue_stage_i.i_issue_read_operands.pc_o[12]} {ex_stage_i.i_mult.i_multiplier.pc_q[12]}
flop flop
--------------------------------
INFO (IGPH001): 20:51:01 Creating Graph (20% completed).
INFO (IGPH001): 20:51:01 Creating Graph (30% completed).
INFO (IGPH001): 20:51:01 Creating Graph (40% completed).
INFO (IGPH001): 20:51:01 Creating Graph (50% completed).
INFO (IGPH001): 20:51:01 Creating Graph (60% completed).
INFO (IGPH001): 20:51:01 Creating Graph (70% completed).
INFO (IGPH001): 20:51:01 Creating Graph (80% completed).
INFO (IGPH001): 20:51:02 Creating Graph (90% completed).
INFO (IGPH001): 20:51:02 Creating Graph (100% completed).
id_stage_i.issue_q.sbe.pc ex_stage_i.lsu_i.i_load_unit.lsu_ctrl_i.pc, {id_stage_i.issue_q.sbe.pc[12]} {issue_stage_i.i_issue_read_operands.pc_o[12]} {ex_stage_i.lsu_i.i_load_unit.lsu_ctrl_i.pc[12]}
flop wire
ADD id_stage_i.issue_q.sbe.pc ex_stage_i.lsu_i.i_load_unit.lsu_ctrl_i.pc
--------------------------------
INFO (IGPH001): 20:51:02 Creating Graph (10% completed).
INFO (IGPH001): 20:51:02 Creating Graph (20% completed).
INFO (IGPH001): 20:51:02 Creating Graph (30% completed).
INFO (IGPH001): 20:51:02 Creating Graph (40% completed).
INFO (IGPH001): 20:51:02 Creating Graph (50% completed).
INFO (IGPH001): 20:51:02 Creating Graph (60% completed).
INFO (IGPH001): 20:51:02 Creating Graph (70% completed).
INFO (IGPH001): 20:51:02 Creating Graph (80% completed).
INFO (IGPH001): 20:51:03 Creating Graph (90% completed).
INFO (IGPH001): 20:51:03 Creating Graph (100% completed).
id_stage_i.issue_q.sbe.pc ex_stage_i.lsu_i.i_ord_sram.pc_i, {id_stage_i.issue_q.sbe.pc[24]} {issue_stage_i.i_issue_read_operands.pc_o[24]} {ex_stage_i.lsu_i.i_ord_sram.pc_i[24]}
flop wire
ADD id_stage_i.issue_q.sbe.pc ex_stage_i.lsu_i.i_ord_sram.pc_i
--------------------------------
INFO (IGPH001): 20:51:03 Creating Graph (10% completed).
INFO (IGPH001): 20:51:03 Creating Graph (20% completed).
INFO (IGPH001): 20:51:03 Creating Graph (30% completed).
INFO (IGPH001): 20:51:03 Creating Graph (40% completed).
INFO (IGPH001): 20:51:03 Creating Graph (50% completed).
INFO (IGPH001): 20:51:03 Creating Graph (60% completed).
INFO (IGPH001): 20:51:03 Creating Graph (70% completed).
INFO (IGPH001): 20:51:03 Creating Graph (80% completed).
INFO (IGPH001): 20:51:03 Creating Graph (90% completed).
INFO (IGPH001): 20:51:03 Creating Graph (100% completed).
issue_stage_i.i_issue_read_operands.pc_o ex_stage_i.i_mult.i_div.pc_q, {issue_stage_i.i_issue_read_operands.pc_o[0]} {ex_stage_i.i_mult.i_div.pc_q[0]}
flop flop
ADD issue_stage_i.i_issue_read_operands.pc_o ex_stage_i.i_mult.i_div.pc_q
--------------------------------
INFO (IGPH001): 20:51:04 Creating Graph (10% completed).
INFO (IGPH001): 20:51:04 Creating Graph (20% completed).
INFO (IGPH001): 20:51:04 Creating Graph (30% completed).
INFO (IGPH001): 20:51:04 Creating Graph (40% completed).
INFO (IGPH001): 20:51:04 Creating Graph (50% completed).
INFO (IGPH001): 20:51:04 Creating Graph (60% completed).
INFO (IGPH001): 20:51:04 Creating Graph (70% completed).
INFO (IGPH001): 20:51:04 Creating Graph (80% completed).
INFO (IGPH001): 20:51:04 Creating Graph (90% completed).
INFO (IGPH001): 20:51:04 Creating Graph (100% completed).
issue_stage_i.i_issue_read_operands.pc_o id_stage_i.issue_q.sbe.pc, {issue_stage_i.i_issue_read_operands.pc_o[0]} {id_stage_i.issue_q.sbe.pc[25]}
flop flop
ADD issue_stage_i.i_issue_read_operands.pc_o id_stage_i.issue_q.sbe.pc
--------------------------------
issue_stage_i.i_issue_read_operands.pc_o issue_stage_i.i_issue_read_operands.pc_o, 
flop flop
--------------------------------
INFO (IGPH001): 20:51:04 Creating Graph (10% completed).
INFO (IGPH001): 20:51:04 Creating Graph (20% completed).
INFO (IGPH001): 20:51:04 Creating Graph (30% completed).
INFO (IGPH001): 20:51:04 Creating Graph (40% completed).
INFO (IGPH001): 20:51:04 Creating Graph (50% completed).
INFO (IGPH001): 20:51:04 Creating Graph (60% completed).
INFO (IGPH001): 20:51:04 Creating Graph (70% completed).
INFO (IGPH001): 20:51:04 Creating Graph (80% completed).
INFO (IGPH001): 20:51:05 Creating Graph (90% completed).
INFO (IGPH001): 20:51:05 Creating Graph (100% completed).
issue_stage_i.i_issue_read_operands.pc_o ex_stage_i.lsu_i.lsu_bypass_i.mem_q[0].pc, {issue_stage_i.i_issue_read_operands.pc_o[0]} {ex_stage_i.lsu_i.lsu_bypass_i.mem_q[0].pc[0]}
flop flop
ADD issue_stage_i.i_issue_read_operands.pc_o ex_stage_i.lsu_i.lsu_bypass_i.mem_q[0].pc
--------------------------------
INFO (IGPH001): 20:51:05 Creating Graph (10% completed).
INFO (IGPH001): 20:51:05 Creating Graph (20% completed).
INFO (IGPH001): 20:51:05 Creating Graph (30% completed).
INFO (IGPH001): 20:51:05 Creating Graph (40% completed).
INFO (IGPH001): 20:51:05 Creating Graph (50% completed).
INFO (IGPH001): 20:51:05 Creating Graph (60% completed).
INFO (IGPH001): 20:51:05 Creating Graph (70% completed).
INFO (IGPH001): 20:51:05 Creating Graph (80% completed).
INFO (IGPH001): 20:51:06 Creating Graph (90% completed).
INFO (IGPH001): 20:51:06 Creating Graph (100% completed).
issue_stage_i.i_issue_read_operands.pc_o ex_stage_i.lsu_i.lsu_bypass_i.mem_q[1].pc, {issue_stage_i.i_issue_read_operands.pc_o[0]} {ex_stage_i.lsu_i.lsu_bypass_i.mem_q[1].pc[0]}
flop flop
ADD issue_stage_i.i_issue_read_operands.pc_o ex_stage_i.lsu_i.lsu_bypass_i.mem_q[1].pc
--------------------------------
INFO (IGPH001): 20:51:06 Creating Graph (10% completed).
INFO (IGPH001): 20:51:06 Creating Graph (20% completed).
INFO (IGPH001): 20:51:06 Creating Graph (30% completed).
INFO (IGPH001): 20:51:06 Creating Graph (40% completed).
INFO (IGPH001): 20:51:06 Creating Graph (50% completed).
INFO (IGPH001): 20:51:06 Creating Graph (60% completed).
INFO (IGPH001): 20:51:06 Creating Graph (70% completed).
INFO (IGPH001): 20:51:06 Creating Graph (80% completed).
INFO (IGPH001): 20:51:07 Creating Graph (90% completed).
INFO (IGPH001): 20:51:07 Creating Graph (100% completed).
issue_stage_i.i_issue_read_operands.pc_o issue_stage_i.i_scoreboard.mem_q[0].sbe.pc, {issue_stage_i.i_issue_read_operands.pc_o[63]} {issue_stage_i.i_scoreboard.mem_q[0].sbe.pc[63]}
flop flop
ADD issue_stage_i.i_issue_read_operands.pc_o issue_stage_i.i_scoreboard.mem_q[0].sbe.pc
--------------------------------
INFO (IGPH001): 20:51:07 Creating Graph (10% completed).
INFO (IGPH001): 20:51:07 Creating Graph (20% completed).
INFO (IGPH001): 20:51:07 Creating Graph (30% completed).
INFO (IGPH001): 20:51:07 Creating Graph (40% completed).
INFO (IGPH001): 20:51:07 Creating Graph (50% completed).
INFO (IGPH001): 20:51:07 Creating Graph (60% completed).
INFO (IGPH001): 20:51:07 Creating Graph (70% completed).
INFO (IGPH001): 20:51:07 Creating Graph (80% completed).
INFO (IGPH001): 20:51:08 Creating Graph (90% completed).
INFO (IGPH001): 20:51:08 Creating Graph (100% completed).
issue_stage_i.i_issue_read_operands.pc_o issue_stage_i.i_scoreboard.mem_q[1].sbe.pc, {issue_stage_i.i_issue_read_operands.pc_o[63]} {issue_stage_i.i_scoreboard.mem_q[1].sbe.pc[63]}
flop flop
ADD issue_stage_i.i_issue_read_operands.pc_o issue_stage_i.i_scoreboard.mem_q[1].sbe.pc
--------------------------------
INFO (IGPH001): 20:51:08 Creating Graph (10% completed).
INFO (IGPH001): 20:51:08 Creating Graph (20% completed).
INFO (IGPH001): 20:51:08 Creating Graph (30% completed).
INFO (IGPH001): 20:51:08 Creating Graph (40% completed).
INFO (IGPH001): 20:51:08 Creating Graph (50% completed).
INFO (IGPH001): 20:51:08 Creating Graph (60% completed).
INFO (IGPH001): 20:51:08 Creating Graph (70% completed).
INFO (IGPH001): 20:51:08 Creating Graph (80% completed).
INFO (IGPH001): 20:51:09 Creating Graph (90% completed).
INFO (IGPH001): 20:51:09 Creating Graph (100% completed).
issue_stage_i.i_issue_read_operands.pc_o issue_stage_i.i_scoreboard.mem_q[2].sbe.pc, {issue_stage_i.i_issue_read_operands.pc_o[63]} {issue_stage_i.i_scoreboard.mem_q[2].sbe.pc[63]}
flop flop
ADD issue_stage_i.i_issue_read_operands.pc_o issue_stage_i.i_scoreboard.mem_q[2].sbe.pc
--------------------------------
INFO (IGPH001): 20:51:09 Creating Graph (10% completed).
INFO (IGPH001): 20:51:09 Creating Graph (20% completed).
INFO (IGPH001): 20:51:09 Creating Graph (30% completed).
INFO (IGPH001): 20:51:09 Creating Graph (40% completed).
INFO (IGPH001): 20:51:09 Creating Graph (50% completed).
INFO (IGPH001): 20:51:09 Creating Graph (60% completed).
INFO (IGPH001): 20:51:09 Creating Graph (70% completed).
INFO (IGPH001): 20:51:09 Creating Graph (80% completed).
INFO (IGPH001): 20:51:10 Creating Graph (90% completed).
INFO (IGPH001): 20:51:10 Creating Graph (100% completed).
issue_stage_i.i_issue_read_operands.pc_o issue_stage_i.i_scoreboard.mem_q[3].sbe.pc, {issue_stage_i.i_issue_read_operands.pc_o[63]} {issue_stage_i.i_scoreboard.mem_q[3].sbe.pc[63]}
flop flop
ADD issue_stage_i.i_issue_read_operands.pc_o issue_stage_i.i_scoreboard.mem_q[3].sbe.pc
--------------------------------
INFO (IGPH001): 20:51:10 Creating Graph (10% completed).
INFO (IGPH001): 20:51:10 Creating Graph (20% completed).
INFO (IGPH001): 20:51:10 Creating Graph (30% completed).
INFO (IGPH001): 20:51:10 Creating Graph (40% completed).
INFO (IGPH001): 20:51:10 Creating Graph (50% completed).
INFO (IGPH001): 20:51:10 Creating Graph (60% completed).
INFO (IGPH001): 20:51:10 Creating Graph (70% completed).
INFO (IGPH001): 20:51:10 Creating Graph (80% completed).
INFO (IGPH001): 20:51:11 Creating Graph (90% completed).
INFO (IGPH001): 20:51:11 Creating Graph (100% completed).
issue_stage_i.i_issue_read_operands.pc_o ex_stage_i.lsu_i.i_store_unit.store_buffer_i.commit_queue_q[0].pc, {issue_stage_i.i_issue_read_operands.pc_o[5]} {issue_stage_i.i_scoreboard.mem_q[2].sbe.op[0]} {ex_stage_i.lsu_i.i_store_unit.store_buffer_i.commit_queue_q[0].pc[63]}
flop flop
--------------------------------
INFO (IGPH001): 20:51:11 Creating Graph (10% completed).
INFO (IGPH001): 20:51:11 Creating Graph (20% completed).
INFO (IGPH001): 20:51:11 Creating Graph (30% completed).
INFO (IGPH001): 20:51:11 Creating Graph (40% completed).
INFO (IGPH001): 20:51:11 Creating Graph (50% completed).
INFO (IGPH001): 20:51:11 Creating Graph (60% completed).
INFO (IGPH001): 20:51:11 Creating Graph (70% completed).
INFO (IGPH001): 20:51:11 Creating Graph (80% completed).
INFO (IGPH001): 20:51:12 Creating Graph (90% completed).
INFO (IGPH001): 20:51:12 Creating Graph (100% completed).
issue_stage_i.i_issue_read_operands.pc_o ex_stage_i.lsu_i.i_store_unit.store_buffer_i.commit_queue_q[1].pc, {issue_stage_i.i_issue_read_operands.pc_o[5]} {issue_stage_i.i_scoreboard.mem_q[2].sbe.op[0]} {ex_stage_i.lsu_i.i_store_unit.store_buffer_i.commit_queue_q[1].pc[63]}
flop flop
--------------------------------
INFO (IGPH001): 20:51:12 Creating Graph (10% completed).
INFO (IGPH001): 20:51:12 Creating Graph (20% completed).
INFO (IGPH001): 20:51:12 Creating Graph (30% completed).
INFO (IGPH001): 20:51:12 Creating Graph (40% completed).
INFO (IGPH001): 20:51:12 Creating Graph (50% completed).
INFO (IGPH001): 20:51:12 Creating Graph (60% completed).
INFO (IGPH001): 20:51:12 Creating Graph (70% completed).
INFO (IGPH001): 20:51:12 Creating Graph (80% completed).
INFO (IGPH001): 20:51:13 Creating Graph (90% completed).
INFO (IGPH001): 20:51:13 Creating Graph (100% completed).
issue_stage_i.i_issue_read_operands.pc_o ex_stage_i.lsu_i.i_store_unit.store_buffer_i.speculative_queue_q[0].pc, {issue_stage_i.i_issue_read_operands.pc_o[58]} {ex_stage_i.lsu_i.i_store_unit.st_pc_q[58]} {ex_stage_i.lsu_i.i_store_unit.store_buffer_i.speculative_queue_q[0].pc[58]}
flop flop
--------------------------------
INFO (IGPH001): 20:51:13 Creating Graph (10% completed).
INFO (IGPH001): 20:51:13 Creating Graph (20% completed).
INFO (IGPH001): 20:51:13 Creating Graph (30% completed).
INFO (IGPH001): 20:51:13 Creating Graph (40% completed).
INFO (IGPH001): 20:51:13 Creating Graph (50% completed).
INFO (IGPH001): 20:51:13 Creating Graph (60% completed).
INFO (IGPH001): 20:51:13 Creating Graph (70% completed).
INFO (IGPH001): 20:51:13 Creating Graph (80% completed).
INFO (IGPH001): 20:51:14 Creating Graph (90% completed).
INFO (IGPH001): 20:51:14 Creating Graph (100% completed).
issue_stage_i.i_issue_read_operands.pc_o ex_stage_i.lsu_i.i_store_unit.store_buffer_i.speculative_queue_q[1].pc, {issue_stage_i.i_issue_read_operands.pc_o[58]} {ex_stage_i.lsu_i.i_store_unit.st_pc_q[58]} {ex_stage_i.lsu_i.i_store_unit.store_buffer_i.speculative_queue_q[1].pc[58]}
flop flop
--------------------------------
INFO (IGPH001): 20:51:14 Creating Graph (10% completed).
INFO (IGPH001): 20:51:14 Creating Graph (20% completed).
INFO (IGPH001): 20:51:14 Creating Graph (30% completed).
INFO (IGPH001): 20:51:14 Creating Graph (40% completed).
INFO (IGPH001): 20:51:14 Creating Graph (50% completed).
INFO (IGPH001): 20:51:14 Creating Graph (60% completed).
INFO (IGPH001): 20:51:14 Creating Graph (70% completed).
INFO (IGPH001): 20:51:14 Creating Graph (80% completed).
INFO (IGPH001): 20:51:14 Creating Graph (90% completed).
INFO (IGPH001): 20:51:14 Creating Graph (100% completed).
issue_stage_i.i_issue_read_operands.pc_o ex_stage_i.lsu_i.i_load_unit.load_data_q.ld_pc, {issue_stage_i.i_issue_read_operands.pc_o[27]} {ex_stage_i.lsu_i.i_load_unit.load_data_q.ld_pc[27]}
flop flop
ADD issue_stage_i.i_issue_read_operands.pc_o ex_stage_i.lsu_i.i_load_unit.load_data_q.ld_pc
--------------------------------
INFO (IGPH001): 20:51:15 Creating Graph (10% completed).
INFO (IGPH001): 20:51:15 Creating Graph (20% completed).
INFO (IGPH001): 20:51:15 Creating Graph (30% completed).
INFO (IGPH001): 20:51:15 Creating Graph (40% completed).
INFO (IGPH001): 20:51:15 Creating Graph (50% completed).
INFO (IGPH001): 20:51:15 Creating Graph (60% completed).
INFO (IGPH001): 20:51:15 Creating Graph (70% completed).
INFO (IGPH001): 20:51:15 Creating Graph (80% completed).
INFO (IGPH001): 20:51:15 Creating Graph (90% completed).
INFO (IGPH001): 20:51:15 Creating Graph (100% completed).
issue_stage_i.i_issue_read_operands.pc_o ex_stage_i.lsu_i.i_store_unit.st_pc_q, {issue_stage_i.i_issue_read_operands.pc_o[27]} {ex_stage_i.lsu_i.i_store_unit.st_pc_q[27]}
flop flop
ADD issue_stage_i.i_issue_read_operands.pc_o ex_stage_i.lsu_i.i_store_unit.st_pc_q
--------------------------------
INFO (IGPH001): 20:51:15 Creating Graph (10% completed).
INFO (IGPH001): 20:51:15 Creating Graph (20% completed).
INFO (IGPH001): 20:51:15 Creating Graph (30% completed).
INFO (IGPH001): 20:51:15 Creating Graph (40% completed).
INFO (IGPH001): 20:51:15 Creating Graph (50% completed).
INFO (IGPH001): 20:51:15 Creating Graph (60% completed).
INFO (IGPH001): 20:51:15 Creating Graph (70% completed).
INFO (IGPH001): 20:51:15 Creating Graph (80% completed).
INFO (IGPH001): 20:51:16 Creating Graph (90% completed).
INFO (IGPH001): 20:51:16 Creating Graph (100% completed).
issue_stage_i.i_issue_read_operands.pc_o ex_stage_i.lsu_i.load_pc_o, {issue_stage_i.i_issue_read_operands.pc_o[18]} {ex_stage_i.lsu_i.i_load_unit.load_data_q.ld_pc[18]} {ex_stage_i.lsu_i.i_pipe_reg_load.d_o[18]} {ex_stage_i.lsu_i.load_pc_o[18]}
flop wire
--------------------------------
INFO (IGPH001): 20:51:16 Creating Graph (10% completed).
INFO (IGPH001): 20:51:16 Creating Graph (20% completed).
INFO (IGPH001): 20:51:16 Creating Graph (30% completed).
INFO (IGPH001): 20:51:16 Creating Graph (40% completed).
INFO (IGPH001): 20:51:16 Creating Graph (50% completed).
INFO (IGPH001): 20:51:16 Creating Graph (60% completed).
INFO (IGPH001): 20:51:16 Creating Graph (70% completed).
INFO (IGPH001): 20:51:16 Creating Graph (80% completed).
INFO (IGPH001): 20:51:17 Creating Graph (90% completed).
INFO (IGPH001): 20:51:17 Creating Graph (100% completed).
issue_stage_i.i_issue_read_operands.pc_o ex_stage_i.csr_buffer_i.csr_reg_q.pc, {issue_stage_i.i_issue_read_operands.pc_o[0]} {ex_stage_i.csr_buffer_i.csr_reg_q.pc[0]}
flop flop
ADD issue_stage_i.i_issue_read_operands.pc_o ex_stage_i.csr_buffer_i.csr_reg_q.pc
--------------------------------
INFO (IGPH001): 20:51:17 Creating Graph (10% completed).
INFO (IGPH001): 20:51:17 Creating Graph (20% completed).
INFO (IGPH001): 20:51:17 Creating Graph (30% completed).
INFO (IGPH001): 20:51:17 Creating Graph (40% completed).
INFO (IGPH001): 20:51:17 Creating Graph (50% completed).
INFO (IGPH001): 20:51:17 Creating Graph (60% completed).
INFO (IGPH001): 20:51:17 Creating Graph (70% completed).
INFO (IGPH001): 20:51:17 Creating Graph (80% completed).
INFO (IGPH001): 20:51:18 Creating Graph (90% completed).
INFO (IGPH001): 20:51:18 Creating Graph (100% completed).
issue_stage_i.i_issue_read_operands.pc_o ex_stage_i.i_mult.i_multiplier.pc_q, {issue_stage_i.i_issue_read_operands.pc_o[0]} {ex_stage_i.i_mult.i_multiplier.pc_q[0]}
flop flop
ADD issue_stage_i.i_issue_read_operands.pc_o ex_stage_i.i_mult.i_multiplier.pc_q
--------------------------------
INFO (IGPH001): 20:51:18 Creating Graph (20% completed).
INFO (IGPH001): 20:51:18 Creating Graph (30% completed).
INFO (IGPH001): 20:51:18 Creating Graph (40% completed).
INFO (IGPH001): 20:51:18 Creating Graph (50% completed).
INFO (IGPH001): 20:51:18 Creating Graph (60% completed).
INFO (IGPH001): 20:51:18 Creating Graph (70% completed).
INFO (IGPH001): 20:51:18 Creating Graph (80% completed).
INFO (IGPH001): 20:51:19 Creating Graph (90% completed).
INFO (IGPH001): 20:51:19 Creating Graph (100% completed).
issue_stage_i.i_issue_read_operands.pc_o ex_stage_i.lsu_i.i_load_unit.lsu_ctrl_i.pc, {issue_stage_i.i_issue_read_operands.pc_o[27]} {ex_stage_i.lsu_i.i_load_unit.lsu_ctrl_i.pc[27]}
flop wire
ADD issue_stage_i.i_issue_read_operands.pc_o ex_stage_i.lsu_i.i_load_unit.lsu_ctrl_i.pc
--------------------------------
INFO (IGPH001): 20:51:19 Creating Graph (10% completed).
INFO (IGPH001): 20:51:19 Creating Graph (20% completed).
INFO (IGPH001): 20:51:19 Creating Graph (30% completed).
INFO (IGPH001): 20:51:19 Creating Graph (40% completed).
INFO (IGPH001): 20:51:19 Creating Graph (50% completed).
INFO (IGPH001): 20:51:19 Creating Graph (60% completed).
INFO (IGPH001): 20:51:19 Creating Graph (70% completed).
INFO (IGPH001): 20:51:19 Creating Graph (80% completed).
INFO (IGPH001): 20:51:20 Creating Graph (90% completed).
INFO (IGPH001): 20:51:20 Creating Graph (100% completed).
issue_stage_i.i_issue_read_operands.pc_o ex_stage_i.lsu_i.i_ord_sram.pc_i, {issue_stage_i.i_issue_read_operands.pc_o[27]} {ex_stage_i.lsu_i.i_ord_sram.pc_i[27]}
flop wire
ADD issue_stage_i.i_issue_read_operands.pc_o ex_stage_i.lsu_i.i_ord_sram.pc_i
--------------------------------
INFO (IGPH001): 20:51:20 Creating Graph (10% completed).
INFO (IGPH001): 20:51:20 Creating Graph (20% completed).
INFO (IGPH001): 20:51:20 Creating Graph (30% completed).
INFO (IGPH001): 20:51:20 Creating Graph (40% completed).
INFO (IGPH001): 20:51:20 Creating Graph (50% completed).
INFO (IGPH001): 20:51:20 Creating Graph (60% completed).
INFO (IGPH001): 20:51:20 Creating Graph (70% completed).
INFO (IGPH001): 20:51:20 Creating Graph (80% completed).
INFO (IGPH001): 20:51:21 Creating Graph (90% completed).
INFO (IGPH001): 20:51:21 Creating Graph (100% completed).
WARNING (WGPH001): No path between "ex_stage_i.lsu_i.lsu_bypass_i.mem_q[0].pc" and "ex_stage_i.i_mult.i_div.pc_q" exists.
ex_stage_i.lsu_i.lsu_bypass_i.mem_q[0].pc ex_stage_i.i_mult.i_div.pc_q, 
flop flop
--------------------------------
INFO (IGPH001): 20:51:21 Creating Graph (10% completed).
INFO (IGPH001): 20:51:21 Creating Graph (20% completed).
INFO (IGPH001): 20:51:21 Creating Graph (30% completed).
INFO (IGPH001): 20:51:21 Creating Graph (40% completed).
INFO (IGPH001): 20:51:21 Creating Graph (50% completed).
INFO (IGPH001): 20:51:21 Creating Graph (60% completed).
INFO (IGPH001): 20:51:21 Creating Graph (70% completed).
INFO (IGPH001): 20:51:21 Creating Graph (80% completed).
INFO (IGPH001): 20:51:22 Creating Graph (90% completed).
INFO (IGPH001): 20:51:22 Creating Graph (100% completed).
WARNING (WGPH001): No path between "ex_stage_i.lsu_i.lsu_bypass_i.mem_q[0].pc" and "id_stage_i.issue_q.sbe.pc" exists.
ex_stage_i.lsu_i.lsu_bypass_i.mem_q[0].pc id_stage_i.issue_q.sbe.pc, 
flop flop
--------------------------------
INFO (IGPH001): 20:51:22 Creating Graph (10% completed).
INFO (IGPH001): 20:51:22 Creating Graph (20% completed).
INFO (IGPH001): 20:51:22 Creating Graph (30% completed).
INFO (IGPH001): 20:51:22 Creating Graph (40% completed).
INFO (IGPH001): 20:51:22 Creating Graph (50% completed).
INFO (IGPH001): 20:51:22 Creating Graph (60% completed).
INFO (IGPH001): 20:51:22 Creating Graph (70% completed).
INFO (IGPH001): 20:51:22 Creating Graph (80% completed).
INFO (IGPH001): 20:51:23 Creating Graph (90% completed).
INFO (IGPH001): 20:51:23 Creating Graph (100% completed).
WARNING (WGPH001): No path between "ex_stage_i.lsu_i.lsu_bypass_i.mem_q[0].pc" and "issue_stage_i.i_issue_read_operands.pc_o" exists.
ex_stage_i.lsu_i.lsu_bypass_i.mem_q[0].pc issue_stage_i.i_issue_read_operands.pc_o, 
flop flop
--------------------------------
INFO (IGPH001): 20:51:23 Creating Graph (10% completed).
INFO (IGPH001): 20:51:23 Creating Graph (20% completed).
INFO (IGPH001): 20:51:23 Creating Graph (30% completed).
INFO (IGPH001): 20:51:23 Creating Graph (40% completed).
INFO (IGPH001): 20:51:23 Creating Graph (50% completed).
INFO (IGPH001): 20:51:23 Creating Graph (60% completed).
INFO (IGPH001): 20:51:23 Creating Graph (70% completed).
INFO (IGPH001): 20:51:23 Creating Graph (80% completed).
INFO (IGPH001): 20:51:24 Creating Graph (90% completed).
INFO (IGPH001): 20:51:24 Creating Graph (100% completed).
WARNING (WGPH001): No path between "ex_stage_i.lsu_i.lsu_bypass_i.mem_q[0].pc" and "ex_stage_i.lsu_i.lsu_bypass_i.mem_q[1].pc" exists.
ex_stage_i.lsu_i.lsu_bypass_i.mem_q[0].pc ex_stage_i.lsu_i.lsu_bypass_i.mem_q[1].pc, 
flop flop
--------------------------------
INFO (IGPH001): 20:51:24 Creating Graph (10% completed).
INFO (IGPH001): 20:51:24 Creating Graph (20% completed).
INFO (IGPH001): 20:51:24 Creating Graph (30% completed).
INFO (IGPH001): 20:51:24 Creating Graph (40% completed).
INFO (IGPH001): 20:51:24 Creating Graph (50% completed).
INFO (IGPH001): 20:51:24 Creating Graph (60% completed).
INFO (IGPH001): 20:51:24 Creating Graph (70% completed).
INFO (IGPH001): 20:51:24 Creating Graph (80% completed).
INFO (IGPH001): 20:51:25 Creating Graph (90% completed).
INFO (IGPH001): 20:51:25 Creating Graph (100% completed).
WARNING (WGPH001): No path between "ex_stage_i.lsu_i.lsu_bypass_i.mem_q[0].pc" and "issue_stage_i.i_scoreboard.mem_q[0].sbe.pc" exists.
ex_stage_i.lsu_i.lsu_bypass_i.mem_q[0].pc issue_stage_i.i_scoreboard.mem_q[0].sbe.pc, 
flop flop
--------------------------------
INFO (IGPH001): 20:51:25 Creating Graph (10% completed).
INFO (IGPH001): 20:51:25 Creating Graph (20% completed).
INFO (IGPH001): 20:51:25 Creating Graph (30% completed).
INFO (IGPH001): 20:51:25 Creating Graph (40% completed).
INFO (IGPH001): 20:51:25 Creating Graph (50% completed).
INFO (IGPH001): 20:51:25 Creating Graph (60% completed).
INFO (IGPH001): 20:51:25 Creating Graph (70% completed).
INFO (IGPH001): 20:51:25 Creating Graph (80% completed).
INFO (IGPH001): 20:51:26 Creating Graph (90% completed).
INFO (IGPH001): 20:51:26 Creating Graph (100% completed).
WARNING (WGPH001): No path between "ex_stage_i.lsu_i.lsu_bypass_i.mem_q[0].pc" and "issue_stage_i.i_scoreboard.mem_q[1].sbe.pc" exists.
ex_stage_i.lsu_i.lsu_bypass_i.mem_q[0].pc issue_stage_i.i_scoreboard.mem_q[1].sbe.pc, 
flop flop
--------------------------------
INFO (IGPH001): 20:51:26 Creating Graph (10% completed).
INFO (IGPH001): 20:51:26 Creating Graph (20% completed).
INFO (IGPH001): 20:51:26 Creating Graph (30% completed).
INFO (IGPH001): 20:51:26 Creating Graph (40% completed).
INFO (IGPH001): 20:51:26 Creating Graph (50% completed).
INFO (IGPH001): 20:51:26 Creating Graph (60% completed).
INFO (IGPH001): 20:51:26 Creating Graph (70% completed).
INFO (IGPH001): 20:51:26 Creating Graph (80% completed).
INFO (IGPH001): 20:51:27 Creating Graph (90% completed).
INFO (IGPH001): 20:51:27 Creating Graph (100% completed).
WARNING (WGPH001): No path between "ex_stage_i.lsu_i.lsu_bypass_i.mem_q[0].pc" and "issue_stage_i.i_scoreboard.mem_q[2].sbe.pc" exists.
ex_stage_i.lsu_i.lsu_bypass_i.mem_q[0].pc issue_stage_i.i_scoreboard.mem_q[2].sbe.pc, 
flop flop
--------------------------------
INFO (IGPH001): 20:51:27 Creating Graph (10% completed).
INFO (IGPH001): 20:51:27 Creating Graph (20% completed).
INFO (IGPH001): 20:51:27 Creating Graph (30% completed).
INFO (IGPH001): 20:51:27 Creating Graph (40% completed).
INFO (IGPH001): 20:51:27 Creating Graph (50% completed).
INFO (IGPH001): 20:51:27 Creating Graph (60% completed).
INFO (IGPH001): 20:51:27 Creating Graph (70% completed).
INFO (IGPH001): 20:51:27 Creating Graph (80% completed).
INFO (IGPH001): 20:51:28 Creating Graph (90% completed).
INFO (IGPH001): 20:51:28 Creating Graph (100% completed).
WARNING (WGPH001): No path between "ex_stage_i.lsu_i.lsu_bypass_i.mem_q[0].pc" and "issue_stage_i.i_scoreboard.mem_q[3].sbe.pc" exists.
ex_stage_i.lsu_i.lsu_bypass_i.mem_q[0].pc issue_stage_i.i_scoreboard.mem_q[3].sbe.pc, 
flop flop
--------------------------------
INFO (IGPH001): 20:51:28 Creating Graph (10% completed).
INFO (IGPH001): 20:51:28 Creating Graph (20% completed).
INFO (IGPH001): 20:51:28 Creating Graph (30% completed).
INFO (IGPH001): 20:51:28 Creating Graph (40% completed).
INFO (IGPH001): 20:51:28 Creating Graph (50% completed).
INFO (IGPH001): 20:51:28 Creating Graph (60% completed).
INFO (IGPH001): 20:51:28 Creating Graph (70% completed).
INFO (IGPH001): 20:51:28 Creating Graph (80% completed).
INFO (IGPH001): 20:51:29 Creating Graph (90% completed).
INFO (IGPH001): 20:51:29 Creating Graph (100% completed).
ex_stage_i.lsu_i.lsu_bypass_i.mem_q[0].pc ex_stage_i.lsu_i.i_store_unit.store_buffer_i.commit_queue_q[0].pc, {ex_stage_i.lsu_i.lsu_bypass_i.mem_q[0].pc[0]} {ex_stage_i.lsu_i.i_store_unit.st_pc_q[0]} {ex_stage_i.lsu_i.i_store_unit.store_buffer_i.speculative_queue_q[0].pc[0]} {ex_stage_i.lsu_i.i_store_unit.store_buffer_i.commit_queue_q[0].pc[0]}
flop flop
--------------------------------
INFO (IGPH001): 20:51:30 Creating Graph (10% completed).
INFO (IGPH001): 20:51:30 Creating Graph (20% completed).
INFO (IGPH001): 20:51:30 Creating Graph (30% completed).
INFO (IGPH001): 20:51:30 Creating Graph (40% completed).
INFO (IGPH001): 20:51:30 Creating Graph (50% completed).
INFO (IGPH001): 20:51:30 Creating Graph (60% completed).
INFO (IGPH001): 20:51:30 Creating Graph (70% completed).
INFO (IGPH001): 20:51:30 Creating Graph (80% completed).
INFO (IGPH001): 20:51:30 Creating Graph (90% completed).
INFO (IGPH001): 20:51:30 Creating Graph (100% completed).
ex_stage_i.lsu_i.lsu_bypass_i.mem_q[0].pc ex_stage_i.lsu_i.i_store_unit.store_buffer_i.commit_queue_q[1].pc, {ex_stage_i.lsu_i.lsu_bypass_i.mem_q[0].pc[0]} {ex_stage_i.lsu_i.i_store_unit.st_pc_q[0]} {ex_stage_i.lsu_i.i_store_unit.store_buffer_i.speculative_queue_q[0].pc[0]} {ex_stage_i.lsu_i.i_store_unit.store_buffer_i.commit_queue_q[1].pc[0]}
flop flop
--------------------------------
INFO (IGPH001): 20:51:31 Creating Graph (10% completed).
INFO (IGPH001): 20:51:31 Creating Graph (20% completed).
INFO (IGPH001): 20:51:31 Creating Graph (30% completed).
INFO (IGPH001): 20:51:31 Creating Graph (40% completed).
INFO (IGPH001): 20:51:31 Creating Graph (50% completed).
INFO (IGPH001): 20:51:31 Creating Graph (60% completed).
INFO (IGPH001): 20:51:31 Creating Graph (70% completed).
INFO (IGPH001): 20:51:31 Creating Graph (80% completed).
INFO (IGPH001): 20:51:31 Creating Graph (90% completed).
INFO (IGPH001): 20:51:32 Creating Graph (100% completed).
ex_stage_i.lsu_i.lsu_bypass_i.mem_q[0].pc ex_stage_i.lsu_i.i_store_unit.store_buffer_i.speculative_queue_q[0].pc, {ex_stage_i.lsu_i.lsu_bypass_i.mem_q[0].pc[0]} {ex_stage_i.lsu_i.i_store_unit.st_pc_q[0]} {ex_stage_i.lsu_i.i_store_unit.store_buffer_i.speculative_queue_q[0].pc[0]}
flop flop
--------------------------------
INFO (IGPH001): 20:51:32 Creating Graph (10% completed).
INFO (IGPH001): 20:51:32 Creating Graph (20% completed).
INFO (IGPH001): 20:51:32 Creating Graph (30% completed).
INFO (IGPH001): 20:51:32 Creating Graph (40% completed).
INFO (IGPH001): 20:51:32 Creating Graph (50% completed).
INFO (IGPH001): 20:51:32 Creating Graph (60% completed).
INFO (IGPH001): 20:51:32 Creating Graph (70% completed).
INFO (IGPH001): 20:51:32 Creating Graph (80% completed).
INFO (IGPH001): 20:51:33 Creating Graph (90% completed).
INFO (IGPH001): 20:51:33 Creating Graph (100% completed).
ex_stage_i.lsu_i.lsu_bypass_i.mem_q[0].pc ex_stage_i.lsu_i.i_store_unit.store_buffer_i.speculative_queue_q[1].pc, {ex_stage_i.lsu_i.lsu_bypass_i.mem_q[0].pc[0]} {ex_stage_i.lsu_i.i_store_unit.st_pc_q[0]} {ex_stage_i.lsu_i.i_store_unit.store_buffer_i.speculative_queue_q[1].pc[0]}
flop flop
--------------------------------
INFO (IGPH001): 20:51:33 Creating Graph (10% completed).
INFO (IGPH001): 20:51:33 Creating Graph (20% completed).
INFO (IGPH001): 20:51:33 Creating Graph (30% completed).
INFO (IGPH001): 20:51:33 Creating Graph (40% completed).
INFO (IGPH001): 20:51:33 Creating Graph (50% completed).
INFO (IGPH001): 20:51:33 Creating Graph (60% completed).
INFO (IGPH001): 20:51:33 Creating Graph (70% completed).
INFO (IGPH001): 20:51:33 Creating Graph (80% completed).
INFO (IGPH001): 20:51:34 Creating Graph (90% completed).
INFO (IGPH001): 20:51:34 Creating Graph (100% completed).
ex_stage_i.lsu_i.lsu_bypass_i.mem_q[0].pc ex_stage_i.lsu_i.i_load_unit.load_data_q.ld_pc, {ex_stage_i.lsu_i.lsu_bypass_i.mem_q[0].pc[0]} {ex_stage_i.lsu_i.i_load_unit.load_data_q.ld_pc[0]}
flop flop
ADD ex_stage_i.lsu_i.lsu_bypass_i.mem_q[0].pc ex_stage_i.lsu_i.i_load_unit.load_data_q.ld_pc
--------------------------------
INFO (IGPH001): 20:51:34 Creating Graph (10% completed).
INFO (IGPH001): 20:51:34 Creating Graph (20% completed).
INFO (IGPH001): 20:51:34 Creating Graph (30% completed).
INFO (IGPH001): 20:51:34 Creating Graph (40% completed).
INFO (IGPH001): 20:51:34 Creating Graph (50% completed).
INFO (IGPH001): 20:51:34 Creating Graph (60% completed).
INFO (IGPH001): 20:51:34 Creating Graph (70% completed).
INFO (IGPH001): 20:51:34 Creating Graph (80% completed).
INFO (IGPH001): 20:51:35 Creating Graph (90% completed).
INFO (IGPH001): 20:51:35 Creating Graph (100% completed).
ex_stage_i.lsu_i.lsu_bypass_i.mem_q[0].pc ex_stage_i.lsu_i.i_store_unit.st_pc_q, {ex_stage_i.lsu_i.lsu_bypass_i.mem_q[0].pc[0]} {ex_stage_i.lsu_i.i_store_unit.st_pc_q[0]}
flop flop
ADD ex_stage_i.lsu_i.lsu_bypass_i.mem_q[0].pc ex_stage_i.lsu_i.i_store_unit.st_pc_q
--------------------------------
INFO (IGPH001): 20:51:35 Creating Graph (10% completed).
INFO (IGPH001): 20:51:35 Creating Graph (20% completed).
INFO (IGPH001): 20:51:35 Creating Graph (30% completed).
INFO (IGPH001): 20:51:35 Creating Graph (40% completed).
INFO (IGPH001): 20:51:35 Creating Graph (50% completed).
INFO (IGPH001): 20:51:35 Creating Graph (60% completed).
INFO (IGPH001): 20:51:35 Creating Graph (70% completed).
INFO (IGPH001): 20:51:35 Creating Graph (80% completed).
INFO (IGPH001): 20:51:36 Creating Graph (90% completed).
INFO (IGPH001): 20:51:36 Creating Graph (100% completed).
ex_stage_i.lsu_i.lsu_bypass_i.mem_q[0].pc ex_stage_i.lsu_i.load_pc_o, {ex_stage_i.lsu_i.lsu_bypass_i.mem_q[0].pc[6]} {ex_stage_i.lsu_i.i_load_unit.load_data_q.ld_pc[6]} {ex_stage_i.lsu_i.i_pipe_reg_load.d_o[6]} {ex_stage_i.lsu_i.load_pc_o[6]}
flop wire
--------------------------------
INFO (IGPH001): 20:51:36 Creating Graph (10% completed).
INFO (IGPH001): 20:51:36 Creating Graph (20% completed).
INFO (IGPH001): 20:51:36 Creating Graph (30% completed).
INFO (IGPH001): 20:51:36 Creating Graph (40% completed).
INFO (IGPH001): 20:51:36 Creating Graph (50% completed).
INFO (IGPH001): 20:51:36 Creating Graph (60% completed).
INFO (IGPH001): 20:51:36 Creating Graph (70% completed).
INFO (IGPH001): 20:51:36 Creating Graph (80% completed).
INFO (IGPH001): 20:51:37 Creating Graph (90% completed).
INFO (IGPH001): 20:51:37 Creating Graph (100% completed).
WARNING (WGPH001): No path between "ex_stage_i.lsu_i.lsu_bypass_i.mem_q[0].pc" and "ex_stage_i.csr_buffer_i.csr_reg_q.pc" exists.
ex_stage_i.lsu_i.lsu_bypass_i.mem_q[0].pc ex_stage_i.csr_buffer_i.csr_reg_q.pc, 
flop flop
--------------------------------
INFO (IGPH001): 20:51:37 Creating Graph (10% completed).
INFO (IGPH001): 20:51:37 Creating Graph (20% completed).
INFO (IGPH001): 20:51:37 Creating Graph (30% completed).
INFO (IGPH001): 20:51:37 Creating Graph (40% completed).
INFO (IGPH001): 20:51:37 Creating Graph (50% completed).
INFO (IGPH001): 20:51:37 Creating Graph (60% completed).
INFO (IGPH001): 20:51:37 Creating Graph (70% completed).
INFO (IGPH001): 20:51:37 Creating Graph (80% completed).
INFO (IGPH001): 20:51:38 Creating Graph (90% completed).
INFO (IGPH001): 20:51:38 Creating Graph (100% completed).
WARNING (WGPH001): No path between "ex_stage_i.lsu_i.lsu_bypass_i.mem_q[0].pc" and "ex_stage_i.i_mult.i_multiplier.pc_q" exists.
ex_stage_i.lsu_i.lsu_bypass_i.mem_q[0].pc ex_stage_i.i_mult.i_multiplier.pc_q, 
flop flop
--------------------------------
INFO (IGPH001): 20:51:38 Creating Graph (20% completed).
INFO (IGPH001): 20:51:38 Creating Graph (30% completed).
INFO (IGPH001): 20:51:38 Creating Graph (40% completed).
INFO (IGPH001): 20:51:38 Creating Graph (50% completed).
INFO (IGPH001): 20:51:38 Creating Graph (60% completed).
INFO (IGPH001): 20:51:38 Creating Graph (70% completed).
INFO (IGPH001): 20:51:38 Creating Graph (80% completed).
INFO (IGPH001): 20:51:39 Creating Graph (90% completed).
INFO (IGPH001): 20:51:39 Creating Graph (100% completed).
ex_stage_i.lsu_i.lsu_bypass_i.mem_q[0].pc ex_stage_i.lsu_i.i_load_unit.lsu_ctrl_i.pc, {ex_stage_i.lsu_i.lsu_bypass_i.mem_q[0].pc[0]} {ex_stage_i.lsu_i.i_load_unit.lsu_ctrl_i.pc[0]}
flop wire
ADD ex_stage_i.lsu_i.lsu_bypass_i.mem_q[0].pc ex_stage_i.lsu_i.i_load_unit.lsu_ctrl_i.pc
--------------------------------
INFO (IGPH001): 20:51:39 Creating Graph (10% completed).
INFO (IGPH001): 20:51:39 Creating Graph (20% completed).
INFO (IGPH001): 20:51:39 Creating Graph (30% completed).
INFO (IGPH001): 20:51:39 Creating Graph (40% completed).
INFO (IGPH001): 20:51:39 Creating Graph (50% completed).
INFO (IGPH001): 20:51:39 Creating Graph (60% completed).
INFO (IGPH001): 20:51:39 Creating Graph (70% completed).
INFO (IGPH001): 20:51:39 Creating Graph (80% completed).
INFO (IGPH001): 20:51:40 Creating Graph (90% completed).
INFO (IGPH001): 20:51:40 Creating Graph (100% completed).
ex_stage_i.lsu_i.lsu_bypass_i.mem_q[0].pc ex_stage_i.lsu_i.i_ord_sram.pc_i, {ex_stage_i.lsu_i.lsu_bypass_i.mem_q[0].pc[43]} {ex_stage_i.lsu_i.i_ord_sram.pc_i[43]}
flop wire
ADD ex_stage_i.lsu_i.lsu_bypass_i.mem_q[0].pc ex_stage_i.lsu_i.i_ord_sram.pc_i
--------------------------------
INFO (IGPH001): 20:51:40 Creating Graph (10% completed).
INFO (IGPH001): 20:51:40 Creating Graph (20% completed).
INFO (IGPH001): 20:51:40 Creating Graph (30% completed).
INFO (IGPH001): 20:51:40 Creating Graph (40% completed).
INFO (IGPH001): 20:51:40 Creating Graph (50% completed).
INFO (IGPH001): 20:51:40 Creating Graph (60% completed).
INFO (IGPH001): 20:51:40 Creating Graph (70% completed).
INFO (IGPH001): 20:51:40 Creating Graph (80% completed).
INFO (IGPH001): 20:51:41 Creating Graph (90% completed).
INFO (IGPH001): 20:51:41 Creating Graph (100% completed).
WARNING (WGPH001): No path between "ex_stage_i.lsu_i.lsu_bypass_i.mem_q[1].pc" and "ex_stage_i.i_mult.i_div.pc_q" exists.
ex_stage_i.lsu_i.lsu_bypass_i.mem_q[1].pc ex_stage_i.i_mult.i_div.pc_q, 
flop flop
--------------------------------
INFO (IGPH001): 20:51:41 Creating Graph (10% completed).
INFO (IGPH001): 20:51:41 Creating Graph (20% completed).
INFO (IGPH001): 20:51:41 Creating Graph (30% completed).
INFO (IGPH001): 20:51:41 Creating Graph (40% completed).
INFO (IGPH001): 20:51:41 Creating Graph (50% completed).
INFO (IGPH001): 20:51:41 Creating Graph (60% completed).
INFO (IGPH001): 20:51:41 Creating Graph (70% completed).
INFO (IGPH001): 20:51:41 Creating Graph (80% completed).
INFO (IGPH001): 20:51:42 Creating Graph (90% completed).
INFO (IGPH001): 20:51:42 Creating Graph (100% completed).
WARNING (WGPH001): No path between "ex_stage_i.lsu_i.lsu_bypass_i.mem_q[1].pc" and "id_stage_i.issue_q.sbe.pc" exists.
ex_stage_i.lsu_i.lsu_bypass_i.mem_q[1].pc id_stage_i.issue_q.sbe.pc, 
flop flop
--------------------------------
INFO (IGPH001): 20:51:42 Creating Graph (10% completed).
INFO (IGPH001): 20:51:42 Creating Graph (20% completed).
INFO (IGPH001): 20:51:42 Creating Graph (30% completed).
INFO (IGPH001): 20:51:42 Creating Graph (40% completed).
INFO (IGPH001): 20:51:42 Creating Graph (50% completed).
INFO (IGPH001): 20:51:42 Creating Graph (60% completed).
INFO (IGPH001): 20:51:42 Creating Graph (70% completed).
INFO (IGPH001): 20:51:42 Creating Graph (80% completed).
INFO (IGPH001): 20:51:43 Creating Graph (90% completed).
INFO (IGPH001): 20:51:43 Creating Graph (100% completed).
WARNING (WGPH001): No path between "ex_stage_i.lsu_i.lsu_bypass_i.mem_q[1].pc" and "issue_stage_i.i_issue_read_operands.pc_o" exists.
ex_stage_i.lsu_i.lsu_bypass_i.mem_q[1].pc issue_stage_i.i_issue_read_operands.pc_o, 
flop flop
--------------------------------
INFO (IGPH001): 20:51:43 Creating Graph (10% completed).
INFO (IGPH001): 20:51:43 Creating Graph (20% completed).
INFO (IGPH001): 20:51:43 Creating Graph (30% completed).
INFO (IGPH001): 20:51:43 Creating Graph (40% completed).
INFO (IGPH001): 20:51:43 Creating Graph (50% completed).
INFO (IGPH001): 20:51:43 Creating Graph (60% completed).
INFO (IGPH001): 20:51:43 Creating Graph (70% completed).
INFO (IGPH001): 20:51:43 Creating Graph (80% completed).
INFO (IGPH001): 20:51:44 Creating Graph (90% completed).
INFO (IGPH001): 20:51:44 Creating Graph (100% completed).
WARNING (WGPH001): No path between "ex_stage_i.lsu_i.lsu_bypass_i.mem_q[1].pc" and "ex_stage_i.lsu_i.lsu_bypass_i.mem_q[0].pc" exists.
ex_stage_i.lsu_i.lsu_bypass_i.mem_q[1].pc ex_stage_i.lsu_i.lsu_bypass_i.mem_q[0].pc, 
flop flop
--------------------------------
INFO (IGPH001): 20:51:44 Creating Graph (10% completed).
INFO (IGPH001): 20:51:44 Creating Graph (20% completed).
INFO (IGPH001): 20:51:44 Creating Graph (30% completed).
INFO (IGPH001): 20:51:44 Creating Graph (40% completed).
INFO (IGPH001): 20:51:44 Creating Graph (50% completed).
INFO (IGPH001): 20:51:44 Creating Graph (60% completed).
INFO (IGPH001): 20:51:44 Creating Graph (70% completed).
INFO (IGPH001): 20:51:44 Creating Graph (80% completed).
INFO (IGPH001): 20:51:44 Creating Graph (90% completed).
INFO (IGPH001): 20:51:45 Creating Graph (100% completed).
WARNING (WGPH001): No path between "ex_stage_i.lsu_i.lsu_bypass_i.mem_q[1].pc" and "issue_stage_i.i_scoreboard.mem_q[0].sbe.pc" exists.
ex_stage_i.lsu_i.lsu_bypass_i.mem_q[1].pc issue_stage_i.i_scoreboard.mem_q[0].sbe.pc, 
flop flop
--------------------------------
INFO (IGPH001): 20:51:45 Creating Graph (10% completed).
INFO (IGPH001): 20:51:45 Creating Graph (20% completed).
INFO (IGPH001): 20:51:45 Creating Graph (30% completed).
INFO (IGPH001): 20:51:45 Creating Graph (40% completed).
INFO (IGPH001): 20:51:45 Creating Graph (50% completed).
INFO (IGPH001): 20:51:45 Creating Graph (60% completed).
INFO (IGPH001): 20:51:45 Creating Graph (70% completed).
INFO (IGPH001): 20:51:45 Creating Graph (80% completed).
INFO (IGPH001): 20:51:45 Creating Graph (90% completed).
INFO (IGPH001): 20:51:45 Creating Graph (100% completed).
WARNING (WGPH001): No path between "ex_stage_i.lsu_i.lsu_bypass_i.mem_q[1].pc" and "issue_stage_i.i_scoreboard.mem_q[1].sbe.pc" exists.
ex_stage_i.lsu_i.lsu_bypass_i.mem_q[1].pc issue_stage_i.i_scoreboard.mem_q[1].sbe.pc, 
flop flop
--------------------------------
INFO (IGPH001): 20:51:45 Creating Graph (10% completed).
INFO (IGPH001): 20:51:45 Creating Graph (20% completed).
INFO (IGPH001): 20:51:45 Creating Graph (30% completed).
INFO (IGPH001): 20:51:45 Creating Graph (40% completed).
INFO (IGPH001): 20:51:45 Creating Graph (50% completed).
INFO (IGPH001): 20:51:45 Creating Graph (60% completed).
INFO (IGPH001): 20:51:45 Creating Graph (70% completed).
INFO (IGPH001): 20:51:45 Creating Graph (80% completed).
INFO (IGPH001): 20:51:46 Creating Graph (90% completed).
INFO (IGPH001): 20:51:46 Creating Graph (100% completed).
WARNING (WGPH001): No path between "ex_stage_i.lsu_i.lsu_bypass_i.mem_q[1].pc" and "issue_stage_i.i_scoreboard.mem_q[2].sbe.pc" exists.
ex_stage_i.lsu_i.lsu_bypass_i.mem_q[1].pc issue_stage_i.i_scoreboard.mem_q[2].sbe.pc, 
flop flop
--------------------------------
INFO (IGPH001): 20:51:46 Creating Graph (10% completed).
INFO (IGPH001): 20:51:46 Creating Graph (20% completed).
INFO (IGPH001): 20:51:46 Creating Graph (30% completed).
INFO (IGPH001): 20:51:46 Creating Graph (40% completed).
INFO (IGPH001): 20:51:46 Creating Graph (50% completed).
INFO (IGPH001): 20:51:46 Creating Graph (60% completed).
INFO (IGPH001): 20:51:46 Creating Graph (70% completed).
INFO (IGPH001): 20:51:46 Creating Graph (80% completed).
INFO (IGPH001): 20:51:47 Creating Graph (90% completed).
INFO (IGPH001): 20:51:47 Creating Graph (100% completed).
WARNING (WGPH001): No path between "ex_stage_i.lsu_i.lsu_bypass_i.mem_q[1].pc" and "issue_stage_i.i_scoreboard.mem_q[3].sbe.pc" exists.
ex_stage_i.lsu_i.lsu_bypass_i.mem_q[1].pc issue_stage_i.i_scoreboard.mem_q[3].sbe.pc, 
flop flop
--------------------------------
INFO (IGPH001): 20:51:47 Creating Graph (10% completed).
INFO (IGPH001): 20:51:47 Creating Graph (20% completed).
INFO (IGPH001): 20:51:47 Creating Graph (30% completed).
INFO (IGPH001): 20:51:47 Creating Graph (40% completed).
INFO (IGPH001): 20:51:47 Creating Graph (50% completed).
INFO (IGPH001): 20:51:47 Creating Graph (60% completed).
INFO (IGPH001): 20:51:47 Creating Graph (70% completed).
INFO (IGPH001): 20:51:47 Creating Graph (80% completed).
INFO (IGPH001): 20:51:48 Creating Graph (90% completed).
INFO (IGPH001): 20:51:48 Creating Graph (100% completed).
ex_stage_i.lsu_i.lsu_bypass_i.mem_q[1].pc ex_stage_i.lsu_i.i_store_unit.store_buffer_i.commit_queue_q[0].pc, {ex_stage_i.lsu_i.lsu_bypass_i.mem_q[1].pc[0]} {ex_stage_i.lsu_i.i_store_unit.st_pc_q[0]} {ex_stage_i.lsu_i.i_store_unit.store_buffer_i.speculative_queue_q[0].pc[0]} {ex_stage_i.lsu_i.i_store_unit.store_buffer_i.commit_queue_q[0].pc[0]}
flop flop
--------------------------------
INFO (IGPH001): 20:51:48 Creating Graph (10% completed).
INFO (IGPH001): 20:51:48 Creating Graph (20% completed).
INFO (IGPH001): 20:51:48 Creating Graph (30% completed).
INFO (IGPH001): 20:51:48 Creating Graph (40% completed).
INFO (IGPH001): 20:51:48 Creating Graph (50% completed).
INFO (IGPH001): 20:51:48 Creating Graph (60% completed).
INFO (IGPH001): 20:51:48 Creating Graph (70% completed).
INFO (IGPH001): 20:51:48 Creating Graph (80% completed).
INFO (IGPH001): 20:51:49 Creating Graph (90% completed).
INFO (IGPH001): 20:51:49 Creating Graph (100% completed).
ex_stage_i.lsu_i.lsu_bypass_i.mem_q[1].pc ex_stage_i.lsu_i.i_store_unit.store_buffer_i.commit_queue_q[1].pc, {ex_stage_i.lsu_i.lsu_bypass_i.mem_q[1].pc[0]} {ex_stage_i.lsu_i.i_store_unit.st_pc_q[0]} {ex_stage_i.lsu_i.i_store_unit.store_buffer_i.speculative_queue_q[0].pc[0]} {ex_stage_i.lsu_i.i_store_unit.store_buffer_i.commit_queue_q[1].pc[0]}
flop flop
--------------------------------
INFO (IGPH001): 20:51:50 Creating Graph (10% completed).
INFO (IGPH001): 20:51:50 Creating Graph (20% completed).
INFO (IGPH001): 20:51:50 Creating Graph (30% completed).
INFO (IGPH001): 20:51:50 Creating Graph (40% completed).
INFO (IGPH001): 20:51:50 Creating Graph (50% completed).
INFO (IGPH001): 20:51:50 Creating Graph (60% completed).
INFO (IGPH001): 20:51:50 Creating Graph (70% completed).
INFO (IGPH001): 20:51:50 Creating Graph (80% completed).
INFO (IGPH001): 20:51:50 Creating Graph (90% completed).
INFO (IGPH001): 20:51:50 Creating Graph (100% completed).
ex_stage_i.lsu_i.lsu_bypass_i.mem_q[1].pc ex_stage_i.lsu_i.i_store_unit.store_buffer_i.speculative_queue_q[0].pc, {ex_stage_i.lsu_i.lsu_bypass_i.mem_q[1].pc[0]} {ex_stage_i.lsu_i.i_store_unit.st_pc_q[0]} {ex_stage_i.lsu_i.i_store_unit.store_buffer_i.speculative_queue_q[0].pc[0]}
flop flop
--------------------------------
INFO (IGPH001): 20:51:51 Creating Graph (10% completed).
INFO (IGPH001): 20:51:51 Creating Graph (20% completed).
INFO (IGPH001): 20:51:51 Creating Graph (30% completed).
INFO (IGPH001): 20:51:51 Creating Graph (40% completed).
INFO (IGPH001): 20:51:51 Creating Graph (50% completed).
INFO (IGPH001): 20:51:51 Creating Graph (60% completed).
INFO (IGPH001): 20:51:51 Creating Graph (70% completed).
INFO (IGPH001): 20:51:51 Creating Graph (80% completed).
INFO (IGPH001): 20:51:52 Creating Graph (90% completed).
INFO (IGPH001): 20:51:52 Creating Graph (100% completed).
ex_stage_i.lsu_i.lsu_bypass_i.mem_q[1].pc ex_stage_i.lsu_i.i_store_unit.store_buffer_i.speculative_queue_q[1].pc, {ex_stage_i.lsu_i.lsu_bypass_i.mem_q[1].pc[0]} {ex_stage_i.lsu_i.i_store_unit.st_pc_q[0]} {ex_stage_i.lsu_i.i_store_unit.store_buffer_i.speculative_queue_q[1].pc[0]}
flop flop
--------------------------------
INFO (IGPH001): 20:51:52 Creating Graph (10% completed).
INFO (IGPH001): 20:51:52 Creating Graph (20% completed).
INFO (IGPH001): 20:51:52 Creating Graph (30% completed).
INFO (IGPH001): 20:51:52 Creating Graph (40% completed).
INFO (IGPH001): 20:51:52 Creating Graph (50% completed).
INFO (IGPH001): 20:51:52 Creating Graph (60% completed).
INFO (IGPH001): 20:51:52 Creating Graph (70% completed).
INFO (IGPH001): 20:51:52 Creating Graph (80% completed).
INFO (IGPH001): 20:51:53 Creating Graph (90% completed).
INFO (IGPH001): 20:51:53 Creating Graph (100% completed).
ex_stage_i.lsu_i.lsu_bypass_i.mem_q[1].pc ex_stage_i.lsu_i.i_load_unit.load_data_q.ld_pc, {ex_stage_i.lsu_i.lsu_bypass_i.mem_q[1].pc[0]} {ex_stage_i.lsu_i.i_load_unit.load_data_q.ld_pc[0]}
flop flop
ADD ex_stage_i.lsu_i.lsu_bypass_i.mem_q[1].pc ex_stage_i.lsu_i.i_load_unit.load_data_q.ld_pc
--------------------------------
INFO (IGPH001): 20:51:53 Creating Graph (10% completed).
INFO (IGPH001): 20:51:53 Creating Graph (20% completed).
INFO (IGPH001): 20:51:53 Creating Graph (30% completed).
INFO (IGPH001): 20:51:53 Creating Graph (40% completed).
INFO (IGPH001): 20:51:53 Creating Graph (50% completed).
INFO (IGPH001): 20:51:53 Creating Graph (60% completed).
INFO (IGPH001): 20:51:53 Creating Graph (70% completed).
INFO (IGPH001): 20:51:53 Creating Graph (80% completed).
INFO (IGPH001): 20:51:54 Creating Graph (90% completed).
INFO (IGPH001): 20:51:54 Creating Graph (100% completed).
ex_stage_i.lsu_i.lsu_bypass_i.mem_q[1].pc ex_stage_i.lsu_i.i_store_unit.st_pc_q, {ex_stage_i.lsu_i.lsu_bypass_i.mem_q[1].pc[0]} {ex_stage_i.lsu_i.i_store_unit.st_pc_q[0]}
flop flop
ADD ex_stage_i.lsu_i.lsu_bypass_i.mem_q[1].pc ex_stage_i.lsu_i.i_store_unit.st_pc_q
--------------------------------
INFO (IGPH001): 20:51:54 Creating Graph (10% completed).
INFO (IGPH001): 20:51:54 Creating Graph (20% completed).
INFO (IGPH001): 20:51:54 Creating Graph (30% completed).
INFO (IGPH001): 20:51:54 Creating Graph (40% completed).
INFO (IGPH001): 20:51:54 Creating Graph (50% completed).
INFO (IGPH001): 20:51:54 Creating Graph (60% completed).
INFO (IGPH001): 20:51:54 Creating Graph (70% completed).
INFO (IGPH001): 20:51:54 Creating Graph (80% completed).
INFO (IGPH001): 20:51:55 Creating Graph (90% completed).
INFO (IGPH001): 20:51:55 Creating Graph (100% completed).
ex_stage_i.lsu_i.lsu_bypass_i.mem_q[1].pc ex_stage_i.lsu_i.load_pc_o, {ex_stage_i.lsu_i.lsu_bypass_i.mem_q[1].pc[6]} {ex_stage_i.lsu_i.i_load_unit.load_data_q.ld_pc[6]} {ex_stage_i.lsu_i.i_pipe_reg_load.d_o[6]} {ex_stage_i.lsu_i.load_pc_o[6]}
flop wire
--------------------------------
INFO (IGPH001): 20:51:55 Creating Graph (10% completed).
INFO (IGPH001): 20:51:55 Creating Graph (20% completed).
INFO (IGPH001): 20:51:55 Creating Graph (30% completed).
INFO (IGPH001): 20:51:55 Creating Graph (40% completed).
INFO (IGPH001): 20:51:55 Creating Graph (50% completed).
INFO (IGPH001): 20:51:55 Creating Graph (60% completed).
INFO (IGPH001): 20:51:55 Creating Graph (70% completed).
INFO (IGPH001): 20:51:55 Creating Graph (80% completed).
INFO (IGPH001): 20:51:55 Creating Graph (90% completed).
INFO (IGPH001): 20:51:56 Creating Graph (100% completed).
WARNING (WGPH001): No path between "ex_stage_i.lsu_i.lsu_bypass_i.mem_q[1].pc" and "ex_stage_i.csr_buffer_i.csr_reg_q.pc" exists.
ex_stage_i.lsu_i.lsu_bypass_i.mem_q[1].pc ex_stage_i.csr_buffer_i.csr_reg_q.pc, 
flop flop
--------------------------------
INFO (IGPH001): 20:51:56 Creating Graph (10% completed).
INFO (IGPH001): 20:51:56 Creating Graph (20% completed).
INFO (IGPH001): 20:51:56 Creating Graph (30% completed).
INFO (IGPH001): 20:51:56 Creating Graph (40% completed).
INFO (IGPH001): 20:51:56 Creating Graph (50% completed).
INFO (IGPH001): 20:51:56 Creating Graph (60% completed).
INFO (IGPH001): 20:51:56 Creating Graph (70% completed).
INFO (IGPH001): 20:51:56 Creating Graph (80% completed).
INFO (IGPH001): 20:51:56 Creating Graph (90% completed).
INFO (IGPH001): 20:51:56 Creating Graph (100% completed).
WARNING (WGPH001): No path between "ex_stage_i.lsu_i.lsu_bypass_i.mem_q[1].pc" and "ex_stage_i.i_mult.i_multiplier.pc_q" exists.
ex_stage_i.lsu_i.lsu_bypass_i.mem_q[1].pc ex_stage_i.i_mult.i_multiplier.pc_q, 
flop flop
--------------------------------
INFO (IGPH001): 20:51:56 Creating Graph (20% completed).
INFO (IGPH001): 20:51:56 Creating Graph (30% completed).
INFO (IGPH001): 20:51:56 Creating Graph (40% completed).
INFO (IGPH001): 20:51:56 Creating Graph (50% completed).
INFO (IGPH001): 20:51:56 Creating Graph (60% completed).
INFO (IGPH001): 20:51:56 Creating Graph (70% completed).
INFO (IGPH001): 20:51:56 Creating Graph (80% completed).
INFO (IGPH001): 20:51:57 Creating Graph (90% completed).
INFO (IGPH001): 20:51:57 Creating Graph (100% completed).
ex_stage_i.lsu_i.lsu_bypass_i.mem_q[1].pc ex_stage_i.lsu_i.i_load_unit.lsu_ctrl_i.pc, {ex_stage_i.lsu_i.lsu_bypass_i.mem_q[1].pc[0]} {ex_stage_i.lsu_i.i_load_unit.lsu_ctrl_i.pc[0]}
flop wire
ADD ex_stage_i.lsu_i.lsu_bypass_i.mem_q[1].pc ex_stage_i.lsu_i.i_load_unit.lsu_ctrl_i.pc
--------------------------------
INFO (IGPH001): 20:51:57 Creating Graph (10% completed).
INFO (IGPH001): 20:51:57 Creating Graph (20% completed).
INFO (IGPH001): 20:51:57 Creating Graph (30% completed).
INFO (IGPH001): 20:51:57 Creating Graph (40% completed).
INFO (IGPH001): 20:51:57 Creating Graph (50% completed).
INFO (IGPH001): 20:51:57 Creating Graph (60% completed).
INFO (IGPH001): 20:51:57 Creating Graph (70% completed).
INFO (IGPH001): 20:51:57 Creating Graph (80% completed).
INFO (IGPH001): 20:51:58 Creating Graph (90% completed).
INFO (IGPH001): 20:51:58 Creating Graph (100% completed).
ex_stage_i.lsu_i.lsu_bypass_i.mem_q[1].pc ex_stage_i.lsu_i.i_ord_sram.pc_i, {ex_stage_i.lsu_i.lsu_bypass_i.mem_q[1].pc[43]} {ex_stage_i.lsu_i.i_ord_sram.pc_i[43]}
flop wire
ADD ex_stage_i.lsu_i.lsu_bypass_i.mem_q[1].pc ex_stage_i.lsu_i.i_ord_sram.pc_i
--------------------------------
INFO (IGPH001): 20:51:58 Creating Graph (10% completed).
INFO (IGPH001): 20:51:58 Creating Graph (20% completed).
INFO (IGPH001): 20:51:58 Creating Graph (30% completed).
INFO (IGPH001): 20:51:58 Creating Graph (40% completed).
INFO (IGPH001): 20:51:58 Creating Graph (50% completed).
INFO (IGPH001): 20:51:58 Creating Graph (60% completed).
INFO (IGPH001): 20:51:58 Creating Graph (70% completed).
INFO (IGPH001): 20:51:58 Creating Graph (80% completed).
INFO (IGPH001): 20:51:59 Creating Graph (90% completed).
INFO (IGPH001): 20:51:59 Creating Graph (100% completed).
issue_stage_i.i_scoreboard.mem_q[0].sbe.pc ex_stage_i.i_mult.i_div.pc_q, {issue_stage_i.i_scoreboard.mem_q[0].sbe.pc[13]} {csr_regfile_i.sepc_q[13]} {csr_regfile_i.scounteren_q[13]} {ex_stage_i.i_mult.i_div.pc_q[63]}
flop flop
--------------------------------
INFO (IGPH001): 20:51:59 Creating Graph (10% completed).
INFO (IGPH001): 20:51:59 Creating Graph (20% completed).
INFO (IGPH001): 20:51:59 Creating Graph (30% completed).
INFO (IGPH001): 20:51:59 Creating Graph (40% completed).
INFO (IGPH001): 20:51:59 Creating Graph (50% completed).
INFO (IGPH001): 20:51:59 Creating Graph (60% completed).
INFO (IGPH001): 20:51:59 Creating Graph (70% completed).
INFO (IGPH001): 20:51:59 Creating Graph (80% completed).
INFO (IGPH001): 20:52:00 Creating Graph (90% completed).
INFO (IGPH001): 20:52:00 Creating Graph (100% completed).
issue_stage_i.i_scoreboard.mem_q[0].sbe.pc id_stage_i.issue_q.sbe.pc, {issue_stage_i.i_scoreboard.mem_q[0].sbe.pc[13]} {csr_regfile_i.sepc_q[13]} {csr_regfile_i.scounteren_q[13]} {id_stage_i.issue_q.sbe.pc[63]}
flop flop
--------------------------------
INFO (IGPH001): 20:52:00 Creating Graph (10% completed).
INFO (IGPH001): 20:52:00 Creating Graph (20% completed).
INFO (IGPH001): 20:52:00 Creating Graph (30% completed).
INFO (IGPH001): 20:52:00 Creating Graph (40% completed).
INFO (IGPH001): 20:52:00 Creating Graph (50% completed).
INFO (IGPH001): 20:52:00 Creating Graph (60% completed).
INFO (IGPH001): 20:52:00 Creating Graph (70% completed).
INFO (IGPH001): 20:52:00 Creating Graph (80% completed).
INFO (IGPH001): 20:52:01 Creating Graph (90% completed).
INFO (IGPH001): 20:52:01 Creating Graph (100% completed).
issue_stage_i.i_scoreboard.mem_q[0].sbe.pc issue_stage_i.i_issue_read_operands.pc_o, {issue_stage_i.i_scoreboard.mem_q[0].sbe.pc[13]} {csr_regfile_i.sepc_q[13]} {csr_regfile_i.scounteren_q[13]} {id_stage_i.issue_q.sbe.pc[12]} {issue_stage_i.i_issue_read_operands.pc_o[12]}
flop flop
--------------------------------
INFO (IGPH001): 20:52:01 Creating Graph (10% completed).
INFO (IGPH001): 20:52:01 Creating Graph (20% completed).
INFO (IGPH001): 20:52:01 Creating Graph (30% completed).
INFO (IGPH001): 20:52:01 Creating Graph (40% completed).
INFO (IGPH001): 20:52:01 Creating Graph (50% completed).
INFO (IGPH001): 20:52:01 Creating Graph (60% completed).
INFO (IGPH001): 20:52:01 Creating Graph (70% completed).
INFO (IGPH001): 20:52:01 Creating Graph (80% completed).
INFO (IGPH001): 20:52:02 Creating Graph (90% completed).
INFO (IGPH001): 20:52:02 Creating Graph (100% completed).
issue_stage_i.i_scoreboard.mem_q[0].sbe.pc ex_stage_i.lsu_i.lsu_bypass_i.mem_q[0].pc, {issue_stage_i.i_scoreboard.mem_q[0].sbe.pc[13]} {csr_regfile_i.sepc_q[13]} {csr_regfile_i.scounteren_q[13]} {ex_stage_i.lsu_i.lsu_bypass_i.mem_q[0].pc[63]}
flop flop
--------------------------------
INFO (IGPH001): 20:52:02 Creating Graph (10% completed).
INFO (IGPH001): 20:52:02 Creating Graph (20% completed).
INFO (IGPH001): 20:52:02 Creating Graph (30% completed).
INFO (IGPH001): 20:52:02 Creating Graph (40% completed).
INFO (IGPH001): 20:52:02 Creating Graph (50% completed).
INFO (IGPH001): 20:52:02 Creating Graph (60% completed).
INFO (IGPH001): 20:52:02 Creating Graph (70% completed).
INFO (IGPH001): 20:52:02 Creating Graph (80% completed).
INFO (IGPH001): 20:52:02 Creating Graph (90% completed).
INFO (IGPH001): 20:52:03 Creating Graph (100% completed).
issue_stage_i.i_scoreboard.mem_q[0].sbe.pc ex_stage_i.lsu_i.lsu_bypass_i.mem_q[1].pc, {issue_stage_i.i_scoreboard.mem_q[0].sbe.pc[13]} {csr_regfile_i.sepc_q[13]} {csr_regfile_i.scounteren_q[13]} {ex_stage_i.lsu_i.lsu_bypass_i.mem_q[1].pc[63]}
flop flop
--------------------------------
issue_stage_i.i_scoreboard.mem_q[0].sbe.pc issue_stage_i.i_scoreboard.mem_q[0].sbe.pc, 
flop flop
--------------------------------
INFO (IGPH001): 20:52:03 Creating Graph (10% completed).
INFO (IGPH001): 20:52:03 Creating Graph (20% completed).
INFO (IGPH001): 20:52:03 Creating Graph (30% completed).
INFO (IGPH001): 20:52:03 Creating Graph (40% completed).
INFO (IGPH001): 20:52:03 Creating Graph (50% completed).
INFO (IGPH001): 20:52:03 Creating Graph (60% completed).
INFO (IGPH001): 20:52:03 Creating Graph (70% completed).
INFO (IGPH001): 20:52:03 Creating Graph (80% completed).
INFO (IGPH001): 20:52:03 Creating Graph (90% completed).
INFO (IGPH001): 20:52:03 Creating Graph (100% completed).
issue_stage_i.i_scoreboard.mem_q[0].sbe.pc issue_stage_i.i_scoreboard.mem_q[1].sbe.pc, {issue_stage_i.i_scoreboard.mem_q[0].sbe.pc[13]} {csr_regfile_i.sepc_q[13]} {csr_regfile_i.scounteren_q[13]} {issue_stage_i.i_scoreboard.mem_q[1].sbe.pc[63]}
flop flop
--------------------------------
INFO (IGPH001): 20:52:04 Creating Graph (10% completed).
INFO (IGPH001): 20:52:04 Creating Graph (20% completed).
INFO (IGPH001): 20:52:04 Creating Graph (30% completed).
INFO (IGPH001): 20:52:04 Creating Graph (40% completed).
INFO (IGPH001): 20:52:04 Creating Graph (50% completed).
INFO (IGPH001): 20:52:04 Creating Graph (60% completed).
INFO (IGPH001): 20:52:04 Creating Graph (70% completed).
INFO (IGPH001): 20:52:04 Creating Graph (80% completed).
INFO (IGPH001): 20:52:04 Creating Graph (90% completed).
INFO (IGPH001): 20:52:04 Creating Graph (100% completed).
issue_stage_i.i_scoreboard.mem_q[0].sbe.pc issue_stage_i.i_scoreboard.mem_q[2].sbe.pc, {issue_stage_i.i_scoreboard.mem_q[0].sbe.pc[13]} {csr_regfile_i.sepc_q[13]} {csr_regfile_i.scounteren_q[13]} {issue_stage_i.i_scoreboard.mem_q[2].sbe.pc[63]}
flop flop
--------------------------------
INFO (IGPH001): 20:52:04 Creating Graph (10% completed).
INFO (IGPH001): 20:52:04 Creating Graph (20% completed).
INFO (IGPH001): 20:52:04 Creating Graph (30% completed).
INFO (IGPH001): 20:52:04 Creating Graph (40% completed).
INFO (IGPH001): 20:52:04 Creating Graph (50% completed).
INFO (IGPH001): 20:52:04 Creating Graph (60% completed).
INFO (IGPH001): 20:52:04 Creating Graph (70% completed).
INFO (IGPH001): 20:52:04 Creating Graph (80% completed).
INFO (IGPH001): 20:52:05 Creating Graph (90% completed).
INFO (IGPH001): 20:52:05 Creating Graph (100% completed).
issue_stage_i.i_scoreboard.mem_q[0].sbe.pc issue_stage_i.i_scoreboard.mem_q[3].sbe.pc, {issue_stage_i.i_scoreboard.mem_q[0].sbe.pc[13]} {csr_regfile_i.sepc_q[13]} {csr_regfile_i.scounteren_q[13]} {issue_stage_i.i_scoreboard.mem_q[3].sbe.pc[63]}
flop flop
--------------------------------
INFO (IGPH001): 20:52:05 Creating Graph (10% completed).
INFO (IGPH001): 20:52:05 Creating Graph (20% completed).
INFO (IGPH001): 20:52:05 Creating Graph (30% completed).
INFO (IGPH001): 20:52:05 Creating Graph (40% completed).
INFO (IGPH001): 20:52:05 Creating Graph (50% completed).
INFO (IGPH001): 20:52:05 Creating Graph (60% completed).
INFO (IGPH001): 20:52:05 Creating Graph (70% completed).
INFO (IGPH001): 20:52:05 Creating Graph (80% completed).
INFO (IGPH001): 20:52:06 Creating Graph (90% completed).
INFO (IGPH001): 20:52:06 Creating Graph (100% completed).
issue_stage_i.i_scoreboard.mem_q[0].sbe.pc ex_stage_i.lsu_i.i_store_unit.store_buffer_i.commit_queue_q[0].pc, {issue_stage_i.i_scoreboard.mem_q[0].sbe.pc[13]} {csr_regfile_i.sepc_q[13]} {csr_regfile_i.scounteren_q[13]} {issue_stage_i.i_scoreboard.mem_q[2].sbe.valid} {ex_stage_i.lsu_i.i_store_unit.store_buffer_i.commit_queue_q[0].pc[62]}
flop flop
--------------------------------
INFO (IGPH001): 20:52:06 Creating Graph (10% completed).
INFO (IGPH001): 20:52:06 Creating Graph (20% completed).
INFO (IGPH001): 20:52:06 Creating Graph (30% completed).
INFO (IGPH001): 20:52:06 Creating Graph (40% completed).
INFO (IGPH001): 20:52:06 Creating Graph (50% completed).
INFO (IGPH001): 20:52:06 Creating Graph (60% completed).
INFO (IGPH001): 20:52:06 Creating Graph (70% completed).
INFO (IGPH001): 20:52:06 Creating Graph (80% completed).
INFO (IGPH001): 20:52:07 Creating Graph (90% completed).
INFO (IGPH001): 20:52:07 Creating Graph (100% completed).
issue_stage_i.i_scoreboard.mem_q[0].sbe.pc ex_stage_i.lsu_i.i_store_unit.store_buffer_i.commit_queue_q[1].pc, {issue_stage_i.i_scoreboard.mem_q[0].sbe.pc[13]} {csr_regfile_i.sepc_q[13]} {csr_regfile_i.scounteren_q[13]} {issue_stage_i.i_scoreboard.mem_q[2].sbe.valid} {ex_stage_i.lsu_i.i_store_unit.store_buffer_i.commit_queue_q[1].pc[63]}
flop flop
--------------------------------
INFO (IGPH001): 20:52:07 Creating Graph (10% completed).
INFO (IGPH001): 20:52:07 Creating Graph (20% completed).
INFO (IGPH001): 20:52:07 Creating Graph (30% completed).
INFO (IGPH001): 20:52:07 Creating Graph (40% completed).
INFO (IGPH001): 20:52:07 Creating Graph (50% completed).
INFO (IGPH001): 20:52:07 Creating Graph (60% completed).
INFO (IGPH001): 20:52:07 Creating Graph (70% completed).
INFO (IGPH001): 20:52:07 Creating Graph (80% completed).
INFO (IGPH001): 20:52:08 Creating Graph (90% completed).
INFO (IGPH001): 20:52:08 Creating Graph (100% completed).
issue_stage_i.i_scoreboard.mem_q[0].sbe.pc ex_stage_i.lsu_i.i_store_unit.store_buffer_i.speculative_queue_q[0].pc, {issue_stage_i.i_scoreboard.mem_q[0].sbe.pc[13]} {csr_regfile_i.sepc_q[13]} {csr_regfile_i.scounteren_q[13]} {ex_stage_i.lsu_i.i_store_unit.store_buffer_i.speculative_queue_q[0].pc[63]}
flop flop
--------------------------------
INFO (IGPH001): 20:52:08 Creating Graph (10% completed).
INFO (IGPH001): 20:52:08 Creating Graph (20% completed).
INFO (IGPH001): 20:52:08 Creating Graph (30% completed).
INFO (IGPH001): 20:52:08 Creating Graph (40% completed).
INFO (IGPH001): 20:52:08 Creating Graph (50% completed).
INFO (IGPH001): 20:52:08 Creating Graph (60% completed).
INFO (IGPH001): 20:52:08 Creating Graph (70% completed).
INFO (IGPH001): 20:52:08 Creating Graph (80% completed).
INFO (IGPH001): 20:52:09 Creating Graph (90% completed).
INFO (IGPH001): 20:52:09 Creating Graph (100% completed).
issue_stage_i.i_scoreboard.mem_q[0].sbe.pc ex_stage_i.lsu_i.i_store_unit.store_buffer_i.speculative_queue_q[1].pc, {issue_stage_i.i_scoreboard.mem_q[0].sbe.pc[13]} {csr_regfile_i.sepc_q[13]} {csr_regfile_i.scounteren_q[13]} {ex_stage_i.lsu_i.i_store_unit.store_buffer_i.speculative_queue_q[1].pc[63]}
flop flop
--------------------------------
INFO (IGPH001): 20:52:09 Creating Graph (10% completed).
INFO (IGPH001): 20:52:09 Creating Graph (20% completed).
INFO (IGPH001): 20:52:09 Creating Graph (30% completed).
INFO (IGPH001): 20:52:09 Creating Graph (40% completed).
INFO (IGPH001): 20:52:09 Creating Graph (50% completed).
INFO (IGPH001): 20:52:09 Creating Graph (60% completed).
INFO (IGPH001): 20:52:09 Creating Graph (70% completed).
INFO (IGPH001): 20:52:09 Creating Graph (80% completed).
INFO (IGPH001): 20:52:10 Creating Graph (90% completed).
INFO (IGPH001): 20:52:10 Creating Graph (100% completed).
issue_stage_i.i_scoreboard.mem_q[0].sbe.pc ex_stage_i.lsu_i.i_load_unit.load_data_q.ld_pc, {issue_stage_i.i_scoreboard.mem_q[0].sbe.pc[13]} {csr_regfile_i.sepc_q[13]} {csr_regfile_i.scounteren_q[13]} {ex_stage_i.lsu_i.i_load_unit.state_q[1]} {ex_stage_i.lsu_i.i_load_unit.load_data_q.ld_pc[9]}
flop flop
--------------------------------
INFO (IGPH001): 20:52:10 Creating Graph (10% completed).
INFO (IGPH001): 20:52:10 Creating Graph (20% completed).
INFO (IGPH001): 20:52:10 Creating Graph (30% completed).
INFO (IGPH001): 20:52:10 Creating Graph (40% completed).
INFO (IGPH001): 20:52:10 Creating Graph (50% completed).
INFO (IGPH001): 20:52:10 Creating Graph (60% completed).
INFO (IGPH001): 20:52:10 Creating Graph (70% completed).
INFO (IGPH001): 20:52:10 Creating Graph (80% completed).
INFO (IGPH001): 20:52:11 Creating Graph (90% completed).
INFO (IGPH001): 20:52:11 Creating Graph (100% completed).
issue_stage_i.i_scoreboard.mem_q[0].sbe.pc ex_stage_i.lsu_i.i_store_unit.st_pc_q, {issue_stage_i.i_scoreboard.mem_q[0].sbe.pc[13]} {csr_regfile_i.sepc_q[13]} {csr_regfile_i.scounteren_q[13]} {ex_stage_i.lsu_i.lsu_bypass_i.mem_q[0].pc[9]} {ex_stage_i.lsu_i.i_store_unit.st_pc_q[9]}
flop flop
--------------------------------
INFO (IGPH001): 20:52:11 Creating Graph (10% completed).
INFO (IGPH001): 20:52:11 Creating Graph (20% completed).
INFO (IGPH001): 20:52:11 Creating Graph (30% completed).
INFO (IGPH001): 20:52:11 Creating Graph (40% completed).
INFO (IGPH001): 20:52:11 Creating Graph (50% completed).
INFO (IGPH001): 20:52:11 Creating Graph (60% completed).
INFO (IGPH001): 20:52:11 Creating Graph (70% completed).
INFO (IGPH001): 20:52:11 Creating Graph (80% completed).
INFO (IGPH001): 20:52:12 Creating Graph (90% completed).
INFO (IGPH001): 20:52:12 Creating Graph (100% completed).
issue_stage_i.i_scoreboard.mem_q[0].sbe.pc ex_stage_i.lsu_i.load_pc_o, {issue_stage_i.i_scoreboard.mem_q[0].sbe.pc[13]} {csr_regfile_i.sepc_q[13]} {csr_regfile_i.scounteren_q[13]} {ex_stage_i.lsu_i.i_load_unit.state_q[1]} {ex_stage_i.lsu_i.i_load_unit.load_data_q.ld_pc[59]} {ex_stage_i.lsu_i.i_pipe_reg_load.d_o[59]} {ex_stage_i.lsu_i.load_pc_o[59]}
flop wire
--------------------------------
INFO (IGPH001): 20:52:12 Creating Graph (10% completed).
INFO (IGPH001): 20:52:12 Creating Graph (20% completed).
INFO (IGPH001): 20:52:12 Creating Graph (30% completed).
INFO (IGPH001): 20:52:12 Creating Graph (40% completed).
INFO (IGPH001): 20:52:12 Creating Graph (50% completed).
INFO (IGPH001): 20:52:12 Creating Graph (60% completed).
INFO (IGPH001): 20:52:12 Creating Graph (70% completed).
INFO (IGPH001): 20:52:12 Creating Graph (80% completed).
INFO (IGPH001): 20:52:13 Creating Graph (90% completed).
INFO (IGPH001): 20:52:13 Creating Graph (100% completed).
issue_stage_i.i_scoreboard.mem_q[0].sbe.pc ex_stage_i.csr_buffer_i.csr_reg_q.pc, {issue_stage_i.i_scoreboard.mem_q[0].sbe.pc[13]} {csr_regfile_i.sepc_q[13]} {csr_regfile_i.scounteren_q[13]} issue_stage_i.i_issue_read_operands.csr_valid_q {ex_stage_i.csr_buffer_i.csr_reg_q.pc[3]}
flop flop
--------------------------------
INFO (IGPH001): 20:52:13 Creating Graph (10% completed).
INFO (IGPH001): 20:52:13 Creating Graph (20% completed).
INFO (IGPH001): 20:52:13 Creating Graph (30% completed).
INFO (IGPH001): 20:52:13 Creating Graph (40% completed).
INFO (IGPH001): 20:52:13 Creating Graph (50% completed).
INFO (IGPH001): 20:52:13 Creating Graph (60% completed).
INFO (IGPH001): 20:52:13 Creating Graph (70% completed).
INFO (IGPH001): 20:52:13 Creating Graph (80% completed).
INFO (IGPH001): 20:52:14 Creating Graph (90% completed).
INFO (IGPH001): 20:52:14 Creating Graph (100% completed).
issue_stage_i.i_scoreboard.mem_q[0].sbe.pc ex_stage_i.i_mult.i_multiplier.pc_q, {issue_stage_i.i_scoreboard.mem_q[0].sbe.pc[13]} {csr_regfile_i.sepc_q[13]} {csr_regfile_i.scounteren_q[13]} {id_stage_i.issue_q.sbe.pc[56]} {issue_stage_i.i_issue_read_operands.pc_o[56]} {ex_stage_i.i_mult.i_multiplier.pc_q[56]}
flop flop
--------------------------------
INFO (IGPH001): 20:52:14 Creating Graph (20% completed).
INFO (IGPH001): 20:52:14 Creating Graph (30% completed).
INFO (IGPH001): 20:52:14 Creating Graph (40% completed).
INFO (IGPH001): 20:52:14 Creating Graph (50% completed).
INFO (IGPH001): 20:52:14 Creating Graph (60% completed).
INFO (IGPH001): 20:52:14 Creating Graph (70% completed).
INFO (IGPH001): 20:52:14 Creating Graph (80% completed).
INFO (IGPH001): 20:52:15 Creating Graph (90% completed).
INFO (IGPH001): 20:52:15 Creating Graph (100% completed).
issue_stage_i.i_scoreboard.mem_q[0].sbe.pc ex_stage_i.lsu_i.i_load_unit.lsu_ctrl_i.pc, {issue_stage_i.i_scoreboard.mem_q[0].sbe.pc[13]} {csr_regfile_i.sepc_q[13]} {csr_regfile_i.scounteren_q[13]} {ex_stage_i.lsu_i.lsu_bypass_i.mem_q[0].pc[9]} {ex_stage_i.lsu_i.i_load_unit.lsu_ctrl_i.pc[9]}
flop wire
--------------------------------
INFO (IGPH001): 20:52:15 Creating Graph (10% completed).
INFO (IGPH001): 20:52:15 Creating Graph (20% completed).
INFO (IGPH001): 20:52:15 Creating Graph (30% completed).
INFO (IGPH001): 20:52:15 Creating Graph (40% completed).
INFO (IGPH001): 20:52:15 Creating Graph (50% completed).
INFO (IGPH001): 20:52:15 Creating Graph (60% completed).
INFO (IGPH001): 20:52:15 Creating Graph (70% completed).
INFO (IGPH001): 20:52:15 Creating Graph (80% completed).
INFO (IGPH001): 20:52:16 Creating Graph (90% completed).
INFO (IGPH001): 20:52:16 Creating Graph (100% completed).
issue_stage_i.i_scoreboard.mem_q[0].sbe.pc ex_stage_i.lsu_i.i_ord_sram.pc_i, {issue_stage_i.i_scoreboard.mem_q[0].sbe.pc[13]} {csr_regfile_i.sepc_q[13]} {csr_regfile_i.scounteren_q[13]} {ex_stage_i.lsu_i.lsu_bypass_i.mem_q[0].vaddr[4]} {ex_stage_i.lsu_i.i_ord_sram.pc_i[63]}
flop wire
--------------------------------
INFO (IGPH001): 20:52:16 Creating Graph (10% completed).
INFO (IGPH001): 20:52:16 Creating Graph (20% completed).
INFO (IGPH001): 20:52:16 Creating Graph (30% completed).
INFO (IGPH001): 20:52:16 Creating Graph (40% completed).
INFO (IGPH001): 20:52:16 Creating Graph (50% completed).
INFO (IGPH001): 20:52:16 Creating Graph (60% completed).
INFO (IGPH001): 20:52:16 Creating Graph (70% completed).
INFO (IGPH001): 20:52:16 Creating Graph (80% completed).
INFO (IGPH001): 20:52:17 Creating Graph (90% completed).
INFO (IGPH001): 20:52:17 Creating Graph (100% completed).
issue_stage_i.i_scoreboard.mem_q[1].sbe.pc ex_stage_i.i_mult.i_div.pc_q, {issue_stage_i.i_scoreboard.mem_q[1].sbe.pc[13]} {csr_regfile_i.sepc_q[13]} {csr_regfile_i.scounteren_q[13]} {ex_stage_i.i_mult.i_div.pc_q[63]}
flop flop
--------------------------------
INFO (IGPH001): 20:52:17 Creating Graph (10% completed).
INFO (IGPH001): 20:52:17 Creating Graph (20% completed).
INFO (IGPH001): 20:52:17 Creating Graph (30% completed).
INFO (IGPH001): 20:52:17 Creating Graph (40% completed).
INFO (IGPH001): 20:52:17 Creating Graph (50% completed).
INFO (IGPH001): 20:52:17 Creating Graph (60% completed).
INFO (IGPH001): 20:52:17 Creating Graph (70% completed).
INFO (IGPH001): 20:52:17 Creating Graph (80% completed).
INFO (IGPH001): 20:52:18 Creating Graph (90% completed).
INFO (IGPH001): 20:52:18 Creating Graph (100% completed).
issue_stage_i.i_scoreboard.mem_q[1].sbe.pc id_stage_i.issue_q.sbe.pc, {issue_stage_i.i_scoreboard.mem_q[1].sbe.pc[13]} {csr_regfile_i.sepc_q[13]} {csr_regfile_i.scounteren_q[13]} {id_stage_i.issue_q.sbe.pc[63]}
flop flop
--------------------------------
INFO (IGPH001): 20:52:18 Creating Graph (10% completed).
INFO (IGPH001): 20:52:18 Creating Graph (20% completed).
INFO (IGPH001): 20:52:18 Creating Graph (30% completed).
INFO (IGPH001): 20:52:18 Creating Graph (40% completed).
INFO (IGPH001): 20:52:18 Creating Graph (50% completed).
INFO (IGPH001): 20:52:18 Creating Graph (60% completed).
INFO (IGPH001): 20:52:18 Creating Graph (70% completed).
INFO (IGPH001): 20:52:18 Creating Graph (80% completed).
INFO (IGPH001): 20:52:19 Creating Graph (90% completed).
INFO (IGPH001): 20:52:19 Creating Graph (100% completed).
issue_stage_i.i_scoreboard.mem_q[1].sbe.pc issue_stage_i.i_issue_read_operands.pc_o, {issue_stage_i.i_scoreboard.mem_q[1].sbe.pc[13]} {csr_regfile_i.sepc_q[13]} {csr_regfile_i.scounteren_q[13]} {id_stage_i.issue_q.sbe.pc[12]} {issue_stage_i.i_issue_read_operands.pc_o[12]}
flop flop
--------------------------------
INFO (IGPH001): 20:52:19 Creating Graph (10% completed).
INFO (IGPH001): 20:52:19 Creating Graph (20% completed).
INFO (IGPH001): 20:52:19 Creating Graph (30% completed).
INFO (IGPH001): 20:52:19 Creating Graph (40% completed).
INFO (IGPH001): 20:52:19 Creating Graph (50% completed).
INFO (IGPH001): 20:52:19 Creating Graph (60% completed).
INFO (IGPH001): 20:52:19 Creating Graph (70% completed).
INFO (IGPH001): 20:52:19 Creating Graph (80% completed).
INFO (IGPH001): 20:52:20 Creating Graph (90% completed).
INFO (IGPH001): 20:52:20 Creating Graph (100% completed).
issue_stage_i.i_scoreboard.mem_q[1].sbe.pc ex_stage_i.lsu_i.lsu_bypass_i.mem_q[0].pc, {issue_stage_i.i_scoreboard.mem_q[1].sbe.pc[13]} {csr_regfile_i.sepc_q[13]} {csr_regfile_i.scounteren_q[13]} {ex_stage_i.lsu_i.lsu_bypass_i.mem_q[0].pc[63]}
flop flop
--------------------------------
INFO (IGPH001): 20:52:20 Creating Graph (10% completed).
INFO (IGPH001): 20:52:20 Creating Graph (20% completed).
INFO (IGPH001): 20:52:20 Creating Graph (30% completed).
INFO (IGPH001): 20:52:20 Creating Graph (40% completed).
INFO (IGPH001): 20:52:20 Creating Graph (50% completed).
INFO (IGPH001): 20:52:20 Creating Graph (60% completed).
INFO (IGPH001): 20:52:20 Creating Graph (70% completed).
INFO (IGPH001): 20:52:20 Creating Graph (80% completed).
INFO (IGPH001): 20:52:21 Creating Graph (90% completed).
INFO (IGPH001): 20:52:21 Creating Graph (100% completed).
issue_stage_i.i_scoreboard.mem_q[1].sbe.pc ex_stage_i.lsu_i.lsu_bypass_i.mem_q[1].pc, {issue_stage_i.i_scoreboard.mem_q[1].sbe.pc[13]} {csr_regfile_i.sepc_q[13]} {csr_regfile_i.scounteren_q[13]} {ex_stage_i.lsu_i.lsu_bypass_i.mem_q[1].pc[63]}
flop flop
--------------------------------
INFO (IGPH001): 20:52:21 Creating Graph (10% completed).
INFO (IGPH001): 20:52:21 Creating Graph (20% completed).
INFO (IGPH001): 20:52:21 Creating Graph (30% completed).
INFO (IGPH001): 20:52:21 Creating Graph (40% completed).
INFO (IGPH001): 20:52:21 Creating Graph (50% completed).
INFO (IGPH001): 20:52:21 Creating Graph (60% completed).
INFO (IGPH001): 20:52:21 Creating Graph (70% completed).
INFO (IGPH001): 20:52:21 Creating Graph (80% completed).
INFO (IGPH001): 20:52:21 Creating Graph (90% completed).
INFO (IGPH001): 20:52:21 Creating Graph (100% completed).
issue_stage_i.i_scoreboard.mem_q[1].sbe.pc issue_stage_i.i_scoreboard.mem_q[0].sbe.pc, {issue_stage_i.i_scoreboard.mem_q[1].sbe.pc[13]} {csr_regfile_i.sepc_q[13]} {csr_regfile_i.scounteren_q[13]} {issue_stage_i.i_scoreboard.mem_q[0].sbe.pc[63]}
flop flop
--------------------------------
issue_stage_i.i_scoreboard.mem_q[1].sbe.pc issue_stage_i.i_scoreboard.mem_q[1].sbe.pc, 
flop flop
--------------------------------
INFO (IGPH001): 20:52:22 Creating Graph (10% completed).
INFO (IGPH001): 20:52:22 Creating Graph (20% completed).
INFO (IGPH001): 20:52:22 Creating Graph (30% completed).
INFO (IGPH001): 20:52:22 Creating Graph (40% completed).
INFO (IGPH001): 20:52:22 Creating Graph (50% completed).
INFO (IGPH001): 20:52:22 Creating Graph (60% completed).
INFO (IGPH001): 20:52:22 Creating Graph (70% completed).
INFO (IGPH001): 20:52:22 Creating Graph (80% completed).
INFO (IGPH001): 20:52:22 Creating Graph (90% completed).
INFO (IGPH001): 20:52:22 Creating Graph (100% completed).
issue_stage_i.i_scoreboard.mem_q[1].sbe.pc issue_stage_i.i_scoreboard.mem_q[2].sbe.pc, {issue_stage_i.i_scoreboard.mem_q[1].sbe.pc[13]} {csr_regfile_i.sepc_q[13]} {csr_regfile_i.scounteren_q[13]} {issue_stage_i.i_scoreboard.mem_q[2].sbe.pc[63]}
flop flop
--------------------------------
INFO (IGPH001): 20:52:22 Creating Graph (10% completed).
INFO (IGPH001): 20:52:22 Creating Graph (20% completed).
INFO (IGPH001): 20:52:22 Creating Graph (30% completed).
INFO (IGPH001): 20:52:22 Creating Graph (40% completed).
INFO (IGPH001): 20:52:22 Creating Graph (50% completed).
INFO (IGPH001): 20:52:22 Creating Graph (60% completed).
INFO (IGPH001): 20:52:22 Creating Graph (70% completed).
INFO (IGPH001): 20:52:22 Creating Graph (80% completed).
INFO (IGPH001): 20:52:23 Creating Graph (90% completed).
INFO (IGPH001): 20:52:23 Creating Graph (100% completed).
issue_stage_i.i_scoreboard.mem_q[1].sbe.pc issue_stage_i.i_scoreboard.mem_q[3].sbe.pc, {issue_stage_i.i_scoreboard.mem_q[1].sbe.pc[13]} {csr_regfile_i.sepc_q[13]} {csr_regfile_i.scounteren_q[13]} {issue_stage_i.i_scoreboard.mem_q[3].sbe.pc[63]}
flop flop
--------------------------------
INFO (IGPH001): 20:52:23 Creating Graph (10% completed).
INFO (IGPH001): 20:52:23 Creating Graph (20% completed).
INFO (IGPH001): 20:52:23 Creating Graph (30% completed).
INFO (IGPH001): 20:52:23 Creating Graph (40% completed).
INFO (IGPH001): 20:52:23 Creating Graph (50% completed).
INFO (IGPH001): 20:52:23 Creating Graph (60% completed).
INFO (IGPH001): 20:52:23 Creating Graph (70% completed).
INFO (IGPH001): 20:52:23 Creating Graph (80% completed).
INFO (IGPH001): 20:52:24 Creating Graph (90% completed).
INFO (IGPH001): 20:52:24 Creating Graph (100% completed).
issue_stage_i.i_scoreboard.mem_q[1].sbe.pc ex_stage_i.lsu_i.i_store_unit.store_buffer_i.commit_queue_q[0].pc, {issue_stage_i.i_scoreboard.mem_q[1].sbe.pc[13]} {csr_regfile_i.sepc_q[13]} {csr_regfile_i.scounteren_q[13]} {issue_stage_i.i_scoreboard.mem_q[2].sbe.valid} {ex_stage_i.lsu_i.i_store_unit.store_buffer_i.commit_queue_q[0].pc[62]}
flop flop
--------------------------------
INFO (IGPH001): 20:52:24 Creating Graph (10% completed).
INFO (IGPH001): 20:52:24 Creating Graph (20% completed).
INFO (IGPH001): 20:52:24 Creating Graph (30% completed).
INFO (IGPH001): 20:52:24 Creating Graph (40% completed).
INFO (IGPH001): 20:52:24 Creating Graph (50% completed).
INFO (IGPH001): 20:52:24 Creating Graph (60% completed).
INFO (IGPH001): 20:52:24 Creating Graph (70% completed).
INFO (IGPH001): 20:52:24 Creating Graph (80% completed).
INFO (IGPH001): 20:52:25 Creating Graph (90% completed).
INFO (IGPH001): 20:52:25 Creating Graph (100% completed).
issue_stage_i.i_scoreboard.mem_q[1].sbe.pc ex_stage_i.lsu_i.i_store_unit.store_buffer_i.commit_queue_q[1].pc, {issue_stage_i.i_scoreboard.mem_q[1].sbe.pc[13]} {csr_regfile_i.sepc_q[13]} {csr_regfile_i.scounteren_q[13]} {issue_stage_i.i_scoreboard.mem_q[2].sbe.valid} {ex_stage_i.lsu_i.i_store_unit.store_buffer_i.commit_queue_q[1].pc[63]}
flop flop
--------------------------------
INFO (IGPH001): 20:52:25 Creating Graph (10% completed).
INFO (IGPH001): 20:52:25 Creating Graph (20% completed).
INFO (IGPH001): 20:52:25 Creating Graph (30% completed).
INFO (IGPH001): 20:52:25 Creating Graph (40% completed).
INFO (IGPH001): 20:52:25 Creating Graph (50% completed).
INFO (IGPH001): 20:52:25 Creating Graph (60% completed).
INFO (IGPH001): 20:52:25 Creating Graph (70% completed).
INFO (IGPH001): 20:52:25 Creating Graph (80% completed).
INFO (IGPH001): 20:52:26 Creating Graph (90% completed).
INFO (IGPH001): 20:52:26 Creating Graph (100% completed).
issue_stage_i.i_scoreboard.mem_q[1].sbe.pc ex_stage_i.lsu_i.i_store_unit.store_buffer_i.speculative_queue_q[0].pc, {issue_stage_i.i_scoreboard.mem_q[1].sbe.pc[13]} {csr_regfile_i.sepc_q[13]} {csr_regfile_i.scounteren_q[13]} {ex_stage_i.lsu_i.i_store_unit.store_buffer_i.speculative_queue_q[0].pc[63]}
flop flop
--------------------------------
INFO (IGPH001): 20:52:26 Creating Graph (10% completed).
INFO (IGPH001): 20:52:26 Creating Graph (20% completed).
INFO (IGPH001): 20:52:26 Creating Graph (30% completed).
INFO (IGPH001): 20:52:26 Creating Graph (40% completed).
INFO (IGPH001): 20:52:26 Creating Graph (50% completed).
INFO (IGPH001): 20:52:26 Creating Graph (60% completed).
INFO (IGPH001): 20:52:26 Creating Graph (70% completed).
INFO (IGPH001): 20:52:26 Creating Graph (80% completed).
INFO (IGPH001): 20:52:27 Creating Graph (90% completed).
INFO (IGPH001): 20:52:27 Creating Graph (100% completed).
issue_stage_i.i_scoreboard.mem_q[1].sbe.pc ex_stage_i.lsu_i.i_store_unit.store_buffer_i.speculative_queue_q[1].pc, {issue_stage_i.i_scoreboard.mem_q[1].sbe.pc[13]} {csr_regfile_i.sepc_q[13]} {csr_regfile_i.scounteren_q[13]} {ex_stage_i.lsu_i.i_store_unit.store_buffer_i.speculative_queue_q[1].pc[63]}
flop flop
--------------------------------
INFO (IGPH001): 20:52:27 Creating Graph (10% completed).
INFO (IGPH001): 20:52:27 Creating Graph (20% completed).
INFO (IGPH001): 20:52:27 Creating Graph (30% completed).
INFO (IGPH001): 20:52:27 Creating Graph (40% completed).
INFO (IGPH001): 20:52:27 Creating Graph (50% completed).
INFO (IGPH001): 20:52:27 Creating Graph (60% completed).
INFO (IGPH001): 20:52:27 Creating Graph (70% completed).
INFO (IGPH001): 20:52:27 Creating Graph (80% completed).
INFO (IGPH001): 20:52:28 Creating Graph (90% completed).
INFO (IGPH001): 20:52:28 Creating Graph (100% completed).
issue_stage_i.i_scoreboard.mem_q[1].sbe.pc ex_stage_i.lsu_i.i_load_unit.load_data_q.ld_pc, {issue_stage_i.i_scoreboard.mem_q[1].sbe.pc[13]} {csr_regfile_i.sepc_q[13]} {csr_regfile_i.scounteren_q[13]} {ex_stage_i.lsu_i.i_load_unit.state_q[1]} {ex_stage_i.lsu_i.i_load_unit.load_data_q.ld_pc[9]}
flop flop
--------------------------------
INFO (IGPH001): 20:52:28 Creating Graph (10% completed).
INFO (IGPH001): 20:52:28 Creating Graph (20% completed).
INFO (IGPH001): 20:52:28 Creating Graph (30% completed).
INFO (IGPH001): 20:52:28 Creating Graph (40% completed).
INFO (IGPH001): 20:52:28 Creating Graph (50% completed).
INFO (IGPH001): 20:52:28 Creating Graph (60% completed).
INFO (IGPH001): 20:52:28 Creating Graph (70% completed).
INFO (IGPH001): 20:52:28 Creating Graph (80% completed).
INFO (IGPH001): 20:52:29 Creating Graph (90% completed).
INFO (IGPH001): 20:52:29 Creating Graph (100% completed).
issue_stage_i.i_scoreboard.mem_q[1].sbe.pc ex_stage_i.lsu_i.i_store_unit.st_pc_q, {issue_stage_i.i_scoreboard.mem_q[1].sbe.pc[13]} {csr_regfile_i.sepc_q[13]} {csr_regfile_i.scounteren_q[13]} {ex_stage_i.lsu_i.lsu_bypass_i.mem_q[0].pc[9]} {ex_stage_i.lsu_i.i_store_unit.st_pc_q[9]}
flop flop
--------------------------------
INFO (IGPH001): 20:52:29 Creating Graph (10% completed).
INFO (IGPH001): 20:52:29 Creating Graph (20% completed).
INFO (IGPH001): 20:52:29 Creating Graph (30% completed).
INFO (IGPH001): 20:52:29 Creating Graph (40% completed).
INFO (IGPH001): 20:52:29 Creating Graph (50% completed).
INFO (IGPH001): 20:52:29 Creating Graph (60% completed).
INFO (IGPH001): 20:52:29 Creating Graph (70% completed).
INFO (IGPH001): 20:52:29 Creating Graph (80% completed).
INFO (IGPH001): 20:52:30 Creating Graph (90% completed).
INFO (IGPH001): 20:52:30 Creating Graph (100% completed).
issue_stage_i.i_scoreboard.mem_q[1].sbe.pc ex_stage_i.lsu_i.load_pc_o, {issue_stage_i.i_scoreboard.mem_q[1].sbe.pc[13]} {csr_regfile_i.sepc_q[13]} {csr_regfile_i.scounteren_q[13]} {ex_stage_i.lsu_i.i_load_unit.state_q[1]} {ex_stage_i.lsu_i.i_load_unit.load_data_q.ld_pc[40]} {ex_stage_i.lsu_i.i_pipe_reg_load.d_o[40]} {ex_stage_i.lsu_i.load_pc_o[40]}
flop wire
--------------------------------
INFO (IGPH001): 20:52:30 Creating Graph (10% completed).
INFO (IGPH001): 20:52:30 Creating Graph (20% completed).
INFO (IGPH001): 20:52:30 Creating Graph (30% completed).
INFO (IGPH001): 20:52:30 Creating Graph (40% completed).
INFO (IGPH001): 20:52:30 Creating Graph (50% completed).
INFO (IGPH001): 20:52:30 Creating Graph (60% completed).
INFO (IGPH001): 20:52:30 Creating Graph (70% completed).
INFO (IGPH001): 20:52:30 Creating Graph (80% completed).
INFO (IGPH001): 20:52:31 Creating Graph (90% completed).
INFO (IGPH001): 20:52:31 Creating Graph (100% completed).
issue_stage_i.i_scoreboard.mem_q[1].sbe.pc ex_stage_i.csr_buffer_i.csr_reg_q.pc, {issue_stage_i.i_scoreboard.mem_q[1].sbe.pc[13]} {csr_regfile_i.sepc_q[13]} {csr_regfile_i.scounteren_q[13]} issue_stage_i.i_issue_read_operands.csr_valid_q {ex_stage_i.csr_buffer_i.csr_reg_q.pc[49]}
flop flop
--------------------------------
INFO (IGPH001): 20:52:31 Creating Graph (10% completed).
INFO (IGPH001): 20:52:31 Creating Graph (20% completed).
INFO (IGPH001): 20:52:31 Creating Graph (30% completed).
INFO (IGPH001): 20:52:31 Creating Graph (40% completed).
INFO (IGPH001): 20:52:31 Creating Graph (50% completed).
INFO (IGPH001): 20:52:31 Creating Graph (60% completed).
INFO (IGPH001): 20:52:31 Creating Graph (70% completed).
INFO (IGPH001): 20:52:31 Creating Graph (80% completed).
INFO (IGPH001): 20:52:32 Creating Graph (90% completed).
INFO (IGPH001): 20:52:32 Creating Graph (100% completed).
issue_stage_i.i_scoreboard.mem_q[1].sbe.pc ex_stage_i.i_mult.i_multiplier.pc_q, {issue_stage_i.i_scoreboard.mem_q[1].sbe.pc[13]} {csr_regfile_i.sepc_q[13]} {csr_regfile_i.scounteren_q[13]} {id_stage_i.issue_q.sbe.pc[31]} {issue_stage_i.i_issue_read_operands.pc_o[31]} {ex_stage_i.i_mult.i_multiplier.pc_q[31]}
flop flop
--------------------------------
INFO (IGPH001): 20:52:32 Creating Graph (20% completed).
INFO (IGPH001): 20:52:32 Creating Graph (30% completed).
INFO (IGPH001): 20:52:32 Creating Graph (40% completed).
INFO (IGPH001): 20:52:32 Creating Graph (50% completed).
INFO (IGPH001): 20:52:32 Creating Graph (60% completed).
INFO (IGPH001): 20:52:32 Creating Graph (70% completed).
INFO (IGPH001): 20:52:32 Creating Graph (80% completed).
INFO (IGPH001): 20:52:33 Creating Graph (90% completed).
INFO (IGPH001): 20:52:33 Creating Graph (100% completed).
issue_stage_i.i_scoreboard.mem_q[1].sbe.pc ex_stage_i.lsu_i.i_load_unit.lsu_ctrl_i.pc, {issue_stage_i.i_scoreboard.mem_q[1].sbe.pc[13]} {csr_regfile_i.sepc_q[13]} {csr_regfile_i.scounteren_q[13]} {ex_stage_i.lsu_i.lsu_bypass_i.mem_q[0].pc[9]} {ex_stage_i.lsu_i.i_load_unit.lsu_ctrl_i.pc[9]}
flop wire
--------------------------------
INFO (IGPH001): 20:52:33 Creating Graph (10% completed).
INFO (IGPH001): 20:52:33 Creating Graph (20% completed).
INFO (IGPH001): 20:52:33 Creating Graph (30% completed).
INFO (IGPH001): 20:52:33 Creating Graph (40% completed).
INFO (IGPH001): 20:52:33 Creating Graph (50% completed).
INFO (IGPH001): 20:52:33 Creating Graph (60% completed).
INFO (IGPH001): 20:52:33 Creating Graph (70% completed).
INFO (IGPH001): 20:52:33 Creating Graph (80% completed).
INFO (IGPH001): 20:52:34 Creating Graph (90% completed).
INFO (IGPH001): 20:52:34 Creating Graph (100% completed).
issue_stage_i.i_scoreboard.mem_q[1].sbe.pc ex_stage_i.lsu_i.i_ord_sram.pc_i, {issue_stage_i.i_scoreboard.mem_q[1].sbe.pc[13]} {csr_regfile_i.sepc_q[13]} {csr_regfile_i.scounteren_q[13]} {ex_stage_i.lsu_i.lsu_bypass_i.mem_q[0].vaddr[4]} {ex_stage_i.lsu_i.i_ord_sram.pc_i[63]}
flop wire
--------------------------------
INFO (IGPH001): 20:52:34 Creating Graph (10% completed).
INFO (IGPH001): 20:52:34 Creating Graph (20% completed).
INFO (IGPH001): 20:52:34 Creating Graph (30% completed).
INFO (IGPH001): 20:52:34 Creating Graph (40% completed).
INFO (IGPH001): 20:52:34 Creating Graph (50% completed).
INFO (IGPH001): 20:52:34 Creating Graph (60% completed).
INFO (IGPH001): 20:52:34 Creating Graph (70% completed).
INFO (IGPH001): 20:52:34 Creating Graph (80% completed).
INFO (IGPH001): 20:52:35 Creating Graph (90% completed).
INFO (IGPH001): 20:52:35 Creating Graph (100% completed).
issue_stage_i.i_scoreboard.mem_q[2].sbe.pc ex_stage_i.i_mult.i_div.pc_q, {issue_stage_i.i_scoreboard.mem_q[2].sbe.pc[14]} {csr_regfile_i.dpc_q[15]} {csr_regfile_i.mcounteren_q[15]} {ex_stage_i.i_mult.i_div.pc_q[63]}
flop flop
--------------------------------
INFO (IGPH001): 20:52:35 Creating Graph (10% completed).
INFO (IGPH001): 20:52:35 Creating Graph (20% completed).
INFO (IGPH001): 20:52:35 Creating Graph (30% completed).
INFO (IGPH001): 20:52:35 Creating Graph (40% completed).
INFO (IGPH001): 20:52:35 Creating Graph (50% completed).
INFO (IGPH001): 20:52:35 Creating Graph (60% completed).
INFO (IGPH001): 20:52:35 Creating Graph (70% completed).
INFO (IGPH001): 20:52:35 Creating Graph (80% completed).
INFO (IGPH001): 20:52:36 Creating Graph (90% completed).
INFO (IGPH001): 20:52:36 Creating Graph (100% completed).
issue_stage_i.i_scoreboard.mem_q[2].sbe.pc id_stage_i.issue_q.sbe.pc, {issue_stage_i.i_scoreboard.mem_q[2].sbe.pc[14]} {csr_regfile_i.dpc_q[15]} {csr_regfile_i.mcounteren_q[15]} {id_stage_i.issue_q.sbe.pc[63]}
flop flop
--------------------------------
INFO (IGPH001): 20:52:36 Creating Graph (10% completed).
INFO (IGPH001): 20:52:36 Creating Graph (20% completed).
INFO (IGPH001): 20:52:36 Creating Graph (30% completed).
INFO (IGPH001): 20:52:36 Creating Graph (40% completed).
INFO (IGPH001): 20:52:36 Creating Graph (50% completed).
INFO (IGPH001): 20:52:36 Creating Graph (60% completed).
INFO (IGPH001): 20:52:36 Creating Graph (70% completed).
INFO (IGPH001): 20:52:36 Creating Graph (80% completed).
INFO (IGPH001): 20:52:37 Creating Graph (90% completed).
INFO (IGPH001): 20:52:37 Creating Graph (100% completed).
issue_stage_i.i_scoreboard.mem_q[2].sbe.pc issue_stage_i.i_issue_read_operands.pc_o, {issue_stage_i.i_scoreboard.mem_q[2].sbe.pc[14]} {csr_regfile_i.dpc_q[15]} {csr_regfile_i.mcounteren_q[15]} {id_stage_i.issue_q.sbe.pc[60]} {issue_stage_i.i_issue_read_operands.pc_o[60]}
flop flop
--------------------------------
INFO (IGPH001): 20:52:37 Creating Graph (10% completed).
INFO (IGPH001): 20:52:37 Creating Graph (20% completed).
INFO (IGPH001): 20:52:37 Creating Graph (30% completed).
INFO (IGPH001): 20:52:37 Creating Graph (40% completed).
INFO (IGPH001): 20:52:37 Creating Graph (50% completed).
INFO (IGPH001): 20:52:37 Creating Graph (60% completed).
INFO (IGPH001): 20:52:37 Creating Graph (70% completed).
INFO (IGPH001): 20:52:37 Creating Graph (80% completed).
INFO (IGPH001): 20:52:38 Creating Graph (90% completed).
INFO (IGPH001): 20:52:38 Creating Graph (100% completed).
issue_stage_i.i_scoreboard.mem_q[2].sbe.pc ex_stage_i.lsu_i.lsu_bypass_i.mem_q[0].pc, {issue_stage_i.i_scoreboard.mem_q[2].sbe.pc[14]} {csr_regfile_i.dpc_q[15]} {csr_regfile_i.mcounteren_q[15]} {ex_stage_i.lsu_i.lsu_bypass_i.mem_q[0].pc[63]}
flop flop
--------------------------------
INFO (IGPH001): 20:52:38 Creating Graph (10% completed).
INFO (IGPH001): 20:52:38 Creating Graph (20% completed).
INFO (IGPH001): 20:52:38 Creating Graph (30% completed).
INFO (IGPH001): 20:52:38 Creating Graph (40% completed).
INFO (IGPH001): 20:52:38 Creating Graph (50% completed).
INFO (IGPH001): 20:52:38 Creating Graph (60% completed).
INFO (IGPH001): 20:52:38 Creating Graph (70% completed).
INFO (IGPH001): 20:52:38 Creating Graph (80% completed).
INFO (IGPH001): 20:52:39 Creating Graph (90% completed).
INFO (IGPH001): 20:52:39 Creating Graph (100% completed).
issue_stage_i.i_scoreboard.mem_q[2].sbe.pc ex_stage_i.lsu_i.lsu_bypass_i.mem_q[1].pc, {issue_stage_i.i_scoreboard.mem_q[2].sbe.pc[14]} {csr_regfile_i.dpc_q[15]} {csr_regfile_i.mcounteren_q[15]} {ex_stage_i.lsu_i.lsu_bypass_i.mem_q[1].pc[63]}
flop flop
--------------------------------
INFO (IGPH001): 20:52:39 Creating Graph (10% completed).
INFO (IGPH001): 20:52:39 Creating Graph (20% completed).
INFO (IGPH001): 20:52:39 Creating Graph (30% completed).
INFO (IGPH001): 20:52:39 Creating Graph (40% completed).
INFO (IGPH001): 20:52:39 Creating Graph (50% completed).
INFO (IGPH001): 20:52:39 Creating Graph (60% completed).
INFO (IGPH001): 20:52:39 Creating Graph (70% completed).
INFO (IGPH001): 20:52:39 Creating Graph (80% completed).
INFO (IGPH001): 20:52:39 Creating Graph (90% completed).
INFO (IGPH001): 20:52:39 Creating Graph (100% completed).
issue_stage_i.i_scoreboard.mem_q[2].sbe.pc issue_stage_i.i_scoreboard.mem_q[0].sbe.pc, {issue_stage_i.i_scoreboard.mem_q[2].sbe.pc[14]} {csr_regfile_i.dpc_q[15]} {csr_regfile_i.mcounteren_q[15]} {issue_stage_i.i_scoreboard.mem_q[0].sbe.pc[29]}
flop flop
--------------------------------
INFO (IGPH001): 20:52:40 Creating Graph (10% completed).
INFO (IGPH001): 20:52:40 Creating Graph (20% completed).
INFO (IGPH001): 20:52:40 Creating Graph (30% completed).
INFO (IGPH001): 20:52:40 Creating Graph (40% completed).
INFO (IGPH001): 20:52:40 Creating Graph (50% completed).
INFO (IGPH001): 20:52:40 Creating Graph (60% completed).
INFO (IGPH001): 20:52:40 Creating Graph (70% completed).
INFO (IGPH001): 20:52:40 Creating Graph (80% completed).
INFO (IGPH001): 20:52:40 Creating Graph (90% completed).
INFO (IGPH001): 20:52:40 Creating Graph (100% completed).
issue_stage_i.i_scoreboard.mem_q[2].sbe.pc issue_stage_i.i_scoreboard.mem_q[1].sbe.pc, {issue_stage_i.i_scoreboard.mem_q[2].sbe.pc[14]} {csr_regfile_i.dpc_q[15]} {csr_regfile_i.mcounteren_q[15]} {issue_stage_i.i_scoreboard.mem_q[1].sbe.pc[63]}
flop flop
--------------------------------
issue_stage_i.i_scoreboard.mem_q[2].sbe.pc issue_stage_i.i_scoreboard.mem_q[2].sbe.pc, 
flop flop
--------------------------------
INFO (IGPH001): 20:52:40 Creating Graph (10% completed).
INFO (IGPH001): 20:52:40 Creating Graph (20% completed).
INFO (IGPH001): 20:52:40 Creating Graph (30% completed).
INFO (IGPH001): 20:52:40 Creating Graph (40% completed).
INFO (IGPH001): 20:52:40 Creating Graph (50% completed).
INFO (IGPH001): 20:52:40 Creating Graph (60% completed).
INFO (IGPH001): 20:52:40 Creating Graph (70% completed).
INFO (IGPH001): 20:52:40 Creating Graph (80% completed).
INFO (IGPH001): 20:52:41 Creating Graph (90% completed).
INFO (IGPH001): 20:52:41 Creating Graph (100% completed).
issue_stage_i.i_scoreboard.mem_q[2].sbe.pc issue_stage_i.i_scoreboard.mem_q[3].sbe.pc, {issue_stage_i.i_scoreboard.mem_q[2].sbe.pc[14]} {csr_regfile_i.dpc_q[15]} {csr_regfile_i.mcounteren_q[15]} {issue_stage_i.i_scoreboard.mem_q[3].sbe.pc[63]}
flop flop
--------------------------------
INFO (IGPH001): 20:52:41 Creating Graph (10% completed).
INFO (IGPH001): 20:52:41 Creating Graph (20% completed).
INFO (IGPH001): 20:52:41 Creating Graph (30% completed).
INFO (IGPH001): 20:52:41 Creating Graph (40% completed).
INFO (IGPH001): 20:52:41 Creating Graph (50% completed).
INFO (IGPH001): 20:52:41 Creating Graph (60% completed).
INFO (IGPH001): 20:52:41 Creating Graph (70% completed).
INFO (IGPH001): 20:52:41 Creating Graph (80% completed).
INFO (IGPH001): 20:52:42 Creating Graph (90% completed).
INFO (IGPH001): 20:52:42 Creating Graph (100% completed).
issue_stage_i.i_scoreboard.mem_q[2].sbe.pc ex_stage_i.lsu_i.i_store_unit.store_buffer_i.commit_queue_q[0].pc, {issue_stage_i.i_scoreboard.mem_q[2].sbe.pc[14]} {csr_regfile_i.dpc_q[15]} {csr_regfile_i.mcounteren_q[15]} {issue_stage_i.i_scoreboard.mem_q[2].sbe.valid} {ex_stage_i.lsu_i.i_store_unit.store_buffer_i.commit_queue_q[0].pc[63]}
flop flop
--------------------------------
INFO (IGPH001): 20:52:42 Creating Graph (10% completed).
INFO (IGPH001): 20:52:42 Creating Graph (20% completed).
INFO (IGPH001): 20:52:42 Creating Graph (30% completed).
INFO (IGPH001): 20:52:42 Creating Graph (40% completed).
INFO (IGPH001): 20:52:42 Creating Graph (50% completed).
INFO (IGPH001): 20:52:42 Creating Graph (60% completed).
INFO (IGPH001): 20:52:42 Creating Graph (70% completed).
INFO (IGPH001): 20:52:42 Creating Graph (80% completed).
INFO (IGPH001): 20:52:43 Creating Graph (90% completed).
INFO (IGPH001): 20:52:43 Creating Graph (100% completed).
issue_stage_i.i_scoreboard.mem_q[2].sbe.pc ex_stage_i.lsu_i.i_store_unit.store_buffer_i.commit_queue_q[1].pc, {issue_stage_i.i_scoreboard.mem_q[2].sbe.pc[14]} {csr_regfile_i.dpc_q[15]} {csr_regfile_i.mcounteren_q[15]} {issue_stage_i.i_scoreboard.mem_q[2].sbe.valid} {ex_stage_i.lsu_i.i_store_unit.store_buffer_i.commit_queue_q[1].pc[63]}
flop flop
--------------------------------
INFO (IGPH001): 20:52:43 Creating Graph (10% completed).
INFO (IGPH001): 20:52:43 Creating Graph (20% completed).
INFO (IGPH001): 20:52:43 Creating Graph (30% completed).
INFO (IGPH001): 20:52:43 Creating Graph (40% completed).
INFO (IGPH001): 20:52:43 Creating Graph (50% completed).
INFO (IGPH001): 20:52:43 Creating Graph (60% completed).
INFO (IGPH001): 20:52:43 Creating Graph (70% completed).
INFO (IGPH001): 20:52:43 Creating Graph (80% completed).
INFO (IGPH001): 20:52:44 Creating Graph (90% completed).
INFO (IGPH001): 20:52:44 Creating Graph (100% completed).
issue_stage_i.i_scoreboard.mem_q[2].sbe.pc ex_stage_i.lsu_i.i_store_unit.store_buffer_i.speculative_queue_q[0].pc, {issue_stage_i.i_scoreboard.mem_q[2].sbe.pc[14]} {csr_regfile_i.dpc_q[15]} {csr_regfile_i.mcounteren_q[15]} {ex_stage_i.lsu_i.i_store_unit.store_buffer_i.speculative_queue_q[0].pc[63]}
flop flop
--------------------------------
INFO (IGPH001): 20:52:44 Creating Graph (10% completed).
INFO (IGPH001): 20:52:44 Creating Graph (20% completed).
INFO (IGPH001): 20:52:44 Creating Graph (30% completed).
INFO (IGPH001): 20:52:44 Creating Graph (40% completed).
INFO (IGPH001): 20:52:44 Creating Graph (50% completed).
INFO (IGPH001): 20:52:44 Creating Graph (60% completed).
INFO (IGPH001): 20:52:44 Creating Graph (70% completed).
INFO (IGPH001): 20:52:44 Creating Graph (80% completed).
INFO (IGPH001): 20:52:45 Creating Graph (90% completed).
INFO (IGPH001): 20:52:45 Creating Graph (100% completed).
issue_stage_i.i_scoreboard.mem_q[2].sbe.pc ex_stage_i.lsu_i.i_store_unit.store_buffer_i.speculative_queue_q[1].pc, {issue_stage_i.i_scoreboard.mem_q[2].sbe.pc[14]} {csr_regfile_i.dpc_q[15]} {csr_regfile_i.mcounteren_q[15]} {ex_stage_i.lsu_i.i_store_unit.store_buffer_i.speculative_queue_q[1].pc[63]}
flop flop
--------------------------------
INFO (IGPH001): 20:52:45 Creating Graph (10% completed).
INFO (IGPH001): 20:52:45 Creating Graph (20% completed).
INFO (IGPH001): 20:52:45 Creating Graph (30% completed).
INFO (IGPH001): 20:52:45 Creating Graph (40% completed).
INFO (IGPH001): 20:52:45 Creating Graph (50% completed).
INFO (IGPH001): 20:52:45 Creating Graph (60% completed).
INFO (IGPH001): 20:52:45 Creating Graph (70% completed).
INFO (IGPH001): 20:52:45 Creating Graph (80% completed).
INFO (IGPH001): 20:52:46 Creating Graph (90% completed).
INFO (IGPH001): 20:52:46 Creating Graph (100% completed).
issue_stage_i.i_scoreboard.mem_q[2].sbe.pc ex_stage_i.lsu_i.i_load_unit.load_data_q.ld_pc, {issue_stage_i.i_scoreboard.mem_q[2].sbe.pc[4]} {csr_regfile_i.sepc_q[4]} {issue_stage_i.i_issue_read_operands.i_ariane_regfile.mem[29][4]} {issue_stage_i.i_issue_read_operands.operand_a_q[4]} {ex_stage_i.lsu_i.i_load_unit.load_data_q.ld_pc[63]}
flop flop
--------------------------------
INFO (IGPH001): 20:52:46 Creating Graph (10% completed).
INFO (IGPH001): 20:52:46 Creating Graph (20% completed).
INFO (IGPH001): 20:52:46 Creating Graph (30% completed).
INFO (IGPH001): 20:52:46 Creating Graph (40% completed).
INFO (IGPH001): 20:52:46 Creating Graph (50% completed).
INFO (IGPH001): 20:52:46 Creating Graph (60% completed).
INFO (IGPH001): 20:52:46 Creating Graph (70% completed).
INFO (IGPH001): 20:52:46 Creating Graph (80% completed).
INFO (IGPH001): 20:52:47 Creating Graph (90% completed).
INFO (IGPH001): 20:52:47 Creating Graph (100% completed).
issue_stage_i.i_scoreboard.mem_q[2].sbe.pc ex_stage_i.lsu_i.i_store_unit.st_pc_q, {issue_stage_i.i_scoreboard.mem_q[2].sbe.pc[14]} {csr_regfile_i.dpc_q[15]} {csr_regfile_i.mcounteren_q[15]} {ex_stage_i.lsu_i.lsu_bypass_i.mem_q[0].pc[41]} {ex_stage_i.lsu_i.i_store_unit.st_pc_q[41]}
flop flop
--------------------------------
INFO (IGPH001): 20:52:47 Creating Graph (10% completed).
INFO (IGPH001): 20:52:47 Creating Graph (20% completed).
INFO (IGPH001): 20:52:47 Creating Graph (30% completed).
INFO (IGPH001): 20:52:47 Creating Graph (40% completed).
INFO (IGPH001): 20:52:47 Creating Graph (50% completed).
INFO (IGPH001): 20:52:47 Creating Graph (60% completed).
INFO (IGPH001): 20:52:47 Creating Graph (70% completed).
INFO (IGPH001): 20:52:47 Creating Graph (80% completed).
INFO (IGPH001): 20:52:48 Creating Graph (90% completed).
INFO (IGPH001): 20:52:48 Creating Graph (100% completed).
issue_stage_i.i_scoreboard.mem_q[2].sbe.pc ex_stage_i.lsu_i.load_pc_o, {issue_stage_i.i_scoreboard.mem_q[2].sbe.pc[4]} {csr_regfile_i.sepc_q[4]} {issue_stage_i.i_issue_read_operands.i_ariane_regfile.mem[29][4]} {issue_stage_i.i_issue_read_operands.operand_a_q[4]} {ex_stage_i.lsu_i.i_load_unit.load_data_q.ld_pc[34]} {ex_stage_i.lsu_i.i_pipe_reg_load.d_o[34]} {ex_stage_i.lsu_i.load_pc_o[34]}
flop wire
--------------------------------
INFO (IGPH001): 20:52:48 Creating Graph (10% completed).
INFO (IGPH001): 20:52:48 Creating Graph (20% completed).
INFO (IGPH001): 20:52:48 Creating Graph (30% completed).
INFO (IGPH001): 20:52:48 Creating Graph (40% completed).
INFO (IGPH001): 20:52:48 Creating Graph (50% completed).
INFO (IGPH001): 20:52:48 Creating Graph (60% completed).
INFO (IGPH001): 20:52:48 Creating Graph (70% completed).
INFO (IGPH001): 20:52:48 Creating Graph (80% completed).
INFO (IGPH001): 20:52:49 Creating Graph (90% completed).
INFO (IGPH001): 20:52:49 Creating Graph (100% completed).
issue_stage_i.i_scoreboard.mem_q[2].sbe.pc ex_stage_i.csr_buffer_i.csr_reg_q.pc, {issue_stage_i.i_scoreboard.mem_q[2].sbe.pc[14]} {csr_regfile_i.dpc_q[15]} {csr_regfile_i.mcounteren_q[15]} issue_stage_i.i_issue_read_operands.csr_valid_q {ex_stage_i.csr_buffer_i.csr_reg_q.pc[63]}
flop flop
--------------------------------
INFO (IGPH001): 20:52:49 Creating Graph (10% completed).
INFO (IGPH001): 20:52:49 Creating Graph (20% completed).
INFO (IGPH001): 20:52:49 Creating Graph (30% completed).
INFO (IGPH001): 20:52:49 Creating Graph (40% completed).
INFO (IGPH001): 20:52:49 Creating Graph (50% completed).
INFO (IGPH001): 20:52:49 Creating Graph (60% completed).
INFO (IGPH001): 20:52:49 Creating Graph (70% completed).
INFO (IGPH001): 20:52:49 Creating Graph (80% completed).
INFO (IGPH001): 20:52:50 Creating Graph (90% completed).
INFO (IGPH001): 20:52:50 Creating Graph (100% completed).
issue_stage_i.i_scoreboard.mem_q[2].sbe.pc ex_stage_i.i_mult.i_multiplier.pc_q, {issue_stage_i.i_scoreboard.mem_q[2].sbe.pc[14]} {csr_regfile_i.dpc_q[15]} {csr_regfile_i.mcounteren_q[15]} {id_stage_i.issue_q.sbe.pc[21]} {issue_stage_i.i_issue_read_operands.pc_o[21]} {ex_stage_i.i_mult.i_multiplier.pc_q[21]}
flop flop
--------------------------------
INFO (IGPH001): 20:52:50 Creating Graph (20% completed).
INFO (IGPH001): 20:52:50 Creating Graph (30% completed).
INFO (IGPH001): 20:52:50 Creating Graph (40% completed).
INFO (IGPH001): 20:52:50 Creating Graph (50% completed).
INFO (IGPH001): 20:52:50 Creating Graph (60% completed).
INFO (IGPH001): 20:52:50 Creating Graph (70% completed).
INFO (IGPH001): 20:52:50 Creating Graph (80% completed).
INFO (IGPH001): 20:52:51 Creating Graph (90% completed).
INFO (IGPH001): 20:52:51 Creating Graph (100% completed).
issue_stage_i.i_scoreboard.mem_q[2].sbe.pc ex_stage_i.lsu_i.i_load_unit.lsu_ctrl_i.pc, {issue_stage_i.i_scoreboard.mem_q[2].sbe.pc[14]} {csr_regfile_i.dpc_q[15]} {csr_regfile_i.mcounteren_q[15]} {ex_stage_i.lsu_i.lsu_bypass_i.mem_q[0].pc[41]} {ex_stage_i.lsu_i.i_load_unit.lsu_ctrl_i.pc[41]}
flop wire
--------------------------------
INFO (IGPH001): 20:52:51 Creating Graph (10% completed).
INFO (IGPH001): 20:52:51 Creating Graph (20% completed).
INFO (IGPH001): 20:52:51 Creating Graph (30% completed).
INFO (IGPH001): 20:52:51 Creating Graph (40% completed).
INFO (IGPH001): 20:52:51 Creating Graph (50% completed).
INFO (IGPH001): 20:52:51 Creating Graph (60% completed).
INFO (IGPH001): 20:52:51 Creating Graph (70% completed).
INFO (IGPH001): 20:52:51 Creating Graph (80% completed).
INFO (IGPH001): 20:52:52 Creating Graph (90% completed).
INFO (IGPH001): 20:52:52 Creating Graph (100% completed).
issue_stage_i.i_scoreboard.mem_q[2].sbe.pc ex_stage_i.lsu_i.i_ord_sram.pc_i, {issue_stage_i.i_scoreboard.mem_q[2].sbe.pc[6]} {csr_regfile_i.dpc_q[8]} {issue_stage_i.i_issue_read_operands.i_ariane_regfile.mem[23][8]} {issue_stage_i.i_issue_read_operands.operand_a_q[8]} {ex_stage_i.lsu_i.i_ord_sram.pc_i[37]}
flop wire
--------------------------------
INFO (IGPH001): 20:52:52 Creating Graph (10% completed).
INFO (IGPH001): 20:52:52 Creating Graph (20% completed).
INFO (IGPH001): 20:52:52 Creating Graph (30% completed).
INFO (IGPH001): 20:52:52 Creating Graph (40% completed).
INFO (IGPH001): 20:52:52 Creating Graph (50% completed).
INFO (IGPH001): 20:52:52 Creating Graph (60% completed).
INFO (IGPH001): 20:52:52 Creating Graph (70% completed).
INFO (IGPH001): 20:52:52 Creating Graph (80% completed).
INFO (IGPH001): 20:52:53 Creating Graph (90% completed).
INFO (IGPH001): 20:52:53 Creating Graph (100% completed).
issue_stage_i.i_scoreboard.mem_q[3].sbe.pc ex_stage_i.i_mult.i_div.pc_q, {issue_stage_i.i_scoreboard.mem_q[3].sbe.pc[14]} {csr_regfile_i.dpc_q[15]} {csr_regfile_i.mcounteren_q[15]} {ex_stage_i.i_mult.i_div.pc_q[63]}
flop flop
--------------------------------
INFO (IGPH001): 20:52:53 Creating Graph (10% completed).
INFO (IGPH001): 20:52:53 Creating Graph (20% completed).
INFO (IGPH001): 20:52:53 Creating Graph (30% completed).
INFO (IGPH001): 20:52:53 Creating Graph (40% completed).
INFO (IGPH001): 20:52:53 Creating Graph (50% completed).
INFO (IGPH001): 20:52:53 Creating Graph (60% completed).
INFO (IGPH001): 20:52:53 Creating Graph (70% completed).
INFO (IGPH001): 20:52:53 Creating Graph (80% completed).
INFO (IGPH001): 20:52:54 Creating Graph (90% completed).
INFO (IGPH001): 20:52:54 Creating Graph (100% completed).
issue_stage_i.i_scoreboard.mem_q[3].sbe.pc id_stage_i.issue_q.sbe.pc, {issue_stage_i.i_scoreboard.mem_q[3].sbe.pc[14]} {csr_regfile_i.dpc_q[15]} {csr_regfile_i.mcounteren_q[15]} {id_stage_i.issue_q.sbe.pc[63]}
flop flop
--------------------------------
INFO (IGPH001): 20:52:54 Creating Graph (10% completed).
INFO (IGPH001): 20:52:54 Creating Graph (20% completed).
INFO (IGPH001): 20:52:54 Creating Graph (30% completed).
INFO (IGPH001): 20:52:54 Creating Graph (40% completed).
INFO (IGPH001): 20:52:54 Creating Graph (50% completed).
INFO (IGPH001): 20:52:54 Creating Graph (60% completed).
INFO (IGPH001): 20:52:54 Creating Graph (70% completed).
INFO (IGPH001): 20:52:54 Creating Graph (80% completed).
INFO (IGPH001): 20:52:55 Creating Graph (90% completed).
INFO (IGPH001): 20:52:55 Creating Graph (100% completed).
issue_stage_i.i_scoreboard.mem_q[3].sbe.pc issue_stage_i.i_issue_read_operands.pc_o, {issue_stage_i.i_scoreboard.mem_q[3].sbe.pc[14]} {csr_regfile_i.dpc_q[15]} {csr_regfile_i.mcounteren_q[15]} {id_stage_i.issue_q.sbe.pc[60]} {issue_stage_i.i_issue_read_operands.pc_o[60]}
flop flop
--------------------------------
INFO (IGPH001): 20:52:55 Creating Graph (10% completed).
INFO (IGPH001): 20:52:55 Creating Graph (20% completed).
INFO (IGPH001): 20:52:55 Creating Graph (30% completed).
INFO (IGPH001): 20:52:55 Creating Graph (40% completed).
INFO (IGPH001): 20:52:55 Creating Graph (50% completed).
INFO (IGPH001): 20:52:55 Creating Graph (60% completed).
INFO (IGPH001): 20:52:55 Creating Graph (70% completed).
INFO (IGPH001): 20:52:55 Creating Graph (80% completed).
INFO (IGPH001): 20:52:56 Creating Graph (90% completed).
INFO (IGPH001): 20:52:56 Creating Graph (100% completed).
issue_stage_i.i_scoreboard.mem_q[3].sbe.pc ex_stage_i.lsu_i.lsu_bypass_i.mem_q[0].pc, {issue_stage_i.i_scoreboard.mem_q[3].sbe.pc[14]} {csr_regfile_i.dpc_q[15]} {csr_regfile_i.mcounteren_q[15]} {ex_stage_i.lsu_i.lsu_bypass_i.mem_q[0].pc[63]}
flop flop
--------------------------------
INFO (IGPH001): 20:52:56 Creating Graph (10% completed).
INFO (IGPH001): 20:52:56 Creating Graph (20% completed).
INFO (IGPH001): 20:52:56 Creating Graph (30% completed).
INFO (IGPH001): 20:52:56 Creating Graph (40% completed).
INFO (IGPH001): 20:52:56 Creating Graph (50% completed).
INFO (IGPH001): 20:52:56 Creating Graph (60% completed).
INFO (IGPH001): 20:52:56 Creating Graph (70% completed).
INFO (IGPH001): 20:52:56 Creating Graph (80% completed).
INFO (IGPH001): 20:52:57 Creating Graph (90% completed).
INFO (IGPH001): 20:52:57 Creating Graph (100% completed).
issue_stage_i.i_scoreboard.mem_q[3].sbe.pc ex_stage_i.lsu_i.lsu_bypass_i.mem_q[1].pc, {issue_stage_i.i_scoreboard.mem_q[3].sbe.pc[14]} {csr_regfile_i.dpc_q[15]} {csr_regfile_i.mcounteren_q[15]} {ex_stage_i.lsu_i.lsu_bypass_i.mem_q[1].pc[63]}
flop flop
--------------------------------
INFO (IGPH001): 20:52:57 Creating Graph (10% completed).
INFO (IGPH001): 20:52:57 Creating Graph (20% completed).
INFO (IGPH001): 20:52:57 Creating Graph (30% completed).
INFO (IGPH001): 20:52:57 Creating Graph (40% completed).
INFO (IGPH001): 20:52:57 Creating Graph (50% completed).
INFO (IGPH001): 20:52:57 Creating Graph (60% completed).
INFO (IGPH001): 20:52:57 Creating Graph (70% completed).
INFO (IGPH001): 20:52:57 Creating Graph (80% completed).
INFO (IGPH001): 20:52:57 Creating Graph (90% completed).
INFO (IGPH001): 20:52:57 Creating Graph (100% completed).
issue_stage_i.i_scoreboard.mem_q[3].sbe.pc issue_stage_i.i_scoreboard.mem_q[0].sbe.pc, {issue_stage_i.i_scoreboard.mem_q[3].sbe.pc[14]} {csr_regfile_i.dpc_q[15]} {csr_regfile_i.mcounteren_q[15]} {issue_stage_i.i_scoreboard.mem_q[0].sbe.pc[29]}
flop flop
--------------------------------
INFO (IGPH001): 20:52:58 Creating Graph (10% completed).
INFO (IGPH001): 20:52:58 Creating Graph (20% completed).
INFO (IGPH001): 20:52:58 Creating Graph (30% completed).
INFO (IGPH001): 20:52:58 Creating Graph (40% completed).
INFO (IGPH001): 20:52:58 Creating Graph (50% completed).
INFO (IGPH001): 20:52:58 Creating Graph (60% completed).
INFO (IGPH001): 20:52:58 Creating Graph (70% completed).
INFO (IGPH001): 20:52:58 Creating Graph (80% completed).
INFO (IGPH001): 20:52:58 Creating Graph (90% completed).
INFO (IGPH001): 20:52:58 Creating Graph (100% completed).
issue_stage_i.i_scoreboard.mem_q[3].sbe.pc issue_stage_i.i_scoreboard.mem_q[1].sbe.pc, {issue_stage_i.i_scoreboard.mem_q[3].sbe.pc[14]} {csr_regfile_i.dpc_q[15]} {csr_regfile_i.mcounteren_q[15]} {issue_stage_i.i_scoreboard.mem_q[1].sbe.pc[63]}
flop flop
--------------------------------
INFO (IGPH001): 20:52:58 Creating Graph (10% completed).
INFO (IGPH001): 20:52:58 Creating Graph (20% completed).
INFO (IGPH001): 20:52:58 Creating Graph (30% completed).
INFO (IGPH001): 20:52:58 Creating Graph (40% completed).
INFO (IGPH001): 20:52:58 Creating Graph (50% completed).
INFO (IGPH001): 20:52:58 Creating Graph (60% completed).
INFO (IGPH001): 20:52:58 Creating Graph (70% completed).
INFO (IGPH001): 20:52:58 Creating Graph (80% completed).
INFO (IGPH001): 20:52:59 Creating Graph (90% completed).
INFO (IGPH001): 20:52:59 Creating Graph (100% completed).
issue_stage_i.i_scoreboard.mem_q[3].sbe.pc issue_stage_i.i_scoreboard.mem_q[2].sbe.pc, {issue_stage_i.i_scoreboard.mem_q[3].sbe.pc[14]} {csr_regfile_i.dpc_q[15]} {csr_regfile_i.mcounteren_q[15]} {issue_stage_i.i_scoreboard.mem_q[2].sbe.pc[63]}
flop flop
--------------------------------
issue_stage_i.i_scoreboard.mem_q[3].sbe.pc issue_stage_i.i_scoreboard.mem_q[3].sbe.pc, 
flop flop
--------------------------------
INFO (IGPH001): 20:52:59 Creating Graph (10% completed).
INFO (IGPH001): 20:52:59 Creating Graph (20% completed).
INFO (IGPH001): 20:52:59 Creating Graph (30% completed).
INFO (IGPH001): 20:52:59 Creating Graph (40% completed).
INFO (IGPH001): 20:52:59 Creating Graph (50% completed).
INFO (IGPH001): 20:52:59 Creating Graph (60% completed).
INFO (IGPH001): 20:52:59 Creating Graph (70% completed).
INFO (IGPH001): 20:52:59 Creating Graph (80% completed).
INFO (IGPH001): 20:53:00 Creating Graph (90% completed).
INFO (IGPH001): 20:53:00 Creating Graph (100% completed).
issue_stage_i.i_scoreboard.mem_q[3].sbe.pc ex_stage_i.lsu_i.i_store_unit.store_buffer_i.commit_queue_q[0].pc, {issue_stage_i.i_scoreboard.mem_q[3].sbe.pc[14]} {csr_regfile_i.dpc_q[15]} {csr_regfile_i.mcounteren_q[15]} {issue_stage_i.i_scoreboard.mem_q[2].sbe.valid} {ex_stage_i.lsu_i.i_store_unit.store_buffer_i.commit_queue_q[0].pc[63]}
flop flop
--------------------------------
INFO (IGPH001): 20:53:00 Creating Graph (10% completed).
INFO (IGPH001): 20:53:00 Creating Graph (20% completed).
INFO (IGPH001): 20:53:00 Creating Graph (30% completed).
INFO (IGPH001): 20:53:00 Creating Graph (40% completed).
INFO (IGPH001): 20:53:00 Creating Graph (50% completed).
INFO (IGPH001): 20:53:00 Creating Graph (60% completed).
INFO (IGPH001): 20:53:00 Creating Graph (70% completed).
INFO (IGPH001): 20:53:00 Creating Graph (80% completed).
INFO (IGPH001): 20:53:01 Creating Graph (90% completed).
INFO (IGPH001): 20:53:01 Creating Graph (100% completed).
issue_stage_i.i_scoreboard.mem_q[3].sbe.pc ex_stage_i.lsu_i.i_store_unit.store_buffer_i.commit_queue_q[1].pc, {issue_stage_i.i_scoreboard.mem_q[3].sbe.pc[14]} {csr_regfile_i.dpc_q[15]} {csr_regfile_i.mcounteren_q[15]} {issue_stage_i.i_scoreboard.mem_q[2].sbe.valid} {ex_stage_i.lsu_i.i_store_unit.store_buffer_i.commit_queue_q[1].pc[63]}
flop flop
--------------------------------
INFO (IGPH001): 20:53:01 Creating Graph (10% completed).
INFO (IGPH001): 20:53:01 Creating Graph (20% completed).
INFO (IGPH001): 20:53:01 Creating Graph (30% completed).
INFO (IGPH001): 20:53:01 Creating Graph (40% completed).
INFO (IGPH001): 20:53:01 Creating Graph (50% completed).
INFO (IGPH001): 20:53:01 Creating Graph (60% completed).
INFO (IGPH001): 20:53:01 Creating Graph (70% completed).
INFO (IGPH001): 20:53:01 Creating Graph (80% completed).
INFO (IGPH001): 20:53:02 Creating Graph (90% completed).
INFO (IGPH001): 20:53:02 Creating Graph (100% completed).
issue_stage_i.i_scoreboard.mem_q[3].sbe.pc ex_stage_i.lsu_i.i_store_unit.store_buffer_i.speculative_queue_q[0].pc, {issue_stage_i.i_scoreboard.mem_q[3].sbe.pc[14]} {csr_regfile_i.dpc_q[15]} {csr_regfile_i.mcounteren_q[15]} {ex_stage_i.lsu_i.i_store_unit.store_buffer_i.speculative_queue_q[0].pc[63]}
flop flop
--------------------------------
INFO (IGPH001): 20:53:02 Creating Graph (10% completed).
INFO (IGPH001): 20:53:02 Creating Graph (20% completed).
INFO (IGPH001): 20:53:02 Creating Graph (30% completed).
INFO (IGPH001): 20:53:02 Creating Graph (40% completed).
INFO (IGPH001): 20:53:02 Creating Graph (50% completed).
INFO (IGPH001): 20:53:02 Creating Graph (60% completed).
INFO (IGPH001): 20:53:02 Creating Graph (70% completed).
INFO (IGPH001): 20:53:02 Creating Graph (80% completed).
INFO (IGPH001): 20:53:03 Creating Graph (90% completed).
INFO (IGPH001): 20:53:03 Creating Graph (100% completed).
issue_stage_i.i_scoreboard.mem_q[3].sbe.pc ex_stage_i.lsu_i.i_store_unit.store_buffer_i.speculative_queue_q[1].pc, {issue_stage_i.i_scoreboard.mem_q[3].sbe.pc[14]} {csr_regfile_i.dpc_q[15]} {csr_regfile_i.mcounteren_q[15]} {ex_stage_i.lsu_i.i_store_unit.store_buffer_i.speculative_queue_q[1].pc[63]}
flop flop
--------------------------------
INFO (IGPH001): 20:53:03 Creating Graph (10% completed).
INFO (IGPH001): 20:53:03 Creating Graph (20% completed).
INFO (IGPH001): 20:53:03 Creating Graph (30% completed).
INFO (IGPH001): 20:53:03 Creating Graph (40% completed).
INFO (IGPH001): 20:53:03 Creating Graph (50% completed).
INFO (IGPH001): 20:53:03 Creating Graph (60% completed).
INFO (IGPH001): 20:53:03 Creating Graph (70% completed).
INFO (IGPH001): 20:53:03 Creating Graph (80% completed).
INFO (IGPH001): 20:53:04 Creating Graph (90% completed).
INFO (IGPH001): 20:53:04 Creating Graph (100% completed).
issue_stage_i.i_scoreboard.mem_q[3].sbe.pc ex_stage_i.lsu_i.i_load_unit.load_data_q.ld_pc, {issue_stage_i.i_scoreboard.mem_q[3].sbe.pc[4]} {csr_regfile_i.sepc_q[4]} {issue_stage_i.i_issue_read_operands.i_ariane_regfile.mem[29][4]} {issue_stage_i.i_issue_read_operands.operand_a_q[4]} {ex_stage_i.lsu_i.i_load_unit.load_data_q.ld_pc[63]}
flop flop
--------------------------------
INFO (IGPH001): 20:53:04 Creating Graph (10% completed).
INFO (IGPH001): 20:53:04 Creating Graph (20% completed).
INFO (IGPH001): 20:53:04 Creating Graph (30% completed).
INFO (IGPH001): 20:53:04 Creating Graph (40% completed).
INFO (IGPH001): 20:53:04 Creating Graph (50% completed).
INFO (IGPH001): 20:53:04 Creating Graph (60% completed).
INFO (IGPH001): 20:53:04 Creating Graph (70% completed).
INFO (IGPH001): 20:53:04 Creating Graph (80% completed).
INFO (IGPH001): 20:53:05 Creating Graph (90% completed).
INFO (IGPH001): 20:53:05 Creating Graph (100% completed).
issue_stage_i.i_scoreboard.mem_q[3].sbe.pc ex_stage_i.lsu_i.i_store_unit.st_pc_q, {issue_stage_i.i_scoreboard.mem_q[3].sbe.pc[14]} {csr_regfile_i.dpc_q[15]} {csr_regfile_i.mcounteren_q[15]} {ex_stage_i.lsu_i.lsu_bypass_i.mem_q[0].pc[41]} {ex_stage_i.lsu_i.i_store_unit.st_pc_q[41]}
flop flop
--------------------------------
INFO (IGPH001): 20:53:05 Creating Graph (10% completed).
INFO (IGPH001): 20:53:05 Creating Graph (20% completed).
INFO (IGPH001): 20:53:05 Creating Graph (30% completed).
INFO (IGPH001): 20:53:05 Creating Graph (40% completed).
INFO (IGPH001): 20:53:05 Creating Graph (50% completed).
INFO (IGPH001): 20:53:05 Creating Graph (60% completed).
INFO (IGPH001): 20:53:05 Creating Graph (70% completed).
INFO (IGPH001): 20:53:05 Creating Graph (80% completed).
INFO (IGPH001): 20:53:06 Creating Graph (90% completed).
INFO (IGPH001): 20:53:06 Creating Graph (100% completed).
issue_stage_i.i_scoreboard.mem_q[3].sbe.pc ex_stage_i.lsu_i.load_pc_o, {issue_stage_i.i_scoreboard.mem_q[3].sbe.pc[4]} {csr_regfile_i.sepc_q[4]} {issue_stage_i.i_issue_read_operands.i_ariane_regfile.mem[29][4]} {issue_stage_i.i_issue_read_operands.operand_a_q[4]} {ex_stage_i.lsu_i.i_load_unit.load_data_q.ld_pc[55]} {ex_stage_i.lsu_i.i_pipe_reg_load.d_o[55]} {ex_stage_i.lsu_i.load_pc_o[55]}
flop wire
--------------------------------
INFO (IGPH001): 20:53:06 Creating Graph (10% completed).
INFO (IGPH001): 20:53:06 Creating Graph (20% completed).
INFO (IGPH001): 20:53:06 Creating Graph (30% completed).
INFO (IGPH001): 20:53:06 Creating Graph (40% completed).
INFO (IGPH001): 20:53:06 Creating Graph (50% completed).
INFO (IGPH001): 20:53:06 Creating Graph (60% completed).
INFO (IGPH001): 20:53:06 Creating Graph (70% completed).
INFO (IGPH001): 20:53:06 Creating Graph (80% completed).
INFO (IGPH001): 20:53:07 Creating Graph (90% completed).
INFO (IGPH001): 20:53:07 Creating Graph (100% completed).
issue_stage_i.i_scoreboard.mem_q[3].sbe.pc ex_stage_i.csr_buffer_i.csr_reg_q.pc, {issue_stage_i.i_scoreboard.mem_q[3].sbe.pc[14]} {csr_regfile_i.dpc_q[15]} {csr_regfile_i.mcounteren_q[15]} issue_stage_i.i_issue_read_operands.csr_valid_q {ex_stage_i.csr_buffer_i.csr_reg_q.pc[62]}
flop flop
--------------------------------
INFO (IGPH001): 20:53:07 Creating Graph (10% completed).
INFO (IGPH001): 20:53:07 Creating Graph (20% completed).
INFO (IGPH001): 20:53:07 Creating Graph (30% completed).
INFO (IGPH001): 20:53:07 Creating Graph (40% completed).
INFO (IGPH001): 20:53:07 Creating Graph (50% completed).
INFO (IGPH001): 20:53:07 Creating Graph (60% completed).
INFO (IGPH001): 20:53:07 Creating Graph (70% completed).
INFO (IGPH001): 20:53:07 Creating Graph (80% completed).
INFO (IGPH001): 20:53:08 Creating Graph (90% completed).
INFO (IGPH001): 20:53:08 Creating Graph (100% completed).
issue_stage_i.i_scoreboard.mem_q[3].sbe.pc ex_stage_i.i_mult.i_multiplier.pc_q, {issue_stage_i.i_scoreboard.mem_q[3].sbe.pc[14]} {csr_regfile_i.dpc_q[15]} {csr_regfile_i.mcounteren_q[15]} {id_stage_i.issue_q.sbe.pc[32]} {issue_stage_i.i_issue_read_operands.pc_o[32]} {ex_stage_i.i_mult.i_multiplier.pc_q[32]}
flop flop
--------------------------------
INFO (IGPH001): 20:53:08 Creating Graph (20% completed).
INFO (IGPH001): 20:53:08 Creating Graph (30% completed).
INFO (IGPH001): 20:53:08 Creating Graph (40% completed).
INFO (IGPH001): 20:53:08 Creating Graph (50% completed).
INFO (IGPH001): 20:53:08 Creating Graph (60% completed).
INFO (IGPH001): 20:53:08 Creating Graph (70% completed).
INFO (IGPH001): 20:53:08 Creating Graph (80% completed).
INFO (IGPH001): 20:53:09 Creating Graph (90% completed).
INFO (IGPH001): 20:53:09 Creating Graph (100% completed).
issue_stage_i.i_scoreboard.mem_q[3].sbe.pc ex_stage_i.lsu_i.i_load_unit.lsu_ctrl_i.pc, {issue_stage_i.i_scoreboard.mem_q[3].sbe.pc[14]} {csr_regfile_i.dpc_q[15]} {csr_regfile_i.mcounteren_q[15]} {ex_stage_i.lsu_i.lsu_bypass_i.mem_q[0].pc[41]} {ex_stage_i.lsu_i.i_load_unit.lsu_ctrl_i.pc[41]}
flop wire
--------------------------------
INFO (IGPH001): 20:53:09 Creating Graph (10% completed).
INFO (IGPH001): 20:53:09 Creating Graph (20% completed).
INFO (IGPH001): 20:53:09 Creating Graph (30% completed).
INFO (IGPH001): 20:53:09 Creating Graph (40% completed).
INFO (IGPH001): 20:53:09 Creating Graph (50% completed).
INFO (IGPH001): 20:53:09 Creating Graph (60% completed).
INFO (IGPH001): 20:53:09 Creating Graph (70% completed).
INFO (IGPH001): 20:53:09 Creating Graph (80% completed).
INFO (IGPH001): 20:53:10 Creating Graph (90% completed).
INFO (IGPH001): 20:53:10 Creating Graph (100% completed).
issue_stage_i.i_scoreboard.mem_q[3].sbe.pc ex_stage_i.lsu_i.i_ord_sram.pc_i, {issue_stage_i.i_scoreboard.mem_q[3].sbe.pc[6]} {csr_regfile_i.dpc_q[8]} {issue_stage_i.i_issue_read_operands.i_ariane_regfile.mem[23][8]} {issue_stage_i.i_issue_read_operands.operand_a_q[8]} {ex_stage_i.lsu_i.i_ord_sram.pc_i[63]}
flop wire
--------------------------------
INFO (IGPH001): 20:53:10 Creating Graph (10% completed).
INFO (IGPH001): 20:53:10 Creating Graph (20% completed).
INFO (IGPH001): 20:53:10 Creating Graph (30% completed).
INFO (IGPH001): 20:53:10 Creating Graph (40% completed).
INFO (IGPH001): 20:53:10 Creating Graph (50% completed).
INFO (IGPH001): 20:53:10 Creating Graph (60% completed).
INFO (IGPH001): 20:53:10 Creating Graph (70% completed).
INFO (IGPH001): 20:53:10 Creating Graph (80% completed).
INFO (IGPH001): 20:53:11 Creating Graph (90% completed).
INFO (IGPH001): 20:53:11 Creating Graph (100% completed).
WARNING (WGPH001): No path between "ex_stage_i.lsu_i.i_store_unit.store_buffer_i.commit_queue_q[0].pc" and "ex_stage_i.i_mult.i_div.pc_q" exists.
ex_stage_i.lsu_i.i_store_unit.store_buffer_i.commit_queue_q[0].pc ex_stage_i.i_mult.i_div.pc_q, 
flop flop
--------------------------------
INFO (IGPH001): 20:53:11 Creating Graph (10% completed).
INFO (IGPH001): 20:53:11 Creating Graph (20% completed).
INFO (IGPH001): 20:53:11 Creating Graph (30% completed).
INFO (IGPH001): 20:53:11 Creating Graph (40% completed).
INFO (IGPH001): 20:53:11 Creating Graph (50% completed).
INFO (IGPH001): 20:53:11 Creating Graph (60% completed).
INFO (IGPH001): 20:53:11 Creating Graph (70% completed).
INFO (IGPH001): 20:53:11 Creating Graph (80% completed).
INFO (IGPH001): 20:53:12 Creating Graph (90% completed).
INFO (IGPH001): 20:53:12 Creating Graph (100% completed).
WARNING (WGPH001): No path between "ex_stage_i.lsu_i.i_store_unit.store_buffer_i.commit_queue_q[0].pc" and "id_stage_i.issue_q.sbe.pc" exists.
ex_stage_i.lsu_i.i_store_unit.store_buffer_i.commit_queue_q[0].pc id_stage_i.issue_q.sbe.pc, 
flop flop
--------------------------------
INFO (IGPH001): 20:53:12 Creating Graph (10% completed).
INFO (IGPH001): 20:53:12 Creating Graph (20% completed).
INFO (IGPH001): 20:53:12 Creating Graph (30% completed).
INFO (IGPH001): 20:53:12 Creating Graph (40% completed).
INFO (IGPH001): 20:53:12 Creating Graph (50% completed).
INFO (IGPH001): 20:53:12 Creating Graph (60% completed).
INFO (IGPH001): 20:53:12 Creating Graph (70% completed).
INFO (IGPH001): 20:53:12 Creating Graph (80% completed).
INFO (IGPH001): 20:53:13 Creating Graph (90% completed).
INFO (IGPH001): 20:53:13 Creating Graph (100% completed).
WARNING (WGPH001): No path between "ex_stage_i.lsu_i.i_store_unit.store_buffer_i.commit_queue_q[0].pc" and "issue_stage_i.i_issue_read_operands.pc_o" exists.
ex_stage_i.lsu_i.i_store_unit.store_buffer_i.commit_queue_q[0].pc issue_stage_i.i_issue_read_operands.pc_o, 
flop flop
--------------------------------
INFO (IGPH001): 20:53:13 Creating Graph (10% completed).
INFO (IGPH001): 20:53:13 Creating Graph (20% completed).
INFO (IGPH001): 20:53:13 Creating Graph (30% completed).
INFO (IGPH001): 20:53:13 Creating Graph (40% completed).
INFO (IGPH001): 20:53:13 Creating Graph (50% completed).
INFO (IGPH001): 20:53:13 Creating Graph (60% completed).
INFO (IGPH001): 20:53:13 Creating Graph (70% completed).
INFO (IGPH001): 20:53:13 Creating Graph (80% completed).
INFO (IGPH001): 20:53:13 Creating Graph (90% completed).
INFO (IGPH001): 20:53:13 Creating Graph (100% completed).
WARNING (WGPH001): No path between "ex_stage_i.lsu_i.i_store_unit.store_buffer_i.commit_queue_q[0].pc" and "ex_stage_i.lsu_i.lsu_bypass_i.mem_q[0].pc" exists.
ex_stage_i.lsu_i.i_store_unit.store_buffer_i.commit_queue_q[0].pc ex_stage_i.lsu_i.lsu_bypass_i.mem_q[0].pc, 
flop flop
--------------------------------
INFO (IGPH001): 20:53:14 Creating Graph (10% completed).
INFO (IGPH001): 20:53:14 Creating Graph (20% completed).
INFO (IGPH001): 20:53:14 Creating Graph (30% completed).
INFO (IGPH001): 20:53:14 Creating Graph (40% completed).
INFO (IGPH001): 20:53:14 Creating Graph (50% completed).
INFO (IGPH001): 20:53:14 Creating Graph (60% completed).
INFO (IGPH001): 20:53:14 Creating Graph (70% completed).
INFO (IGPH001): 20:53:14 Creating Graph (80% completed).
INFO (IGPH001): 20:53:14 Creating Graph (90% completed).
INFO (IGPH001): 20:53:14 Creating Graph (100% completed).
WARNING (WGPH001): No path between "ex_stage_i.lsu_i.i_store_unit.store_buffer_i.commit_queue_q[0].pc" and "ex_stage_i.lsu_i.lsu_bypass_i.mem_q[1].pc" exists.
ex_stage_i.lsu_i.i_store_unit.store_buffer_i.commit_queue_q[0].pc ex_stage_i.lsu_i.lsu_bypass_i.mem_q[1].pc, 
flop flop
--------------------------------
INFO (IGPH001): 20:53:14 Creating Graph (10% completed).
INFO (IGPH001): 20:53:14 Creating Graph (20% completed).
INFO (IGPH001): 20:53:14 Creating Graph (30% completed).
INFO (IGPH001): 20:53:14 Creating Graph (40% completed).
INFO (IGPH001): 20:53:14 Creating Graph (50% completed).
INFO (IGPH001): 20:53:14 Creating Graph (60% completed).
INFO (IGPH001): 20:53:14 Creating Graph (70% completed).
INFO (IGPH001): 20:53:14 Creating Graph (80% completed).
INFO (IGPH001): 20:53:15 Creating Graph (90% completed).
INFO (IGPH001): 20:53:15 Creating Graph (100% completed).
WARNING (WGPH001): No path between "ex_stage_i.lsu_i.i_store_unit.store_buffer_i.commit_queue_q[0].pc" and "issue_stage_i.i_scoreboard.mem_q[0].sbe.pc" exists.
ex_stage_i.lsu_i.i_store_unit.store_buffer_i.commit_queue_q[0].pc issue_stage_i.i_scoreboard.mem_q[0].sbe.pc, 
flop flop
--------------------------------
INFO (IGPH001): 20:53:15 Creating Graph (10% completed).
INFO (IGPH001): 20:53:15 Creating Graph (20% completed).
INFO (IGPH001): 20:53:15 Creating Graph (30% completed).
INFO (IGPH001): 20:53:15 Creating Graph (40% completed).
INFO (IGPH001): 20:53:15 Creating Graph (50% completed).
INFO (IGPH001): 20:53:15 Creating Graph (60% completed).
INFO (IGPH001): 20:53:15 Creating Graph (70% completed).
INFO (IGPH001): 20:53:15 Creating Graph (80% completed).
INFO (IGPH001): 20:53:16 Creating Graph (90% completed).
INFO (IGPH001): 20:53:16 Creating Graph (100% completed).
WARNING (WGPH001): No path between "ex_stage_i.lsu_i.i_store_unit.store_buffer_i.commit_queue_q[0].pc" and "issue_stage_i.i_scoreboard.mem_q[1].sbe.pc" exists.
ex_stage_i.lsu_i.i_store_unit.store_buffer_i.commit_queue_q[0].pc issue_stage_i.i_scoreboard.mem_q[1].sbe.pc, 
flop flop
--------------------------------
INFO (IGPH001): 20:53:16 Creating Graph (10% completed).
INFO (IGPH001): 20:53:16 Creating Graph (20% completed).
INFO (IGPH001): 20:53:16 Creating Graph (30% completed).
INFO (IGPH001): 20:53:16 Creating Graph (40% completed).
INFO (IGPH001): 20:53:16 Creating Graph (50% completed).
INFO (IGPH001): 20:53:16 Creating Graph (60% completed).
INFO (IGPH001): 20:53:16 Creating Graph (70% completed).
INFO (IGPH001): 20:53:16 Creating Graph (80% completed).
INFO (IGPH001): 20:53:17 Creating Graph (90% completed).
INFO (IGPH001): 20:53:17 Creating Graph (100% completed).
WARNING (WGPH001): No path between "ex_stage_i.lsu_i.i_store_unit.store_buffer_i.commit_queue_q[0].pc" and "issue_stage_i.i_scoreboard.mem_q[2].sbe.pc" exists.
ex_stage_i.lsu_i.i_store_unit.store_buffer_i.commit_queue_q[0].pc issue_stage_i.i_scoreboard.mem_q[2].sbe.pc, 
flop flop
--------------------------------
INFO (IGPH001): 20:53:17 Creating Graph (10% completed).
INFO (IGPH001): 20:53:17 Creating Graph (20% completed).
INFO (IGPH001): 20:53:17 Creating Graph (30% completed).
INFO (IGPH001): 20:53:17 Creating Graph (40% completed).
INFO (IGPH001): 20:53:17 Creating Graph (50% completed).
INFO (IGPH001): 20:53:17 Creating Graph (60% completed).
INFO (IGPH001): 20:53:17 Creating Graph (70% completed).
INFO (IGPH001): 20:53:17 Creating Graph (80% completed).
INFO (IGPH001): 20:53:18 Creating Graph (90% completed).
INFO (IGPH001): 20:53:18 Creating Graph (100% completed).
WARNING (WGPH001): No path between "ex_stage_i.lsu_i.i_store_unit.store_buffer_i.commit_queue_q[0].pc" and "issue_stage_i.i_scoreboard.mem_q[3].sbe.pc" exists.
ex_stage_i.lsu_i.i_store_unit.store_buffer_i.commit_queue_q[0].pc issue_stage_i.i_scoreboard.mem_q[3].sbe.pc, 
flop flop
--------------------------------
INFO (IGPH001): 20:53:18 Creating Graph (10% completed).
INFO (IGPH001): 20:53:18 Creating Graph (20% completed).
INFO (IGPH001): 20:53:18 Creating Graph (30% completed).
INFO (IGPH001): 20:53:18 Creating Graph (40% completed).
INFO (IGPH001): 20:53:18 Creating Graph (50% completed).
INFO (IGPH001): 20:53:18 Creating Graph (60% completed).
INFO (IGPH001): 20:53:18 Creating Graph (70% completed).
INFO (IGPH001): 20:53:18 Creating Graph (80% completed).
INFO (IGPH001): 20:53:18 Creating Graph (90% completed).
INFO (IGPH001): 20:53:18 Creating Graph (100% completed).
WARNING (WGPH001): No path between "ex_stage_i.lsu_i.i_store_unit.store_buffer_i.commit_queue_q[0].pc" and "ex_stage_i.lsu_i.i_store_unit.store_buffer_i.commit_queue_q[1].pc" exists.
ex_stage_i.lsu_i.i_store_unit.store_buffer_i.commit_queue_q[0].pc ex_stage_i.lsu_i.i_store_unit.store_buffer_i.commit_queue_q[1].pc, 
flop flop
--------------------------------
INFO (IGPH001): 20:53:19 Creating Graph (10% completed).
INFO (IGPH001): 20:53:19 Creating Graph (20% completed).
INFO (IGPH001): 20:53:19 Creating Graph (30% completed).
INFO (IGPH001): 20:53:19 Creating Graph (40% completed).
INFO (IGPH001): 20:53:19 Creating Graph (50% completed).
INFO (IGPH001): 20:53:19 Creating Graph (60% completed).
INFO (IGPH001): 20:53:19 Creating Graph (70% completed).
INFO (IGPH001): 20:53:19 Creating Graph (80% completed).
INFO (IGPH001): 20:53:19 Creating Graph (90% completed).
INFO (IGPH001): 20:53:19 Creating Graph (100% completed).
WARNING (WGPH001): No path between "ex_stage_i.lsu_i.i_store_unit.store_buffer_i.commit_queue_q[0].pc" and "ex_stage_i.lsu_i.i_store_unit.store_buffer_i.speculative_queue_q[0].pc" exists.
ex_stage_i.lsu_i.i_store_unit.store_buffer_i.commit_queue_q[0].pc ex_stage_i.lsu_i.i_store_unit.store_buffer_i.speculative_queue_q[0].pc, 
flop flop
--------------------------------
INFO (IGPH001): 20:53:19 Creating Graph (10% completed).
INFO (IGPH001): 20:53:19 Creating Graph (20% completed).
INFO (IGPH001): 20:53:19 Creating Graph (30% completed).
INFO (IGPH001): 20:53:19 Creating Graph (40% completed).
INFO (IGPH001): 20:53:19 Creating Graph (50% completed).
INFO (IGPH001): 20:53:19 Creating Graph (60% completed).
INFO (IGPH001): 20:53:19 Creating Graph (70% completed).
INFO (IGPH001): 20:53:19 Creating Graph (80% completed).
INFO (IGPH001): 20:53:20 Creating Graph (90% completed).
INFO (IGPH001): 20:53:20 Creating Graph (100% completed).
WARNING (WGPH001): No path between "ex_stage_i.lsu_i.i_store_unit.store_buffer_i.commit_queue_q[0].pc" and "ex_stage_i.lsu_i.i_store_unit.store_buffer_i.speculative_queue_q[1].pc" exists.
ex_stage_i.lsu_i.i_store_unit.store_buffer_i.commit_queue_q[0].pc ex_stage_i.lsu_i.i_store_unit.store_buffer_i.speculative_queue_q[1].pc, 
flop flop
--------------------------------
INFO (IGPH001): 20:53:21 Creating Graph (10% completed).
INFO (IGPH001): 20:53:21 Creating Graph (20% completed).
INFO (IGPH001): 20:53:21 Creating Graph (30% completed).
INFO (IGPH001): 20:53:21 Creating Graph (40% completed).
INFO (IGPH001): 20:53:21 Creating Graph (50% completed).
INFO (IGPH001): 20:53:21 Creating Graph (60% completed).
INFO (IGPH001): 20:53:21 Creating Graph (70% completed).
INFO (IGPH001): 20:53:21 Creating Graph (80% completed).
INFO (IGPH001): 20:53:21 Creating Graph (90% completed).
INFO (IGPH001): 20:53:22 Creating Graph (100% completed).
WARNING (WGPH001): No path between "ex_stage_i.lsu_i.i_store_unit.store_buffer_i.commit_queue_q[0].pc" and "ex_stage_i.lsu_i.i_load_unit.load_data_q.ld_pc" exists.
ex_stage_i.lsu_i.i_store_unit.store_buffer_i.commit_queue_q[0].pc ex_stage_i.lsu_i.i_load_unit.load_data_q.ld_pc, 
flop flop
--------------------------------
INFO (IGPH001): 20:53:22 Creating Graph (10% completed).
INFO (IGPH001): 20:53:22 Creating Graph (20% completed).
INFO (IGPH001): 20:53:22 Creating Graph (30% completed).
INFO (IGPH001): 20:53:22 Creating Graph (40% completed).
INFO (IGPH001): 20:53:22 Creating Graph (50% completed).
INFO (IGPH001): 20:53:22 Creating Graph (60% completed).
INFO (IGPH001): 20:53:22 Creating Graph (70% completed).
INFO (IGPH001): 20:53:22 Creating Graph (80% completed).
INFO (IGPH001): 20:53:23 Creating Graph (90% completed).
INFO (IGPH001): 20:53:23 Creating Graph (100% completed).
WARNING (WGPH001): No path between "ex_stage_i.lsu_i.i_store_unit.store_buffer_i.commit_queue_q[0].pc" and "ex_stage_i.lsu_i.i_store_unit.st_pc_q" exists.
ex_stage_i.lsu_i.i_store_unit.store_buffer_i.commit_queue_q[0].pc ex_stage_i.lsu_i.i_store_unit.st_pc_q, 
flop flop
--------------------------------
INFO (IGPH001): 20:53:23 Creating Graph (10% completed).
INFO (IGPH001): 20:53:23 Creating Graph (20% completed).
INFO (IGPH001): 20:53:23 Creating Graph (30% completed).
INFO (IGPH001): 20:53:23 Creating Graph (40% completed).
INFO (IGPH001): 20:53:23 Creating Graph (50% completed).
INFO (IGPH001): 20:53:23 Creating Graph (60% completed).
INFO (IGPH001): 20:53:23 Creating Graph (70% completed).
INFO (IGPH001): 20:53:23 Creating Graph (80% completed).
INFO (IGPH001): 20:53:24 Creating Graph (90% completed).
INFO (IGPH001): 20:53:24 Creating Graph (100% completed).
WARNING (WGPH001): No path between "ex_stage_i.lsu_i.i_store_unit.store_buffer_i.commit_queue_q[0].pc" and "ex_stage_i.lsu_i.load_pc_o" exists.
ex_stage_i.lsu_i.i_store_unit.store_buffer_i.commit_queue_q[0].pc ex_stage_i.lsu_i.load_pc_o, 
flop wire
--------------------------------
INFO (IGPH001): 20:53:24 Creating Graph (10% completed).
INFO (IGPH001): 20:53:24 Creating Graph (20% completed).
INFO (IGPH001): 20:53:24 Creating Graph (30% completed).
INFO (IGPH001): 20:53:24 Creating Graph (40% completed).
INFO (IGPH001): 20:53:24 Creating Graph (50% completed).
INFO (IGPH001): 20:53:24 Creating Graph (60% completed).
INFO (IGPH001): 20:53:24 Creating Graph (70% completed).
INFO (IGPH001): 20:53:24 Creating Graph (80% completed).
INFO (IGPH001): 20:53:25 Creating Graph (90% completed).
INFO (IGPH001): 20:53:25 Creating Graph (100% completed).
WARNING (WGPH001): No path between "ex_stage_i.lsu_i.i_store_unit.store_buffer_i.commit_queue_q[0].pc" and "ex_stage_i.csr_buffer_i.csr_reg_q.pc" exists.
ex_stage_i.lsu_i.i_store_unit.store_buffer_i.commit_queue_q[0].pc ex_stage_i.csr_buffer_i.csr_reg_q.pc, 
flop flop
--------------------------------
INFO (IGPH001): 20:53:25 Creating Graph (10% completed).
INFO (IGPH001): 20:53:25 Creating Graph (20% completed).
INFO (IGPH001): 20:53:25 Creating Graph (30% completed).
INFO (IGPH001): 20:53:25 Creating Graph (40% completed).
INFO (IGPH001): 20:53:25 Creating Graph (50% completed).
INFO (IGPH001): 20:53:25 Creating Graph (60% completed).
INFO (IGPH001): 20:53:25 Creating Graph (70% completed).
INFO (IGPH001): 20:53:25 Creating Graph (80% completed).
INFO (IGPH001): 20:53:26 Creating Graph (90% completed).
INFO (IGPH001): 20:53:26 Creating Graph (100% completed).
WARNING (WGPH001): No path between "ex_stage_i.lsu_i.i_store_unit.store_buffer_i.commit_queue_q[0].pc" and "ex_stage_i.i_mult.i_multiplier.pc_q" exists.
ex_stage_i.lsu_i.i_store_unit.store_buffer_i.commit_queue_q[0].pc ex_stage_i.i_mult.i_multiplier.pc_q, 
flop flop
--------------------------------
INFO (IGPH001): 20:53:26 Creating Graph (20% completed).
INFO (IGPH001): 20:53:26 Creating Graph (30% completed).
INFO (IGPH001): 20:53:26 Creating Graph (40% completed).
INFO (IGPH001): 20:53:26 Creating Graph (50% completed).
INFO (IGPH001): 20:53:26 Creating Graph (60% completed).
INFO (IGPH001): 20:53:26 Creating Graph (70% completed).
INFO (IGPH001): 20:53:26 Creating Graph (80% completed).
INFO (IGPH001): 20:53:27 Creating Graph (90% completed).
INFO (IGPH001): 20:53:27 Creating Graph (100% completed).
WARNING (WGPH001): No path between "ex_stage_i.lsu_i.i_store_unit.store_buffer_i.commit_queue_q[0].pc" and "ex_stage_i.lsu_i.i_load_unit.lsu_ctrl_i.pc" exists.
ex_stage_i.lsu_i.i_store_unit.store_buffer_i.commit_queue_q[0].pc ex_stage_i.lsu_i.i_load_unit.lsu_ctrl_i.pc, 
flop wire
--------------------------------
INFO (IGPH001): 20:53:27 Creating Graph (10% completed).
INFO (IGPH001): 20:53:27 Creating Graph (20% completed).
INFO (IGPH001): 20:53:27 Creating Graph (30% completed).
INFO (IGPH001): 20:53:27 Creating Graph (40% completed).
INFO (IGPH001): 20:53:27 Creating Graph (50% completed).
INFO (IGPH001): 20:53:27 Creating Graph (60% completed).
INFO (IGPH001): 20:53:27 Creating Graph (70% completed).
INFO (IGPH001): 20:53:27 Creating Graph (80% completed).
INFO (IGPH001): 20:53:28 Creating Graph (90% completed).
INFO (IGPH001): 20:53:28 Creating Graph (100% completed).
ex_stage_i.lsu_i.i_store_unit.store_buffer_i.commit_queue_q[0].pc ex_stage_i.lsu_i.i_ord_sram.pc_i, {ex_stage_i.lsu_i.i_store_unit.store_buffer_i.commit_queue_q[0].pc[0]} {ex_stage_i.lsu_i.i_ord_sram.pc_i[0]}
flop wire
ADD ex_stage_i.lsu_i.i_store_unit.store_buffer_i.commit_queue_q[0].pc ex_stage_i.lsu_i.i_ord_sram.pc_i
--------------------------------
INFO (IGPH001): 20:53:28 Creating Graph (10% completed).
INFO (IGPH001): 20:53:28 Creating Graph (20% completed).
INFO (IGPH001): 20:53:28 Creating Graph (30% completed).
INFO (IGPH001): 20:53:28 Creating Graph (40% completed).
INFO (IGPH001): 20:53:28 Creating Graph (50% completed).
INFO (IGPH001): 20:53:28 Creating Graph (60% completed).
INFO (IGPH001): 20:53:28 Creating Graph (70% completed).
INFO (IGPH001): 20:53:28 Creating Graph (80% completed).
INFO (IGPH001): 20:53:29 Creating Graph (90% completed).
INFO (IGPH001): 20:53:29 Creating Graph (100% completed).
WARNING (WGPH001): No path between "ex_stage_i.lsu_i.i_store_unit.store_buffer_i.commit_queue_q[1].pc" and "ex_stage_i.i_mult.i_div.pc_q" exists.
ex_stage_i.lsu_i.i_store_unit.store_buffer_i.commit_queue_q[1].pc ex_stage_i.i_mult.i_div.pc_q, 
flop flop
--------------------------------
INFO (IGPH001): 20:53:29 Creating Graph (10% completed).
INFO (IGPH001): 20:53:29 Creating Graph (20% completed).
INFO (IGPH001): 20:53:29 Creating Graph (30% completed).
INFO (IGPH001): 20:53:29 Creating Graph (40% completed).
INFO (IGPH001): 20:53:29 Creating Graph (50% completed).
INFO (IGPH001): 20:53:29 Creating Graph (60% completed).
INFO (IGPH001): 20:53:29 Creating Graph (70% completed).
INFO (IGPH001): 20:53:29 Creating Graph (80% completed).
INFO (IGPH001): 20:53:30 Creating Graph (90% completed).
INFO (IGPH001): 20:53:30 Creating Graph (100% completed).
WARNING (WGPH001): No path between "ex_stage_i.lsu_i.i_store_unit.store_buffer_i.commit_queue_q[1].pc" and "id_stage_i.issue_q.sbe.pc" exists.
ex_stage_i.lsu_i.i_store_unit.store_buffer_i.commit_queue_q[1].pc id_stage_i.issue_q.sbe.pc, 
flop flop
--------------------------------
INFO (IGPH001): 20:53:30 Creating Graph (10% completed).
INFO (IGPH001): 20:53:30 Creating Graph (20% completed).
INFO (IGPH001): 20:53:30 Creating Graph (30% completed).
INFO (IGPH001): 20:53:30 Creating Graph (40% completed).
INFO (IGPH001): 20:53:30 Creating Graph (50% completed).
INFO (IGPH001): 20:53:30 Creating Graph (60% completed).
INFO (IGPH001): 20:53:30 Creating Graph (70% completed).
INFO (IGPH001): 20:53:30 Creating Graph (80% completed).
INFO (IGPH001): 20:53:31 Creating Graph (90% completed).
INFO (IGPH001): 20:53:31 Creating Graph (100% completed).
WARNING (WGPH001): No path between "ex_stage_i.lsu_i.i_store_unit.store_buffer_i.commit_queue_q[1].pc" and "issue_stage_i.i_issue_read_operands.pc_o" exists.
ex_stage_i.lsu_i.i_store_unit.store_buffer_i.commit_queue_q[1].pc issue_stage_i.i_issue_read_operands.pc_o, 
flop flop
--------------------------------
INFO (IGPH001): 20:53:32 Creating Graph (10% completed).
INFO (IGPH001): 20:53:32 Creating Graph (20% completed).
INFO (IGPH001): 20:53:32 Creating Graph (30% completed).
INFO (IGPH001): 20:53:32 Creating Graph (40% completed).
INFO (IGPH001): 20:53:32 Creating Graph (50% completed).
INFO (IGPH001): 20:53:32 Creating Graph (60% completed).
INFO (IGPH001): 20:53:32 Creating Graph (70% completed).
INFO (IGPH001): 20:53:32 Creating Graph (80% completed).
INFO (IGPH001): 20:53:32 Creating Graph (90% completed).
INFO (IGPH001): 20:53:33 Creating Graph (100% completed).
WARNING (WGPH001): No path between "ex_stage_i.lsu_i.i_store_unit.store_buffer_i.commit_queue_q[1].pc" and "ex_stage_i.lsu_i.lsu_bypass_i.mem_q[0].pc" exists.
ex_stage_i.lsu_i.i_store_unit.store_buffer_i.commit_queue_q[1].pc ex_stage_i.lsu_i.lsu_bypass_i.mem_q[0].pc, 
flop flop
--------------------------------
INFO (IGPH001): 20:53:33 Creating Graph (10% completed).
INFO (IGPH001): 20:53:33 Creating Graph (20% completed).
INFO (IGPH001): 20:53:33 Creating Graph (30% completed).
INFO (IGPH001): 20:53:33 Creating Graph (40% completed).
INFO (IGPH001): 20:53:33 Creating Graph (50% completed).
INFO (IGPH001): 20:53:33 Creating Graph (60% completed).
INFO (IGPH001): 20:53:33 Creating Graph (70% completed).
INFO (IGPH001): 20:53:33 Creating Graph (80% completed).
INFO (IGPH001): 20:53:34 Creating Graph (90% completed).
INFO (IGPH001): 20:53:34 Creating Graph (100% completed).
WARNING (WGPH001): No path between "ex_stage_i.lsu_i.i_store_unit.store_buffer_i.commit_queue_q[1].pc" and "ex_stage_i.lsu_i.lsu_bypass_i.mem_q[1].pc" exists.
ex_stage_i.lsu_i.i_store_unit.store_buffer_i.commit_queue_q[1].pc ex_stage_i.lsu_i.lsu_bypass_i.mem_q[1].pc, 
flop flop
--------------------------------
INFO (IGPH001): 20:53:34 Creating Graph (10% completed).
INFO (IGPH001): 20:53:34 Creating Graph (20% completed).
INFO (IGPH001): 20:53:34 Creating Graph (30% completed).
INFO (IGPH001): 20:53:34 Creating Graph (40% completed).
INFO (IGPH001): 20:53:34 Creating Graph (50% completed).
INFO (IGPH001): 20:53:34 Creating Graph (60% completed).
INFO (IGPH001): 20:53:34 Creating Graph (70% completed).
INFO (IGPH001): 20:53:34 Creating Graph (80% completed).
INFO (IGPH001): 20:53:35 Creating Graph (90% completed).
INFO (IGPH001): 20:53:35 Creating Graph (100% completed).
WARNING (WGPH001): No path between "ex_stage_i.lsu_i.i_store_unit.store_buffer_i.commit_queue_q[1].pc" and "issue_stage_i.i_scoreboard.mem_q[0].sbe.pc" exists.
ex_stage_i.lsu_i.i_store_unit.store_buffer_i.commit_queue_q[1].pc issue_stage_i.i_scoreboard.mem_q[0].sbe.pc, 
flop flop
--------------------------------
INFO (IGPH001): 20:53:35 Creating Graph (10% completed).
INFO (IGPH001): 20:53:35 Creating Graph (20% completed).
INFO (IGPH001): 20:53:35 Creating Graph (30% completed).
INFO (IGPH001): 20:53:35 Creating Graph (40% completed).
INFO (IGPH001): 20:53:35 Creating Graph (50% completed).
INFO (IGPH001): 20:53:35 Creating Graph (60% completed).
INFO (IGPH001): 20:53:35 Creating Graph (70% completed).
INFO (IGPH001): 20:53:35 Creating Graph (80% completed).
INFO (IGPH001): 20:53:36 Creating Graph (90% completed).
INFO (IGPH001): 20:53:36 Creating Graph (100% completed).
WARNING (WGPH001): No path between "ex_stage_i.lsu_i.i_store_unit.store_buffer_i.commit_queue_q[1].pc" and "issue_stage_i.i_scoreboard.mem_q[1].sbe.pc" exists.
ex_stage_i.lsu_i.i_store_unit.store_buffer_i.commit_queue_q[1].pc issue_stage_i.i_scoreboard.mem_q[1].sbe.pc, 
flop flop
--------------------------------
INFO (IGPH001): 20:53:36 Creating Graph (10% completed).
INFO (IGPH001): 20:53:36 Creating Graph (20% completed).
INFO (IGPH001): 20:53:36 Creating Graph (30% completed).
INFO (IGPH001): 20:53:36 Creating Graph (40% completed).
INFO (IGPH001): 20:53:36 Creating Graph (50% completed).
INFO (IGPH001): 20:53:36 Creating Graph (60% completed).
INFO (IGPH001): 20:53:36 Creating Graph (70% completed).
INFO (IGPH001): 20:53:36 Creating Graph (80% completed).
INFO (IGPH001): 20:53:37 Creating Graph (90% completed).
INFO (IGPH001): 20:53:37 Creating Graph (100% completed).
WARNING (WGPH001): No path between "ex_stage_i.lsu_i.i_store_unit.store_buffer_i.commit_queue_q[1].pc" and "issue_stage_i.i_scoreboard.mem_q[2].sbe.pc" exists.
ex_stage_i.lsu_i.i_store_unit.store_buffer_i.commit_queue_q[1].pc issue_stage_i.i_scoreboard.mem_q[2].sbe.pc, 
flop flop
--------------------------------
INFO (IGPH001): 20:53:37 Creating Graph (10% completed).
INFO (IGPH001): 20:53:37 Creating Graph (20% completed).
INFO (IGPH001): 20:53:37 Creating Graph (30% completed).
INFO (IGPH001): 20:53:37 Creating Graph (40% completed).
INFO (IGPH001): 20:53:37 Creating Graph (50% completed).
INFO (IGPH001): 20:53:37 Creating Graph (60% completed).
INFO (IGPH001): 20:53:37 Creating Graph (70% completed).
INFO (IGPH001): 20:53:37 Creating Graph (80% completed).
INFO (IGPH001): 20:53:38 Creating Graph (90% completed).
INFO (IGPH001): 20:53:38 Creating Graph (100% completed).
WARNING (WGPH001): No path between "ex_stage_i.lsu_i.i_store_unit.store_buffer_i.commit_queue_q[1].pc" and "issue_stage_i.i_scoreboard.mem_q[3].sbe.pc" exists.
ex_stage_i.lsu_i.i_store_unit.store_buffer_i.commit_queue_q[1].pc issue_stage_i.i_scoreboard.mem_q[3].sbe.pc, 
flop flop
--------------------------------
INFO (IGPH001): 20:53:38 Creating Graph (10% completed).
INFO (IGPH001): 20:53:38 Creating Graph (20% completed).
INFO (IGPH001): 20:53:38 Creating Graph (30% completed).
INFO (IGPH001): 20:53:38 Creating Graph (40% completed).
INFO (IGPH001): 20:53:38 Creating Graph (50% completed).
INFO (IGPH001): 20:53:38 Creating Graph (60% completed).
INFO (IGPH001): 20:53:38 Creating Graph (70% completed).
INFO (IGPH001): 20:53:38 Creating Graph (80% completed).
INFO (IGPH001): 20:53:39 Creating Graph (90% completed).
INFO (IGPH001): 20:53:39 Creating Graph (100% completed).
WARNING (WGPH001): No path between "ex_stage_i.lsu_i.i_store_unit.store_buffer_i.commit_queue_q[1].pc" and "ex_stage_i.lsu_i.i_store_unit.store_buffer_i.commit_queue_q[0].pc" exists.
ex_stage_i.lsu_i.i_store_unit.store_buffer_i.commit_queue_q[1].pc ex_stage_i.lsu_i.i_store_unit.store_buffer_i.commit_queue_q[0].pc, 
flop flop
--------------------------------
INFO (IGPH001): 20:53:39 Creating Graph (10% completed).
INFO (IGPH001): 20:53:39 Creating Graph (20% completed).
INFO (IGPH001): 20:53:39 Creating Graph (30% completed).
INFO (IGPH001): 20:53:39 Creating Graph (40% completed).
INFO (IGPH001): 20:53:39 Creating Graph (50% completed).
INFO (IGPH001): 20:53:39 Creating Graph (60% completed).
INFO (IGPH001): 20:53:39 Creating Graph (70% completed).
INFO (IGPH001): 20:53:39 Creating Graph (80% completed).
INFO (IGPH001): 20:53:40 Creating Graph (90% completed).
INFO (IGPH001): 20:53:40 Creating Graph (100% completed).
WARNING (WGPH001): No path between "ex_stage_i.lsu_i.i_store_unit.store_buffer_i.commit_queue_q[1].pc" and "ex_stage_i.lsu_i.i_store_unit.store_buffer_i.speculative_queue_q[0].pc" exists.
ex_stage_i.lsu_i.i_store_unit.store_buffer_i.commit_queue_q[1].pc ex_stage_i.lsu_i.i_store_unit.store_buffer_i.speculative_queue_q[0].pc, 
flop flop
--------------------------------
INFO (IGPH001): 20:53:40 Creating Graph (10% completed).
INFO (IGPH001): 20:53:40 Creating Graph (20% completed).
INFO (IGPH001): 20:53:40 Creating Graph (30% completed).
INFO (IGPH001): 20:53:40 Creating Graph (40% completed).
INFO (IGPH001): 20:53:40 Creating Graph (50% completed).
INFO (IGPH001): 20:53:40 Creating Graph (60% completed).
INFO (IGPH001): 20:53:40 Creating Graph (70% completed).
INFO (IGPH001): 20:53:40 Creating Graph (80% completed).
INFO (IGPH001): 20:53:41 Creating Graph (90% completed).
INFO (IGPH001): 20:53:41 Creating Graph (100% completed).
WARNING (WGPH001): No path between "ex_stage_i.lsu_i.i_store_unit.store_buffer_i.commit_queue_q[1].pc" and "ex_stage_i.lsu_i.i_store_unit.store_buffer_i.speculative_queue_q[1].pc" exists.
ex_stage_i.lsu_i.i_store_unit.store_buffer_i.commit_queue_q[1].pc ex_stage_i.lsu_i.i_store_unit.store_buffer_i.speculative_queue_q[1].pc, 
flop flop
--------------------------------
INFO (IGPH001): 20:53:41 Creating Graph (10% completed).
INFO (IGPH001): 20:53:41 Creating Graph (20% completed).
INFO (IGPH001): 20:53:41 Creating Graph (30% completed).
INFO (IGPH001): 20:53:41 Creating Graph (40% completed).
INFO (IGPH001): 20:53:41 Creating Graph (50% completed).
INFO (IGPH001): 20:53:41 Creating Graph (60% completed).
INFO (IGPH001): 20:53:41 Creating Graph (70% completed).
INFO (IGPH001): 20:53:41 Creating Graph (80% completed).
INFO (IGPH001): 20:53:42 Creating Graph (90% completed).
INFO (IGPH001): 20:53:42 Creating Graph (100% completed).
WARNING (WGPH001): No path between "ex_stage_i.lsu_i.i_store_unit.store_buffer_i.commit_queue_q[1].pc" and "ex_stage_i.lsu_i.i_load_unit.load_data_q.ld_pc" exists.
ex_stage_i.lsu_i.i_store_unit.store_buffer_i.commit_queue_q[1].pc ex_stage_i.lsu_i.i_load_unit.load_data_q.ld_pc, 
flop flop
--------------------------------
INFO (IGPH001): 20:53:43 Creating Graph (10% completed).
INFO (IGPH001): 20:53:43 Creating Graph (20% completed).
INFO (IGPH001): 20:53:43 Creating Graph (30% completed).
INFO (IGPH001): 20:53:43 Creating Graph (40% completed).
INFO (IGPH001): 20:53:43 Creating Graph (50% completed).
INFO (IGPH001): 20:53:43 Creating Graph (60% completed).
INFO (IGPH001): 20:53:43 Creating Graph (70% completed).
INFO (IGPH001): 20:53:43 Creating Graph (80% completed).
INFO (IGPH001): 20:53:43 Creating Graph (90% completed).
INFO (IGPH001): 20:53:43 Creating Graph (100% completed).
WARNING (WGPH001): No path between "ex_stage_i.lsu_i.i_store_unit.store_buffer_i.commit_queue_q[1].pc" and "ex_stage_i.lsu_i.i_store_unit.st_pc_q" exists.
ex_stage_i.lsu_i.i_store_unit.store_buffer_i.commit_queue_q[1].pc ex_stage_i.lsu_i.i_store_unit.st_pc_q, 
flop flop
--------------------------------
INFO (IGPH001): 20:53:43 Creating Graph (10% completed).
INFO (IGPH001): 20:53:43 Creating Graph (20% completed).
INFO (IGPH001): 20:53:43 Creating Graph (30% completed).
INFO (IGPH001): 20:53:43 Creating Graph (40% completed).
INFO (IGPH001): 20:53:43 Creating Graph (50% completed).
INFO (IGPH001): 20:53:43 Creating Graph (60% completed).
INFO (IGPH001): 20:53:43 Creating Graph (70% completed).
INFO (IGPH001): 20:53:43 Creating Graph (80% completed).
INFO (IGPH001): 20:53:44 Creating Graph (90% completed).
INFO (IGPH001): 20:53:44 Creating Graph (100% completed).
WARNING (WGPH001): No path between "ex_stage_i.lsu_i.i_store_unit.store_buffer_i.commit_queue_q[1].pc" and "ex_stage_i.lsu_i.load_pc_o" exists.
ex_stage_i.lsu_i.i_store_unit.store_buffer_i.commit_queue_q[1].pc ex_stage_i.lsu_i.load_pc_o, 
flop wire
--------------------------------
INFO (IGPH001): 20:53:44 Creating Graph (10% completed).
INFO (IGPH001): 20:53:44 Creating Graph (20% completed).
INFO (IGPH001): 20:53:44 Creating Graph (30% completed).
INFO (IGPH001): 20:53:44 Creating Graph (40% completed).
INFO (IGPH001): 20:53:44 Creating Graph (50% completed).
INFO (IGPH001): 20:53:44 Creating Graph (60% completed).
INFO (IGPH001): 20:53:44 Creating Graph (70% completed).
INFO (IGPH001): 20:53:44 Creating Graph (80% completed).
INFO (IGPH001): 20:53:45 Creating Graph (90% completed).
INFO (IGPH001): 20:53:45 Creating Graph (100% completed).
WARNING (WGPH001): No path between "ex_stage_i.lsu_i.i_store_unit.store_buffer_i.commit_queue_q[1].pc" and "ex_stage_i.csr_buffer_i.csr_reg_q.pc" exists.
ex_stage_i.lsu_i.i_store_unit.store_buffer_i.commit_queue_q[1].pc ex_stage_i.csr_buffer_i.csr_reg_q.pc, 
flop flop
--------------------------------
INFO (IGPH001): 20:53:45 Creating Graph (10% completed).
INFO (IGPH001): 20:53:45 Creating Graph (20% completed).
INFO (IGPH001): 20:53:45 Creating Graph (30% completed).
INFO (IGPH001): 20:53:45 Creating Graph (40% completed).
INFO (IGPH001): 20:53:45 Creating Graph (50% completed).
INFO (IGPH001): 20:53:45 Creating Graph (60% completed).
INFO (IGPH001): 20:53:45 Creating Graph (70% completed).
INFO (IGPH001): 20:53:45 Creating Graph (80% completed).
INFO (IGPH001): 20:53:46 Creating Graph (90% completed).
INFO (IGPH001): 20:53:46 Creating Graph (100% completed).
WARNING (WGPH001): No path between "ex_stage_i.lsu_i.i_store_unit.store_buffer_i.commit_queue_q[1].pc" and "ex_stage_i.i_mult.i_multiplier.pc_q" exists.
ex_stage_i.lsu_i.i_store_unit.store_buffer_i.commit_queue_q[1].pc ex_stage_i.i_mult.i_multiplier.pc_q, 
flop flop
--------------------------------
INFO (IGPH001): 20:53:46 Creating Graph (20% completed).
INFO (IGPH001): 20:53:46 Creating Graph (30% completed).
INFO (IGPH001): 20:53:46 Creating Graph (40% completed).
INFO (IGPH001): 20:53:46 Creating Graph (50% completed).
INFO (IGPH001): 20:53:46 Creating Graph (60% completed).
INFO (IGPH001): 20:53:46 Creating Graph (70% completed).
INFO (IGPH001): 20:53:46 Creating Graph (80% completed).
INFO (IGPH001): 20:53:46 Creating Graph (90% completed).
INFO (IGPH001): 20:53:46 Creating Graph (100% completed).
WARNING (WGPH001): No path between "ex_stage_i.lsu_i.i_store_unit.store_buffer_i.commit_queue_q[1].pc" and "ex_stage_i.lsu_i.i_load_unit.lsu_ctrl_i.pc" exists.
ex_stage_i.lsu_i.i_store_unit.store_buffer_i.commit_queue_q[1].pc ex_stage_i.lsu_i.i_load_unit.lsu_ctrl_i.pc, 
flop wire
--------------------------------
INFO (IGPH001): 20:53:47 Creating Graph (10% completed).
INFO (IGPH001): 20:53:47 Creating Graph (20% completed).
INFO (IGPH001): 20:53:47 Creating Graph (30% completed).
INFO (IGPH001): 20:53:47 Creating Graph (40% completed).
INFO (IGPH001): 20:53:47 Creating Graph (50% completed).
INFO (IGPH001): 20:53:47 Creating Graph (60% completed).
INFO (IGPH001): 20:53:47 Creating Graph (70% completed).
INFO (IGPH001): 20:53:47 Creating Graph (80% completed).
INFO (IGPH001): 20:53:47 Creating Graph (90% completed).
INFO (IGPH001): 20:53:47 Creating Graph (100% completed).
ex_stage_i.lsu_i.i_store_unit.store_buffer_i.commit_queue_q[1].pc ex_stage_i.lsu_i.i_ord_sram.pc_i, {ex_stage_i.lsu_i.i_store_unit.store_buffer_i.commit_queue_q[1].pc[0]} {ex_stage_i.lsu_i.i_ord_sram.pc_i[0]}
flop wire
ADD ex_stage_i.lsu_i.i_store_unit.store_buffer_i.commit_queue_q[1].pc ex_stage_i.lsu_i.i_ord_sram.pc_i
--------------------------------
INFO (IGPH001): 20:53:47 Creating Graph (10% completed).
INFO (IGPH001): 20:53:47 Creating Graph (20% completed).
INFO (IGPH001): 20:53:47 Creating Graph (30% completed).
INFO (IGPH001): 20:53:47 Creating Graph (40% completed).
INFO (IGPH001): 20:53:47 Creating Graph (50% completed).
INFO (IGPH001): 20:53:47 Creating Graph (60% completed).
INFO (IGPH001): 20:53:47 Creating Graph (70% completed).
INFO (IGPH001): 20:53:47 Creating Graph (80% completed).
INFO (IGPH001): 20:53:48 Creating Graph (90% completed).
INFO (IGPH001): 20:53:48 Creating Graph (100% completed).
WARNING (WGPH001): No path between "ex_stage_i.lsu_i.i_store_unit.store_buffer_i.speculative_queue_q[0].pc" and "ex_stage_i.i_mult.i_div.pc_q" exists.
ex_stage_i.lsu_i.i_store_unit.store_buffer_i.speculative_queue_q[0].pc ex_stage_i.i_mult.i_div.pc_q, 
flop flop
--------------------------------
INFO (IGPH001): 20:53:48 Creating Graph (10% completed).
INFO (IGPH001): 20:53:48 Creating Graph (20% completed).
INFO (IGPH001): 20:53:48 Creating Graph (30% completed).
INFO (IGPH001): 20:53:48 Creating Graph (40% completed).
INFO (IGPH001): 20:53:48 Creating Graph (50% completed).
INFO (IGPH001): 20:53:48 Creating Graph (60% completed).
INFO (IGPH001): 20:53:48 Creating Graph (70% completed).
INFO (IGPH001): 20:53:48 Creating Graph (80% completed).
INFO (IGPH001): 20:53:49 Creating Graph (90% completed).
INFO (IGPH001): 20:53:49 Creating Graph (100% completed).
WARNING (WGPH001): No path between "ex_stage_i.lsu_i.i_store_unit.store_buffer_i.speculative_queue_q[0].pc" and "id_stage_i.issue_q.sbe.pc" exists.
ex_stage_i.lsu_i.i_store_unit.store_buffer_i.speculative_queue_q[0].pc id_stage_i.issue_q.sbe.pc, 
flop flop
--------------------------------
INFO (IGPH001): 20:53:49 Creating Graph (10% completed).
INFO (IGPH001): 20:53:49 Creating Graph (20% completed).
INFO (IGPH001): 20:53:49 Creating Graph (30% completed).
INFO (IGPH001): 20:53:49 Creating Graph (40% completed).
INFO (IGPH001): 20:53:49 Creating Graph (50% completed).
INFO (IGPH001): 20:53:49 Creating Graph (60% completed).
INFO (IGPH001): 20:53:49 Creating Graph (70% completed).
INFO (IGPH001): 20:53:49 Creating Graph (80% completed).
INFO (IGPH001): 20:53:50 Creating Graph (90% completed).
INFO (IGPH001): 20:53:50 Creating Graph (100% completed).
WARNING (WGPH001): No path between "ex_stage_i.lsu_i.i_store_unit.store_buffer_i.speculative_queue_q[0].pc" and "issue_stage_i.i_issue_read_operands.pc_o" exists.
ex_stage_i.lsu_i.i_store_unit.store_buffer_i.speculative_queue_q[0].pc issue_stage_i.i_issue_read_operands.pc_o, 
flop flop
--------------------------------
INFO (IGPH001): 20:53:50 Creating Graph (10% completed).
INFO (IGPH001): 20:53:50 Creating Graph (20% completed).
INFO (IGPH001): 20:53:50 Creating Graph (30% completed).
INFO (IGPH001): 20:53:50 Creating Graph (40% completed).
INFO (IGPH001): 20:53:50 Creating Graph (50% completed).
INFO (IGPH001): 20:53:50 Creating Graph (60% completed).
INFO (IGPH001): 20:53:50 Creating Graph (70% completed).
INFO (IGPH001): 20:53:50 Creating Graph (80% completed).
INFO (IGPH001): 20:53:50 Creating Graph (90% completed).
INFO (IGPH001): 20:53:51 Creating Graph (100% completed).
WARNING (WGPH001): No path between "ex_stage_i.lsu_i.i_store_unit.store_buffer_i.speculative_queue_q[0].pc" and "ex_stage_i.lsu_i.lsu_bypass_i.mem_q[0].pc" exists.
ex_stage_i.lsu_i.i_store_unit.store_buffer_i.speculative_queue_q[0].pc ex_stage_i.lsu_i.lsu_bypass_i.mem_q[0].pc, 
flop flop
--------------------------------
INFO (IGPH001): 20:53:51 Creating Graph (10% completed).
INFO (IGPH001): 20:53:51 Creating Graph (20% completed).
INFO (IGPH001): 20:53:51 Creating Graph (30% completed).
INFO (IGPH001): 20:53:51 Creating Graph (40% completed).
INFO (IGPH001): 20:53:51 Creating Graph (50% completed).
INFO (IGPH001): 20:53:51 Creating Graph (60% completed).
INFO (IGPH001): 20:53:51 Creating Graph (70% completed).
INFO (IGPH001): 20:53:51 Creating Graph (80% completed).
INFO (IGPH001): 20:53:51 Creating Graph (90% completed).
INFO (IGPH001): 20:53:51 Creating Graph (100% completed).
WARNING (WGPH001): No path between "ex_stage_i.lsu_i.i_store_unit.store_buffer_i.speculative_queue_q[0].pc" and "ex_stage_i.lsu_i.lsu_bypass_i.mem_q[1].pc" exists.
ex_stage_i.lsu_i.i_store_unit.store_buffer_i.speculative_queue_q[0].pc ex_stage_i.lsu_i.lsu_bypass_i.mem_q[1].pc, 
flop flop
--------------------------------
INFO (IGPH001): 20:53:51 Creating Graph (10% completed).
INFO (IGPH001): 20:53:51 Creating Graph (20% completed).
INFO (IGPH001): 20:53:51 Creating Graph (30% completed).
INFO (IGPH001): 20:53:51 Creating Graph (40% completed).
INFO (IGPH001): 20:53:51 Creating Graph (50% completed).
INFO (IGPH001): 20:53:51 Creating Graph (60% completed).
INFO (IGPH001): 20:53:51 Creating Graph (70% completed).
INFO (IGPH001): 20:53:51 Creating Graph (80% completed).
INFO (IGPH001): 20:53:52 Creating Graph (90% completed).
INFO (IGPH001): 20:53:52 Creating Graph (100% completed).
WARNING (WGPH001): No path between "ex_stage_i.lsu_i.i_store_unit.store_buffer_i.speculative_queue_q[0].pc" and "issue_stage_i.i_scoreboard.mem_q[0].sbe.pc" exists.
ex_stage_i.lsu_i.i_store_unit.store_buffer_i.speculative_queue_q[0].pc issue_stage_i.i_scoreboard.mem_q[0].sbe.pc, 
flop flop
--------------------------------
INFO (IGPH001): 20:53:52 Creating Graph (10% completed).
INFO (IGPH001): 20:53:52 Creating Graph (20% completed).
INFO (IGPH001): 20:53:52 Creating Graph (30% completed).
INFO (IGPH001): 20:53:52 Creating Graph (40% completed).
INFO (IGPH001): 20:53:52 Creating Graph (50% completed).
INFO (IGPH001): 20:53:52 Creating Graph (60% completed).
INFO (IGPH001): 20:53:52 Creating Graph (70% completed).
INFO (IGPH001): 20:53:52 Creating Graph (80% completed).
INFO (IGPH001): 20:53:53 Creating Graph (90% completed).
INFO (IGPH001): 20:53:53 Creating Graph (100% completed).
WARNING (WGPH001): No path between "ex_stage_i.lsu_i.i_store_unit.store_buffer_i.speculative_queue_q[0].pc" and "issue_stage_i.i_scoreboard.mem_q[1].sbe.pc" exists.
ex_stage_i.lsu_i.i_store_unit.store_buffer_i.speculative_queue_q[0].pc issue_stage_i.i_scoreboard.mem_q[1].sbe.pc, 
flop flop
--------------------------------
INFO (IGPH001): 20:53:53 Creating Graph (10% completed).
INFO (IGPH001): 20:53:53 Creating Graph (20% completed).
INFO (IGPH001): 20:53:53 Creating Graph (30% completed).
INFO (IGPH001): 20:53:53 Creating Graph (40% completed).
INFO (IGPH001): 20:53:53 Creating Graph (50% completed).
INFO (IGPH001): 20:53:53 Creating Graph (60% completed).
INFO (IGPH001): 20:53:53 Creating Graph (70% completed).
INFO (IGPH001): 20:53:53 Creating Graph (80% completed).
INFO (IGPH001): 20:53:54 Creating Graph (90% completed).
INFO (IGPH001): 20:53:54 Creating Graph (100% completed).
WARNING (WGPH001): No path between "ex_stage_i.lsu_i.i_store_unit.store_buffer_i.speculative_queue_q[0].pc" and "issue_stage_i.i_scoreboard.mem_q[2].sbe.pc" exists.
ex_stage_i.lsu_i.i_store_unit.store_buffer_i.speculative_queue_q[0].pc issue_stage_i.i_scoreboard.mem_q[2].sbe.pc, 
flop flop
--------------------------------
INFO (IGPH001): 20:53:54 Creating Graph (10% completed).
INFO (IGPH001): 20:53:54 Creating Graph (20% completed).
INFO (IGPH001): 20:53:54 Creating Graph (30% completed).
INFO (IGPH001): 20:53:54 Creating Graph (40% completed).
INFO (IGPH001): 20:53:54 Creating Graph (50% completed).
INFO (IGPH001): 20:53:54 Creating Graph (60% completed).
INFO (IGPH001): 20:53:54 Creating Graph (70% completed).
INFO (IGPH001): 20:53:54 Creating Graph (80% completed).
INFO (IGPH001): 20:53:54 Creating Graph (90% completed).
INFO (IGPH001): 20:53:55 Creating Graph (100% completed).
WARNING (WGPH001): No path between "ex_stage_i.lsu_i.i_store_unit.store_buffer_i.speculative_queue_q[0].pc" and "issue_stage_i.i_scoreboard.mem_q[3].sbe.pc" exists.
ex_stage_i.lsu_i.i_store_unit.store_buffer_i.speculative_queue_q[0].pc issue_stage_i.i_scoreboard.mem_q[3].sbe.pc, 
flop flop
--------------------------------
INFO (IGPH001): 20:53:55 Creating Graph (10% completed).
INFO (IGPH001): 20:53:55 Creating Graph (20% completed).
INFO (IGPH001): 20:53:55 Creating Graph (30% completed).
INFO (IGPH001): 20:53:55 Creating Graph (40% completed).
INFO (IGPH001): 20:53:55 Creating Graph (50% completed).
INFO (IGPH001): 20:53:55 Creating Graph (60% completed).
INFO (IGPH001): 20:53:55 Creating Graph (70% completed).
INFO (IGPH001): 20:53:55 Creating Graph (80% completed).
INFO (IGPH001): 20:53:55 Creating Graph (90% completed).
INFO (IGPH001): 20:53:55 Creating Graph (100% completed).
ex_stage_i.lsu_i.i_store_unit.store_buffer_i.speculative_queue_q[0].pc ex_stage_i.lsu_i.i_store_unit.store_buffer_i.commit_queue_q[0].pc, {ex_stage_i.lsu_i.i_store_unit.store_buffer_i.speculative_queue_q[0].pc[63]} {ex_stage_i.lsu_i.i_store_unit.store_buffer_i.commit_queue_q[0].pc[63]}
flop flop
ADD ex_stage_i.lsu_i.i_store_unit.store_buffer_i.speculative_queue_q[0].pc ex_stage_i.lsu_i.i_store_unit.store_buffer_i.commit_queue_q[0].pc
--------------------------------
INFO (IGPH001): 20:53:55 Creating Graph (10% completed).
INFO (IGPH001): 20:53:55 Creating Graph (20% completed).
INFO (IGPH001): 20:53:55 Creating Graph (30% completed).
INFO (IGPH001): 20:53:55 Creating Graph (40% completed).
INFO (IGPH001): 20:53:55 Creating Graph (50% completed).
INFO (IGPH001): 20:53:55 Creating Graph (60% completed).
INFO (IGPH001): 20:53:55 Creating Graph (70% completed).
INFO (IGPH001): 20:53:55 Creating Graph (80% completed).
INFO (IGPH001): 20:53:56 Creating Graph (90% completed).
INFO (IGPH001): 20:53:56 Creating Graph (100% completed).
ex_stage_i.lsu_i.i_store_unit.store_buffer_i.speculative_queue_q[0].pc ex_stage_i.lsu_i.i_store_unit.store_buffer_i.commit_queue_q[1].pc, {ex_stage_i.lsu_i.i_store_unit.store_buffer_i.speculative_queue_q[0].pc[63]} {ex_stage_i.lsu_i.i_store_unit.store_buffer_i.commit_queue_q[1].pc[63]}
flop flop
ADD ex_stage_i.lsu_i.i_store_unit.store_buffer_i.speculative_queue_q[0].pc ex_stage_i.lsu_i.i_store_unit.store_buffer_i.commit_queue_q[1].pc
--------------------------------
INFO (IGPH001): 20:53:56 Creating Graph (10% completed).
INFO (IGPH001): 20:53:56 Creating Graph (20% completed).
INFO (IGPH001): 20:53:56 Creating Graph (30% completed).
INFO (IGPH001): 20:53:56 Creating Graph (40% completed).
INFO (IGPH001): 20:53:56 Creating Graph (50% completed).
INFO (IGPH001): 20:53:56 Creating Graph (60% completed).
INFO (IGPH001): 20:53:56 Creating Graph (70% completed).
INFO (IGPH001): 20:53:56 Creating Graph (80% completed).
INFO (IGPH001): 20:53:57 Creating Graph (90% completed).
INFO (IGPH001): 20:53:57 Creating Graph (100% completed).
WARNING (WGPH001): No path between "ex_stage_i.lsu_i.i_store_unit.store_buffer_i.speculative_queue_q[0].pc" and "ex_stage_i.lsu_i.i_store_unit.store_buffer_i.speculative_queue_q[1].pc" exists.
ex_stage_i.lsu_i.i_store_unit.store_buffer_i.speculative_queue_q[0].pc ex_stage_i.lsu_i.i_store_unit.store_buffer_i.speculative_queue_q[1].pc, 
flop flop
--------------------------------
INFO (IGPH001): 20:53:57 Creating Graph (10% completed).
INFO (IGPH001): 20:53:57 Creating Graph (20% completed).
INFO (IGPH001): 20:53:57 Creating Graph (30% completed).
INFO (IGPH001): 20:53:57 Creating Graph (40% completed).
INFO (IGPH001): 20:53:57 Creating Graph (50% completed).
INFO (IGPH001): 20:53:57 Creating Graph (60% completed).
INFO (IGPH001): 20:53:57 Creating Graph (70% completed).
INFO (IGPH001): 20:53:57 Creating Graph (80% completed).
INFO (IGPH001): 20:53:58 Creating Graph (90% completed).
INFO (IGPH001): 20:53:58 Creating Graph (100% completed).
WARNING (WGPH001): No path between "ex_stage_i.lsu_i.i_store_unit.store_buffer_i.speculative_queue_q[0].pc" and "ex_stage_i.lsu_i.i_load_unit.load_data_q.ld_pc" exists.
ex_stage_i.lsu_i.i_store_unit.store_buffer_i.speculative_queue_q[0].pc ex_stage_i.lsu_i.i_load_unit.load_data_q.ld_pc, 
flop flop
--------------------------------
INFO (IGPH001): 20:53:58 Creating Graph (10% completed).
INFO (IGPH001): 20:53:58 Creating Graph (20% completed).
INFO (IGPH001): 20:53:58 Creating Graph (30% completed).
INFO (IGPH001): 20:53:58 Creating Graph (40% completed).
INFO (IGPH001): 20:53:58 Creating Graph (50% completed).
INFO (IGPH001): 20:53:58 Creating Graph (60% completed).
INFO (IGPH001): 20:53:58 Creating Graph (70% completed).
INFO (IGPH001): 20:53:58 Creating Graph (80% completed).
INFO (IGPH001): 20:53:58 Creating Graph (90% completed).
INFO (IGPH001): 20:53:58 Creating Graph (100% completed).
WARNING (WGPH001): No path between "ex_stage_i.lsu_i.i_store_unit.store_buffer_i.speculative_queue_q[0].pc" and "ex_stage_i.lsu_i.i_store_unit.st_pc_q" exists.
ex_stage_i.lsu_i.i_store_unit.store_buffer_i.speculative_queue_q[0].pc ex_stage_i.lsu_i.i_store_unit.st_pc_q, 
flop flop
--------------------------------
INFO (IGPH001): 20:53:58 Creating Graph (10% completed).
INFO (IGPH001): 20:53:58 Creating Graph (20% completed).
INFO (IGPH001): 20:53:58 Creating Graph (30% completed).
INFO (IGPH001): 20:53:58 Creating Graph (40% completed).
INFO (IGPH001): 20:53:58 Creating Graph (50% completed).
INFO (IGPH001): 20:53:58 Creating Graph (60% completed).
INFO (IGPH001): 20:53:58 Creating Graph (70% completed).
INFO (IGPH001): 20:53:58 Creating Graph (80% completed).
INFO (IGPH001): 20:53:59 Creating Graph (90% completed).
INFO (IGPH001): 20:53:59 Creating Graph (100% completed).
WARNING (WGPH001): No path between "ex_stage_i.lsu_i.i_store_unit.store_buffer_i.speculative_queue_q[0].pc" and "ex_stage_i.lsu_i.load_pc_o" exists.
ex_stage_i.lsu_i.i_store_unit.store_buffer_i.speculative_queue_q[0].pc ex_stage_i.lsu_i.load_pc_o, 
flop wire
--------------------------------
INFO (IGPH001): 20:53:59 Creating Graph (10% completed).
INFO (IGPH001): 20:53:59 Creating Graph (20% completed).
INFO (IGPH001): 20:53:59 Creating Graph (30% completed).
INFO (IGPH001): 20:53:59 Creating Graph (40% completed).
INFO (IGPH001): 20:53:59 Creating Graph (50% completed).
INFO (IGPH001): 20:53:59 Creating Graph (60% completed).
INFO (IGPH001): 20:53:59 Creating Graph (70% completed).
INFO (IGPH001): 20:53:59 Creating Graph (80% completed).
INFO (IGPH001): 20:54:00 Creating Graph (90% completed).
INFO (IGPH001): 20:54:00 Creating Graph (100% completed).
WARNING (WGPH001): No path between "ex_stage_i.lsu_i.i_store_unit.store_buffer_i.speculative_queue_q[0].pc" and "ex_stage_i.csr_buffer_i.csr_reg_q.pc" exists.
ex_stage_i.lsu_i.i_store_unit.store_buffer_i.speculative_queue_q[0].pc ex_stage_i.csr_buffer_i.csr_reg_q.pc, 
flop flop
--------------------------------
INFO (IGPH001): 20:54:00 Creating Graph (10% completed).
INFO (IGPH001): 20:54:00 Creating Graph (20% completed).
INFO (IGPH001): 20:54:00 Creating Graph (30% completed).
INFO (IGPH001): 20:54:00 Creating Graph (40% completed).
INFO (IGPH001): 20:54:00 Creating Graph (50% completed).
INFO (IGPH001): 20:54:00 Creating Graph (60% completed).
INFO (IGPH001): 20:54:00 Creating Graph (70% completed).
INFO (IGPH001): 20:54:00 Creating Graph (80% completed).
INFO (IGPH001): 20:54:01 Creating Graph (90% completed).
INFO (IGPH001): 20:54:01 Creating Graph (100% completed).
WARNING (WGPH001): No path between "ex_stage_i.lsu_i.i_store_unit.store_buffer_i.speculative_queue_q[0].pc" and "ex_stage_i.i_mult.i_multiplier.pc_q" exists.
ex_stage_i.lsu_i.i_store_unit.store_buffer_i.speculative_queue_q[0].pc ex_stage_i.i_mult.i_multiplier.pc_q, 
flop flop
--------------------------------
INFO (IGPH001): 20:54:01 Creating Graph (20% completed).
INFO (IGPH001): 20:54:01 Creating Graph (30% completed).
INFO (IGPH001): 20:54:01 Creating Graph (40% completed).
INFO (IGPH001): 20:54:01 Creating Graph (50% completed).
INFO (IGPH001): 20:54:01 Creating Graph (60% completed).
INFO (IGPH001): 20:54:01 Creating Graph (70% completed).
INFO (IGPH001): 20:54:01 Creating Graph (80% completed).
INFO (IGPH001): 20:54:02 Creating Graph (90% completed).
INFO (IGPH001): 20:54:02 Creating Graph (100% completed).
WARNING (WGPH001): No path between "ex_stage_i.lsu_i.i_store_unit.store_buffer_i.speculative_queue_q[0].pc" and "ex_stage_i.lsu_i.i_load_unit.lsu_ctrl_i.pc" exists.
ex_stage_i.lsu_i.i_store_unit.store_buffer_i.speculative_queue_q[0].pc ex_stage_i.lsu_i.i_load_unit.lsu_ctrl_i.pc, 
flop wire
--------------------------------
INFO (IGPH001): 20:54:02 Creating Graph (10% completed).
INFO (IGPH001): 20:54:02 Creating Graph (20% completed).
INFO (IGPH001): 20:54:02 Creating Graph (30% completed).
INFO (IGPH001): 20:54:02 Creating Graph (40% completed).
INFO (IGPH001): 20:54:02 Creating Graph (50% completed).
INFO (IGPH001): 20:54:02 Creating Graph (60% completed).
INFO (IGPH001): 20:54:02 Creating Graph (70% completed).
INFO (IGPH001): 20:54:02 Creating Graph (80% completed).
INFO (IGPH001): 20:54:03 Creating Graph (90% completed).
INFO (IGPH001): 20:54:03 Creating Graph (100% completed).
ex_stage_i.lsu_i.i_store_unit.store_buffer_i.speculative_queue_q[0].pc ex_stage_i.lsu_i.i_ord_sram.pc_i, {ex_stage_i.lsu_i.i_store_unit.store_buffer_i.speculative_queue_q[0].pc[42]} {ex_stage_i.lsu_i.i_store_unit.store_buffer_i.commit_queue_q[0].pc[42]} {ex_stage_i.lsu_i.i_ord_sram.pc_i[42]}
flop wire
ADD ex_stage_i.lsu_i.i_store_unit.store_buffer_i.speculative_queue_q[0].pc ex_stage_i.lsu_i.i_ord_sram.pc_i
--------------------------------
INFO (IGPH001): 20:54:03 Creating Graph (10% completed).
INFO (IGPH001): 20:54:03 Creating Graph (20% completed).
INFO (IGPH001): 20:54:03 Creating Graph (30% completed).
INFO (IGPH001): 20:54:03 Creating Graph (40% completed).
INFO (IGPH001): 20:54:03 Creating Graph (50% completed).
INFO (IGPH001): 20:54:03 Creating Graph (60% completed).
INFO (IGPH001): 20:54:03 Creating Graph (70% completed).
INFO (IGPH001): 20:54:03 Creating Graph (80% completed).
INFO (IGPH001): 20:54:04 Creating Graph (90% completed).
INFO (IGPH001): 20:54:04 Creating Graph (100% completed).
WARNING (WGPH001): No path between "ex_stage_i.lsu_i.i_store_unit.store_buffer_i.speculative_queue_q[1].pc" and "ex_stage_i.i_mult.i_div.pc_q" exists.
ex_stage_i.lsu_i.i_store_unit.store_buffer_i.speculative_queue_q[1].pc ex_stage_i.i_mult.i_div.pc_q, 
flop flop
--------------------------------
INFO (IGPH001): 20:54:04 Creating Graph (10% completed).
INFO (IGPH001): 20:54:04 Creating Graph (20% completed).
INFO (IGPH001): 20:54:04 Creating Graph (30% completed).
INFO (IGPH001): 20:54:04 Creating Graph (40% completed).
INFO (IGPH001): 20:54:04 Creating Graph (50% completed).
INFO (IGPH001): 20:54:04 Creating Graph (60% completed).
INFO (IGPH001): 20:54:04 Creating Graph (70% completed).
INFO (IGPH001): 20:54:04 Creating Graph (80% completed).
INFO (IGPH001): 20:54:05 Creating Graph (90% completed).
INFO (IGPH001): 20:54:05 Creating Graph (100% completed).
WARNING (WGPH001): No path between "ex_stage_i.lsu_i.i_store_unit.store_buffer_i.speculative_queue_q[1].pc" and "id_stage_i.issue_q.sbe.pc" exists.
ex_stage_i.lsu_i.i_store_unit.store_buffer_i.speculative_queue_q[1].pc id_stage_i.issue_q.sbe.pc, 
flop flop
--------------------------------
INFO (IGPH001): 20:54:05 Creating Graph (10% completed).
INFO (IGPH001): 20:54:05 Creating Graph (20% completed).
INFO (IGPH001): 20:54:05 Creating Graph (30% completed).
INFO (IGPH001): 20:54:05 Creating Graph (40% completed).
INFO (IGPH001): 20:54:05 Creating Graph (50% completed).
INFO (IGPH001): 20:54:05 Creating Graph (60% completed).
INFO (IGPH001): 20:54:05 Creating Graph (70% completed).
INFO (IGPH001): 20:54:05 Creating Graph (80% completed).
INFO (IGPH001): 20:54:07 Creating Graph (90% completed).
INFO (IGPH001): 20:54:07 Creating Graph (100% completed).
WARNING (WGPH001): No path between "ex_stage_i.lsu_i.i_store_unit.store_buffer_i.speculative_queue_q[1].pc" and "issue_stage_i.i_issue_read_operands.pc_o" exists.
ex_stage_i.lsu_i.i_store_unit.store_buffer_i.speculative_queue_q[1].pc issue_stage_i.i_issue_read_operands.pc_o, 
flop flop
--------------------------------
INFO (IGPH001): 20:54:07 Creating Graph (10% completed).
INFO (IGPH001): 20:54:07 Creating Graph (20% completed).
INFO (IGPH001): 20:54:07 Creating Graph (30% completed).
INFO (IGPH001): 20:54:07 Creating Graph (40% completed).
INFO (IGPH001): 20:54:07 Creating Graph (50% completed).
INFO (IGPH001): 20:54:07 Creating Graph (60% completed).
INFO (IGPH001): 20:54:07 Creating Graph (70% completed).
INFO (IGPH001): 20:54:07 Creating Graph (80% completed).
INFO (IGPH001): 20:54:08 Creating Graph (90% completed).
INFO (IGPH001): 20:54:08 Creating Graph (100% completed).
WARNING (WGPH001): No path between "ex_stage_i.lsu_i.i_store_unit.store_buffer_i.speculative_queue_q[1].pc" and "ex_stage_i.lsu_i.lsu_bypass_i.mem_q[0].pc" exists.
ex_stage_i.lsu_i.i_store_unit.store_buffer_i.speculative_queue_q[1].pc ex_stage_i.lsu_i.lsu_bypass_i.mem_q[0].pc, 
flop flop
--------------------------------
INFO (IGPH001): 20:54:08 Creating Graph (10% completed).
INFO (IGPH001): 20:54:08 Creating Graph (20% completed).
INFO (IGPH001): 20:54:08 Creating Graph (30% completed).
INFO (IGPH001): 20:54:08 Creating Graph (40% completed).
INFO (IGPH001): 20:54:08 Creating Graph (50% completed).
INFO (IGPH001): 20:54:08 Creating Graph (60% completed).
INFO (IGPH001): 20:54:08 Creating Graph (70% completed).
INFO (IGPH001): 20:54:08 Creating Graph (80% completed).
INFO (IGPH001): 20:54:09 Creating Graph (90% completed).
INFO (IGPH001): 20:54:09 Creating Graph (100% completed).
WARNING (WGPH001): No path between "ex_stage_i.lsu_i.i_store_unit.store_buffer_i.speculative_queue_q[1].pc" and "ex_stage_i.lsu_i.lsu_bypass_i.mem_q[1].pc" exists.
ex_stage_i.lsu_i.i_store_unit.store_buffer_i.speculative_queue_q[1].pc ex_stage_i.lsu_i.lsu_bypass_i.mem_q[1].pc, 
flop flop
--------------------------------
INFO (IGPH001): 20:54:09 Creating Graph (10% completed).
INFO (IGPH001): 20:54:09 Creating Graph (20% completed).
INFO (IGPH001): 20:54:09 Creating Graph (30% completed).
INFO (IGPH001): 20:54:09 Creating Graph (40% completed).
INFO (IGPH001): 20:54:09 Creating Graph (50% completed).
INFO (IGPH001): 20:54:09 Creating Graph (60% completed).
INFO (IGPH001): 20:54:09 Creating Graph (70% completed).
INFO (IGPH001): 20:54:09 Creating Graph (80% completed).
INFO (IGPH001): 20:54:11 Creating Graph (90% completed).
INFO (IGPH001): 20:54:11 Creating Graph (100% completed).
WARNING (WGPH001): No path between "ex_stage_i.lsu_i.i_store_unit.store_buffer_i.speculative_queue_q[1].pc" and "issue_stage_i.i_scoreboard.mem_q[0].sbe.pc" exists.
ex_stage_i.lsu_i.i_store_unit.store_buffer_i.speculative_queue_q[1].pc issue_stage_i.i_scoreboard.mem_q[0].sbe.pc, 
flop flop
--------------------------------
INFO (IGPH001): 20:54:11 Creating Graph (10% completed).
INFO (IGPH001): 20:54:11 Creating Graph (20% completed).
INFO (IGPH001): 20:54:11 Creating Graph (30% completed).
INFO (IGPH001): 20:54:11 Creating Graph (40% completed).
INFO (IGPH001): 20:54:11 Creating Graph (50% completed).
INFO (IGPH001): 20:54:11 Creating Graph (60% completed).
INFO (IGPH001): 20:54:11 Creating Graph (70% completed).
INFO (IGPH001): 20:54:11 Creating Graph (80% completed).
INFO (IGPH001): 20:54:12 Creating Graph (90% completed).
INFO (IGPH001): 20:54:12 Creating Graph (100% completed).
WARNING (WGPH001): No path between "ex_stage_i.lsu_i.i_store_unit.store_buffer_i.speculative_queue_q[1].pc" and "issue_stage_i.i_scoreboard.mem_q[1].sbe.pc" exists.
ex_stage_i.lsu_i.i_store_unit.store_buffer_i.speculative_queue_q[1].pc issue_stage_i.i_scoreboard.mem_q[1].sbe.pc, 
flop flop
--------------------------------
INFO (IGPH001): 20:54:12 Creating Graph (10% completed).
INFO (IGPH001): 20:54:12 Creating Graph (20% completed).
INFO (IGPH001): 20:54:12 Creating Graph (30% completed).
INFO (IGPH001): 20:54:12 Creating Graph (40% completed).
INFO (IGPH001): 20:54:12 Creating Graph (50% completed).
INFO (IGPH001): 20:54:12 Creating Graph (60% completed).
INFO (IGPH001): 20:54:12 Creating Graph (70% completed).
INFO (IGPH001): 20:54:12 Creating Graph (80% completed).
INFO (IGPH001): 20:54:13 Creating Graph (90% completed).
INFO (IGPH001): 20:54:13 Creating Graph (100% completed).
WARNING (WGPH001): No path between "ex_stage_i.lsu_i.i_store_unit.store_buffer_i.speculative_queue_q[1].pc" and "issue_stage_i.i_scoreboard.mem_q[2].sbe.pc" exists.
ex_stage_i.lsu_i.i_store_unit.store_buffer_i.speculative_queue_q[1].pc issue_stage_i.i_scoreboard.mem_q[2].sbe.pc, 
flop flop
--------------------------------
INFO (IGPH001): 20:54:13 Creating Graph (10% completed).
INFO (IGPH001): 20:54:13 Creating Graph (20% completed).
INFO (IGPH001): 20:54:13 Creating Graph (30% completed).
INFO (IGPH001): 20:54:13 Creating Graph (40% completed).
INFO (IGPH001): 20:54:13 Creating Graph (50% completed).
INFO (IGPH001): 20:54:13 Creating Graph (60% completed).
INFO (IGPH001): 20:54:13 Creating Graph (70% completed).
INFO (IGPH001): 20:54:13 Creating Graph (80% completed).
INFO (IGPH001): 20:54:14 Creating Graph (90% completed).
INFO (IGPH001): 20:54:14 Creating Graph (100% completed).
WARNING (WGPH001): No path between "ex_stage_i.lsu_i.i_store_unit.store_buffer_i.speculative_queue_q[1].pc" and "issue_stage_i.i_scoreboard.mem_q[3].sbe.pc" exists.
ex_stage_i.lsu_i.i_store_unit.store_buffer_i.speculative_queue_q[1].pc issue_stage_i.i_scoreboard.mem_q[3].sbe.pc, 
flop flop
--------------------------------
INFO (IGPH001): 20:54:15 Creating Graph (10% completed).
INFO (IGPH001): 20:54:15 Creating Graph (20% completed).
INFO (IGPH001): 20:54:15 Creating Graph (30% completed).
INFO (IGPH001): 20:54:15 Creating Graph (40% completed).
INFO (IGPH001): 20:54:15 Creating Graph (50% completed).
INFO (IGPH001): 20:54:15 Creating Graph (60% completed).
INFO (IGPH001): 20:54:15 Creating Graph (70% completed).
INFO (IGPH001): 20:54:15 Creating Graph (80% completed).
INFO (IGPH001): 20:54:16 Creating Graph (90% completed).
INFO (IGPH001): 20:54:16 Creating Graph (100% completed).
ex_stage_i.lsu_i.i_store_unit.store_buffer_i.speculative_queue_q[1].pc ex_stage_i.lsu_i.i_store_unit.store_buffer_i.commit_queue_q[0].pc, {ex_stage_i.lsu_i.i_store_unit.store_buffer_i.speculative_queue_q[1].pc[63]} {ex_stage_i.lsu_i.i_store_unit.store_buffer_i.commit_queue_q[0].pc[63]}
flop flop
ADD ex_stage_i.lsu_i.i_store_unit.store_buffer_i.speculative_queue_q[1].pc ex_stage_i.lsu_i.i_store_unit.store_buffer_i.commit_queue_q[0].pc
--------------------------------
INFO (IGPH001): 20:54:16 Creating Graph (10% completed).
INFO (IGPH001): 20:54:16 Creating Graph (20% completed).
INFO (IGPH001): 20:54:16 Creating Graph (30% completed).
INFO (IGPH001): 20:54:16 Creating Graph (40% completed).
INFO (IGPH001): 20:54:16 Creating Graph (50% completed).
INFO (IGPH001): 20:54:16 Creating Graph (60% completed).
INFO (IGPH001): 20:54:16 Creating Graph (70% completed).
INFO (IGPH001): 20:54:16 Creating Graph (80% completed).
INFO (IGPH001): 20:54:17 Creating Graph (90% completed).
INFO (IGPH001): 20:54:17 Creating Graph (100% completed).
ex_stage_i.lsu_i.i_store_unit.store_buffer_i.speculative_queue_q[1].pc ex_stage_i.lsu_i.i_store_unit.store_buffer_i.commit_queue_q[1].pc, {ex_stage_i.lsu_i.i_store_unit.store_buffer_i.speculative_queue_q[1].pc[63]} {ex_stage_i.lsu_i.i_store_unit.store_buffer_i.commit_queue_q[1].pc[63]}
flop flop
ADD ex_stage_i.lsu_i.i_store_unit.store_buffer_i.speculative_queue_q[1].pc ex_stage_i.lsu_i.i_store_unit.store_buffer_i.commit_queue_q[1].pc
--------------------------------
INFO (IGPH001): 20:54:17 Creating Graph (10% completed).
INFO (IGPH001): 20:54:17 Creating Graph (20% completed).
INFO (IGPH001): 20:54:17 Creating Graph (30% completed).
INFO (IGPH001): 20:54:17 Creating Graph (40% completed).
INFO (IGPH001): 20:54:17 Creating Graph (50% completed).
INFO (IGPH001): 20:54:17 Creating Graph (60% completed).
INFO (IGPH001): 20:54:17 Creating Graph (70% completed).
INFO (IGPH001): 20:54:17 Creating Graph (80% completed).
INFO (IGPH001): 20:54:18 Creating Graph (90% completed).
INFO (IGPH001): 20:54:18 Creating Graph (100% completed).
WARNING (WGPH001): No path between "ex_stage_i.lsu_i.i_store_unit.store_buffer_i.speculative_queue_q[1].pc" and "ex_stage_i.lsu_i.i_store_unit.store_buffer_i.speculative_queue_q[0].pc" exists.
ex_stage_i.lsu_i.i_store_unit.store_buffer_i.speculative_queue_q[1].pc ex_stage_i.lsu_i.i_store_unit.store_buffer_i.speculative_queue_q[0].pc, 
flop flop
--------------------------------
INFO (IGPH001): 20:54:18 Creating Graph (10% completed).
INFO (IGPH001): 20:54:18 Creating Graph (20% completed).
INFO (IGPH001): 20:54:18 Creating Graph (30% completed).
INFO (IGPH001): 20:54:18 Creating Graph (40% completed).
INFO (IGPH001): 20:54:18 Creating Graph (50% completed).
INFO (IGPH001): 20:54:18 Creating Graph (60% completed).
INFO (IGPH001): 20:54:18 Creating Graph (70% completed).
INFO (IGPH001): 20:54:18 Creating Graph (80% completed).
INFO (IGPH001): 20:54:19 Creating Graph (90% completed).
INFO (IGPH001): 20:54:19 Creating Graph (100% completed).
WARNING (WGPH001): No path between "ex_stage_i.lsu_i.i_store_unit.store_buffer_i.speculative_queue_q[1].pc" and "ex_stage_i.lsu_i.i_load_unit.load_data_q.ld_pc" exists.
ex_stage_i.lsu_i.i_store_unit.store_buffer_i.speculative_queue_q[1].pc ex_stage_i.lsu_i.i_load_unit.load_data_q.ld_pc, 
flop flop
--------------------------------
INFO (IGPH001): 20:54:19 Creating Graph (10% completed).
INFO (IGPH001): 20:54:19 Creating Graph (20% completed).
INFO (IGPH001): 20:54:19 Creating Graph (30% completed).
INFO (IGPH001): 20:54:19 Creating Graph (40% completed).
INFO (IGPH001): 20:54:19 Creating Graph (50% completed).
INFO (IGPH001): 20:54:19 Creating Graph (60% completed).
INFO (IGPH001): 20:54:19 Creating Graph (70% completed).
INFO (IGPH001): 20:54:19 Creating Graph (80% completed).
INFO (IGPH001): 20:54:20 Creating Graph (90% completed).
INFO (IGPH001): 20:54:20 Creating Graph (100% completed).
WARNING (WGPH001): No path between "ex_stage_i.lsu_i.i_store_unit.store_buffer_i.speculative_queue_q[1].pc" and "ex_stage_i.lsu_i.i_store_unit.st_pc_q" exists.
ex_stage_i.lsu_i.i_store_unit.store_buffer_i.speculative_queue_q[1].pc ex_stage_i.lsu_i.i_store_unit.st_pc_q, 
flop flop
--------------------------------
INFO (IGPH001): 20:54:20 Creating Graph (10% completed).
INFO (IGPH001): 20:54:20 Creating Graph (20% completed).
INFO (IGPH001): 20:54:20 Creating Graph (30% completed).
INFO (IGPH001): 20:54:20 Creating Graph (40% completed).
INFO (IGPH001): 20:54:20 Creating Graph (50% completed).
INFO (IGPH001): 20:54:20 Creating Graph (60% completed).
INFO (IGPH001): 20:54:20 Creating Graph (70% completed).
INFO (IGPH001): 20:54:20 Creating Graph (80% completed).
INFO (IGPH001): 20:54:21 Creating Graph (90% completed).
INFO (IGPH001): 20:54:21 Creating Graph (100% completed).
WARNING (WGPH001): No path between "ex_stage_i.lsu_i.i_store_unit.store_buffer_i.speculative_queue_q[1].pc" and "ex_stage_i.lsu_i.load_pc_o" exists.
ex_stage_i.lsu_i.i_store_unit.store_buffer_i.speculative_queue_q[1].pc ex_stage_i.lsu_i.load_pc_o, 
flop wire
--------------------------------
INFO (IGPH001): 20:54:21 Creating Graph (10% completed).
INFO (IGPH001): 20:54:21 Creating Graph (20% completed).
INFO (IGPH001): 20:54:21 Creating Graph (30% completed).
INFO (IGPH001): 20:54:21 Creating Graph (40% completed).
INFO (IGPH001): 20:54:21 Creating Graph (50% completed).
INFO (IGPH001): 20:54:21 Creating Graph (60% completed).
INFO (IGPH001): 20:54:21 Creating Graph (70% completed).
INFO (IGPH001): 20:54:21 Creating Graph (80% completed).
INFO (IGPH001): 20:54:22 Creating Graph (90% completed).
INFO (IGPH001): 20:54:22 Creating Graph (100% completed).
WARNING (WGPH001): No path between "ex_stage_i.lsu_i.i_store_unit.store_buffer_i.speculative_queue_q[1].pc" and "ex_stage_i.csr_buffer_i.csr_reg_q.pc" exists.
ex_stage_i.lsu_i.i_store_unit.store_buffer_i.speculative_queue_q[1].pc ex_stage_i.csr_buffer_i.csr_reg_q.pc, 
flop flop
--------------------------------
INFO (IGPH001): 20:54:22 Creating Graph (10% completed).
INFO (IGPH001): 20:54:22 Creating Graph (20% completed).
INFO (IGPH001): 20:54:22 Creating Graph (30% completed).
INFO (IGPH001): 20:54:22 Creating Graph (40% completed).
INFO (IGPH001): 20:54:22 Creating Graph (50% completed).
INFO (IGPH001): 20:54:22 Creating Graph (60% completed).
INFO (IGPH001): 20:54:22 Creating Graph (70% completed).
INFO (IGPH001): 20:54:22 Creating Graph (80% completed).
INFO (IGPH001): 20:54:23 Creating Graph (90% completed).
INFO (IGPH001): 20:54:23 Creating Graph (100% completed).
WARNING (WGPH001): No path between "ex_stage_i.lsu_i.i_store_unit.store_buffer_i.speculative_queue_q[1].pc" and "ex_stage_i.i_mult.i_multiplier.pc_q" exists.
ex_stage_i.lsu_i.i_store_unit.store_buffer_i.speculative_queue_q[1].pc ex_stage_i.i_mult.i_multiplier.pc_q, 
flop flop
--------------------------------
INFO (IGPH001): 20:54:23 Creating Graph (20% completed).
INFO (IGPH001): 20:54:23 Creating Graph (30% completed).
INFO (IGPH001): 20:54:23 Creating Graph (40% completed).
INFO (IGPH001): 20:54:23 Creating Graph (50% completed).
INFO (IGPH001): 20:54:23 Creating Graph (60% completed).
INFO (IGPH001): 20:54:23 Creating Graph (70% completed).
INFO (IGPH001): 20:54:23 Creating Graph (80% completed).
INFO (IGPH001): 20:54:24 Creating Graph (90% completed).
INFO (IGPH001): 20:54:24 Creating Graph (100% completed).
WARNING (WGPH001): No path between "ex_stage_i.lsu_i.i_store_unit.store_buffer_i.speculative_queue_q[1].pc" and "ex_stage_i.lsu_i.i_load_unit.lsu_ctrl_i.pc" exists.
ex_stage_i.lsu_i.i_store_unit.store_buffer_i.speculative_queue_q[1].pc ex_stage_i.lsu_i.i_load_unit.lsu_ctrl_i.pc, 
flop wire
--------------------------------
INFO (IGPH001): 20:54:25 Creating Graph (10% completed).
INFO (IGPH001): 20:54:25 Creating Graph (20% completed).
INFO (IGPH001): 20:54:25 Creating Graph (30% completed).
INFO (IGPH001): 20:54:25 Creating Graph (40% completed).
INFO (IGPH001): 20:54:25 Creating Graph (50% completed).
INFO (IGPH001): 20:54:25 Creating Graph (60% completed).
INFO (IGPH001): 20:54:25 Creating Graph (70% completed).
INFO (IGPH001): 20:54:25 Creating Graph (80% completed).
INFO (IGPH001): 20:54:26 Creating Graph (90% completed).
INFO (IGPH001): 20:54:26 Creating Graph (100% completed).
ex_stage_i.lsu_i.i_store_unit.store_buffer_i.speculative_queue_q[1].pc ex_stage_i.lsu_i.i_ord_sram.pc_i, {ex_stage_i.lsu_i.i_store_unit.store_buffer_i.speculative_queue_q[1].pc[42]} {ex_stage_i.lsu_i.i_store_unit.store_buffer_i.commit_queue_q[0].pc[42]} {ex_stage_i.lsu_i.i_ord_sram.pc_i[42]}
flop wire
ADD ex_stage_i.lsu_i.i_store_unit.store_buffer_i.speculative_queue_q[1].pc ex_stage_i.lsu_i.i_ord_sram.pc_i
--------------------------------
INFO (IGPH001): 20:54:26 Creating Graph (10% completed).
INFO (IGPH001): 20:54:26 Creating Graph (20% completed).
INFO (IGPH001): 20:54:26 Creating Graph (30% completed).
INFO (IGPH001): 20:54:26 Creating Graph (40% completed).
INFO (IGPH001): 20:54:26 Creating Graph (50% completed).
INFO (IGPH001): 20:54:26 Creating Graph (60% completed).
INFO (IGPH001): 20:54:26 Creating Graph (70% completed).
INFO (IGPH001): 20:54:26 Creating Graph (80% completed).
INFO (IGPH001): 20:54:27 Creating Graph (90% completed).
INFO (IGPH001): 20:54:27 Creating Graph (100% completed).
WARNING (WGPH001): No path between "ex_stage_i.lsu_i.i_load_unit.load_data_q.ld_pc" and "ex_stage_i.i_mult.i_div.pc_q" exists.
ex_stage_i.lsu_i.i_load_unit.load_data_q.ld_pc ex_stage_i.i_mult.i_div.pc_q, 
flop flop
--------------------------------
INFO (IGPH001): 20:54:27 Creating Graph (10% completed).
INFO (IGPH001): 20:54:27 Creating Graph (20% completed).
INFO (IGPH001): 20:54:27 Creating Graph (30% completed).
INFO (IGPH001): 20:54:27 Creating Graph (40% completed).
INFO (IGPH001): 20:54:27 Creating Graph (50% completed).
INFO (IGPH001): 20:54:27 Creating Graph (60% completed).
INFO (IGPH001): 20:54:27 Creating Graph (70% completed).
INFO (IGPH001): 20:54:27 Creating Graph (80% completed).
INFO (IGPH001): 20:54:28 Creating Graph (90% completed).
INFO (IGPH001): 20:54:28 Creating Graph (100% completed).
WARNING (WGPH001): No path between "ex_stage_i.lsu_i.i_load_unit.load_data_q.ld_pc" and "id_stage_i.issue_q.sbe.pc" exists.
ex_stage_i.lsu_i.i_load_unit.load_data_q.ld_pc id_stage_i.issue_q.sbe.pc, 
flop flop
--------------------------------
INFO (IGPH001): 20:54:28 Creating Graph (10% completed).
INFO (IGPH001): 20:54:28 Creating Graph (20% completed).
INFO (IGPH001): 20:54:28 Creating Graph (30% completed).
INFO (IGPH001): 20:54:28 Creating Graph (40% completed).
INFO (IGPH001): 20:54:28 Creating Graph (50% completed).
INFO (IGPH001): 20:54:28 Creating Graph (60% completed).
INFO (IGPH001): 20:54:28 Creating Graph (70% completed).
INFO (IGPH001): 20:54:28 Creating Graph (80% completed).
INFO (IGPH001): 20:54:29 Creating Graph (90% completed).
INFO (IGPH001): 20:54:29 Creating Graph (100% completed).
WARNING (WGPH001): No path between "ex_stage_i.lsu_i.i_load_unit.load_data_q.ld_pc" and "issue_stage_i.i_issue_read_operands.pc_o" exists.
ex_stage_i.lsu_i.i_load_unit.load_data_q.ld_pc issue_stage_i.i_issue_read_operands.pc_o, 
flop flop
--------------------------------
INFO (IGPH001): 20:54:30 Creating Graph (10% completed).
INFO (IGPH001): 20:54:30 Creating Graph (20% completed).
INFO (IGPH001): 20:54:30 Creating Graph (30% completed).
INFO (IGPH001): 20:54:30 Creating Graph (40% completed).
INFO (IGPH001): 20:54:30 Creating Graph (50% completed).
INFO (IGPH001): 20:54:30 Creating Graph (60% completed).
INFO (IGPH001): 20:54:30 Creating Graph (70% completed).
INFO (IGPH001): 20:54:30 Creating Graph (80% completed).
INFO (IGPH001): 20:54:31 Creating Graph (90% completed).
INFO (IGPH001): 20:54:31 Creating Graph (100% completed).
WARNING (WGPH001): No path between "ex_stage_i.lsu_i.i_load_unit.load_data_q.ld_pc" and "ex_stage_i.lsu_i.lsu_bypass_i.mem_q[0].pc" exists.
ex_stage_i.lsu_i.i_load_unit.load_data_q.ld_pc ex_stage_i.lsu_i.lsu_bypass_i.mem_q[0].pc, 
flop flop
--------------------------------
INFO (IGPH001): 20:54:31 Creating Graph (10% completed).
INFO (IGPH001): 20:54:31 Creating Graph (20% completed).
INFO (IGPH001): 20:54:31 Creating Graph (30% completed).
INFO (IGPH001): 20:54:31 Creating Graph (40% completed).
INFO (IGPH001): 20:54:31 Creating Graph (50% completed).
INFO (IGPH001): 20:54:31 Creating Graph (60% completed).
INFO (IGPH001): 20:54:31 Creating Graph (70% completed).
INFO (IGPH001): 20:54:31 Creating Graph (80% completed).
INFO (IGPH001): 20:54:32 Creating Graph (90% completed).
INFO (IGPH001): 20:54:32 Creating Graph (100% completed).
WARNING (WGPH001): No path between "ex_stage_i.lsu_i.i_load_unit.load_data_q.ld_pc" and "ex_stage_i.lsu_i.lsu_bypass_i.mem_q[1].pc" exists.
ex_stage_i.lsu_i.i_load_unit.load_data_q.ld_pc ex_stage_i.lsu_i.lsu_bypass_i.mem_q[1].pc, 
flop flop
--------------------------------
INFO (IGPH001): 20:54:32 Creating Graph (10% completed).
INFO (IGPH001): 20:54:32 Creating Graph (20% completed).
INFO (IGPH001): 20:54:32 Creating Graph (30% completed).
INFO (IGPH001): 20:54:32 Creating Graph (40% completed).
INFO (IGPH001): 20:54:32 Creating Graph (50% completed).
INFO (IGPH001): 20:54:32 Creating Graph (60% completed).
INFO (IGPH001): 20:54:32 Creating Graph (70% completed).
INFO (IGPH001): 20:54:32 Creating Graph (80% completed).
INFO (IGPH001): 20:54:33 Creating Graph (90% completed).
INFO (IGPH001): 20:54:33 Creating Graph (100% completed).
WARNING (WGPH001): No path between "ex_stage_i.lsu_i.i_load_unit.load_data_q.ld_pc" and "issue_stage_i.i_scoreboard.mem_q[0].sbe.pc" exists.
ex_stage_i.lsu_i.i_load_unit.load_data_q.ld_pc issue_stage_i.i_scoreboard.mem_q[0].sbe.pc, 
flop flop
--------------------------------
INFO (IGPH001): 20:54:33 Creating Graph (10% completed).
INFO (IGPH001): 20:54:33 Creating Graph (20% completed).
INFO (IGPH001): 20:54:33 Creating Graph (30% completed).
INFO (IGPH001): 20:54:33 Creating Graph (40% completed).
INFO (IGPH001): 20:54:33 Creating Graph (50% completed).
INFO (IGPH001): 20:54:33 Creating Graph (60% completed).
INFO (IGPH001): 20:54:33 Creating Graph (70% completed).
INFO (IGPH001): 20:54:33 Creating Graph (80% completed).
INFO (IGPH001): 20:54:34 Creating Graph (90% completed).
INFO (IGPH001): 20:54:35 Creating Graph (100% completed).
WARNING (WGPH001): No path between "ex_stage_i.lsu_i.i_load_unit.load_data_q.ld_pc" and "issue_stage_i.i_scoreboard.mem_q[1].sbe.pc" exists.
ex_stage_i.lsu_i.i_load_unit.load_data_q.ld_pc issue_stage_i.i_scoreboard.mem_q[1].sbe.pc, 
flop flop
--------------------------------
INFO (IGPH001): 20:54:35 Creating Graph (10% completed).
INFO (IGPH001): 20:54:35 Creating Graph (20% completed).
INFO (IGPH001): 20:54:35 Creating Graph (30% completed).
INFO (IGPH001): 20:54:35 Creating Graph (40% completed).
INFO (IGPH001): 20:54:35 Creating Graph (50% completed).
INFO (IGPH001): 20:54:35 Creating Graph (60% completed).
INFO (IGPH001): 20:54:35 Creating Graph (70% completed).
INFO (IGPH001): 20:54:35 Creating Graph (80% completed).
INFO (IGPH001): 20:54:36 Creating Graph (90% completed).
INFO (IGPH001): 20:54:36 Creating Graph (100% completed).
WARNING (WGPH001): No path between "ex_stage_i.lsu_i.i_load_unit.load_data_q.ld_pc" and "issue_stage_i.i_scoreboard.mem_q[2].sbe.pc" exists.
ex_stage_i.lsu_i.i_load_unit.load_data_q.ld_pc issue_stage_i.i_scoreboard.mem_q[2].sbe.pc, 
flop flop
--------------------------------
INFO (IGPH001): 20:54:36 Creating Graph (10% completed).
INFO (IGPH001): 20:54:36 Creating Graph (20% completed).
INFO (IGPH001): 20:54:36 Creating Graph (30% completed).
INFO (IGPH001): 20:54:36 Creating Graph (40% completed).
INFO (IGPH001): 20:54:36 Creating Graph (50% completed).
INFO (IGPH001): 20:54:36 Creating Graph (60% completed).
INFO (IGPH001): 20:54:36 Creating Graph (70% completed).
INFO (IGPH001): 20:54:36 Creating Graph (80% completed).
INFO (IGPH001): 20:54:37 Creating Graph (90% completed).
INFO (IGPH001): 20:54:37 Creating Graph (100% completed).
WARNING (WGPH001): No path between "ex_stage_i.lsu_i.i_load_unit.load_data_q.ld_pc" and "issue_stage_i.i_scoreboard.mem_q[3].sbe.pc" exists.
ex_stage_i.lsu_i.i_load_unit.load_data_q.ld_pc issue_stage_i.i_scoreboard.mem_q[3].sbe.pc, 
flop flop
--------------------------------
INFO (IGPH001): 20:54:37 Creating Graph (10% completed).
INFO (IGPH001): 20:54:37 Creating Graph (20% completed).
INFO (IGPH001): 20:54:37 Creating Graph (30% completed).
INFO (IGPH001): 20:54:37 Creating Graph (40% completed).
INFO (IGPH001): 20:54:37 Creating Graph (50% completed).
INFO (IGPH001): 20:54:37 Creating Graph (60% completed).
INFO (IGPH001): 20:54:37 Creating Graph (70% completed).
INFO (IGPH001): 20:54:37 Creating Graph (80% completed).
INFO (IGPH001): 20:54:38 Creating Graph (90% completed).
INFO (IGPH001): 20:54:38 Creating Graph (100% completed).
WARNING (WGPH001): No path between "ex_stage_i.lsu_i.i_load_unit.load_data_q.ld_pc" and "ex_stage_i.lsu_i.i_store_unit.store_buffer_i.commit_queue_q[0].pc" exists.
ex_stage_i.lsu_i.i_load_unit.load_data_q.ld_pc ex_stage_i.lsu_i.i_store_unit.store_buffer_i.commit_queue_q[0].pc, 
flop flop
--------------------------------
INFO (IGPH001): 20:54:38 Creating Graph (10% completed).
INFO (IGPH001): 20:54:38 Creating Graph (20% completed).
INFO (IGPH001): 20:54:38 Creating Graph (30% completed).
INFO (IGPH001): 20:54:38 Creating Graph (40% completed).
INFO (IGPH001): 20:54:38 Creating Graph (50% completed).
INFO (IGPH001): 20:54:38 Creating Graph (60% completed).
INFO (IGPH001): 20:54:38 Creating Graph (70% completed).
INFO (IGPH001): 20:54:38 Creating Graph (80% completed).
INFO (IGPH001): 20:54:40 Creating Graph (90% completed).
INFO (IGPH001): 20:54:40 Creating Graph (100% completed).
WARNING (WGPH001): No path between "ex_stage_i.lsu_i.i_load_unit.load_data_q.ld_pc" and "ex_stage_i.lsu_i.i_store_unit.store_buffer_i.commit_queue_q[1].pc" exists.
ex_stage_i.lsu_i.i_load_unit.load_data_q.ld_pc ex_stage_i.lsu_i.i_store_unit.store_buffer_i.commit_queue_q[1].pc, 
flop flop
--------------------------------
INFO (IGPH001): 20:54:40 Creating Graph (10% completed).
INFO (IGPH001): 20:54:40 Creating Graph (20% completed).
INFO (IGPH001): 20:54:40 Creating Graph (30% completed).
INFO (IGPH001): 20:54:40 Creating Graph (40% completed).
INFO (IGPH001): 20:54:40 Creating Graph (50% completed).
INFO (IGPH001): 20:54:40 Creating Graph (60% completed).
INFO (IGPH001): 20:54:40 Creating Graph (70% completed).
INFO (IGPH001): 20:54:40 Creating Graph (80% completed).
INFO (IGPH001): 20:54:41 Creating Graph (90% completed).
INFO (IGPH001): 20:54:41 Creating Graph (100% completed).
WARNING (WGPH001): No path between "ex_stage_i.lsu_i.i_load_unit.load_data_q.ld_pc" and "ex_stage_i.lsu_i.i_store_unit.store_buffer_i.speculative_queue_q[0].pc" exists.
ex_stage_i.lsu_i.i_load_unit.load_data_q.ld_pc ex_stage_i.lsu_i.i_store_unit.store_buffer_i.speculative_queue_q[0].pc, 
flop flop
--------------------------------
INFO (IGPH001): 20:54:41 Creating Graph (10% completed).
INFO (IGPH001): 20:54:41 Creating Graph (20% completed).
INFO (IGPH001): 20:54:41 Creating Graph (30% completed).
INFO (IGPH001): 20:54:41 Creating Graph (40% completed).
INFO (IGPH001): 20:54:41 Creating Graph (50% completed).
INFO (IGPH001): 20:54:41 Creating Graph (60% completed).
INFO (IGPH001): 20:54:41 Creating Graph (70% completed).
INFO (IGPH001): 20:54:41 Creating Graph (80% completed).
INFO (IGPH001): 20:54:42 Creating Graph (90% completed).
INFO (IGPH001): 20:54:42 Creating Graph (100% completed).
WARNING (WGPH001): No path between "ex_stage_i.lsu_i.i_load_unit.load_data_q.ld_pc" and "ex_stage_i.lsu_i.i_store_unit.store_buffer_i.speculative_queue_q[1].pc" exists.
ex_stage_i.lsu_i.i_load_unit.load_data_q.ld_pc ex_stage_i.lsu_i.i_store_unit.store_buffer_i.speculative_queue_q[1].pc, 
flop flop
--------------------------------
INFO (IGPH001): 20:54:42 Creating Graph (10% completed).
INFO (IGPH001): 20:54:42 Creating Graph (20% completed).
INFO (IGPH001): 20:54:42 Creating Graph (30% completed).
INFO (IGPH001): 20:54:42 Creating Graph (40% completed).
INFO (IGPH001): 20:54:42 Creating Graph (50% completed).
INFO (IGPH001): 20:54:42 Creating Graph (60% completed).
INFO (IGPH001): 20:54:42 Creating Graph (70% completed).
INFO (IGPH001): 20:54:42 Creating Graph (80% completed).
INFO (IGPH001): 20:54:43 Creating Graph (90% completed).
INFO (IGPH001): 20:54:43 Creating Graph (100% completed).
WARNING (WGPH001): No path between "ex_stage_i.lsu_i.i_load_unit.load_data_q.ld_pc" and "ex_stage_i.lsu_i.i_store_unit.st_pc_q" exists.
ex_stage_i.lsu_i.i_load_unit.load_data_q.ld_pc ex_stage_i.lsu_i.i_store_unit.st_pc_q, 
flop flop
--------------------------------
INFO (IGPH001): 20:54:44 Creating Graph (10% completed).
INFO (IGPH001): 20:54:44 Creating Graph (20% completed).
INFO (IGPH001): 20:54:44 Creating Graph (30% completed).
INFO (IGPH001): 20:54:44 Creating Graph (40% completed).
INFO (IGPH001): 20:54:44 Creating Graph (50% completed).
INFO (IGPH001): 20:54:44 Creating Graph (60% completed).
INFO (IGPH001): 20:54:44 Creating Graph (70% completed).
INFO (IGPH001): 20:54:44 Creating Graph (80% completed).
INFO (IGPH001): 20:54:45 Creating Graph (90% completed).
INFO (IGPH001): 20:54:45 Creating Graph (100% completed).
ex_stage_i.lsu_i.i_load_unit.load_data_q.ld_pc ex_stage_i.lsu_i.load_pc_o, {ex_stage_i.lsu_i.i_load_unit.load_data_q.ld_pc[0]} {ex_stage_i.lsu_i.i_pipe_reg_load.d_o[0]} {ex_stage_i.lsu_i.load_pc_o[0]}
flop wire
ADD ex_stage_i.lsu_i.i_load_unit.load_data_q.ld_pc ex_stage_i.lsu_i.load_pc_o
--------------------------------
INFO (IGPH001): 20:54:45 Creating Graph (10% completed).
INFO (IGPH001): 20:54:45 Creating Graph (20% completed).
INFO (IGPH001): 20:54:45 Creating Graph (30% completed).
INFO (IGPH001): 20:54:45 Creating Graph (40% completed).
INFO (IGPH001): 20:54:45 Creating Graph (50% completed).
INFO (IGPH001): 20:54:45 Creating Graph (60% completed).
INFO (IGPH001): 20:54:45 Creating Graph (70% completed).
INFO (IGPH001): 20:54:45 Creating Graph (80% completed).
INFO (IGPH001): 20:54:46 Creating Graph (90% completed).
INFO (IGPH001): 20:54:46 Creating Graph (100% completed).
WARNING (WGPH001): No path between "ex_stage_i.lsu_i.i_load_unit.load_data_q.ld_pc" and "ex_stage_i.csr_buffer_i.csr_reg_q.pc" exists.
ex_stage_i.lsu_i.i_load_unit.load_data_q.ld_pc ex_stage_i.csr_buffer_i.csr_reg_q.pc, 
flop flop
--------------------------------
INFO (IGPH001): 20:54:46 Creating Graph (10% completed).
INFO (IGPH001): 20:54:46 Creating Graph (20% completed).
INFO (IGPH001): 20:54:46 Creating Graph (30% completed).
INFO (IGPH001): 20:54:46 Creating Graph (40% completed).
INFO (IGPH001): 20:54:46 Creating Graph (50% completed).
INFO (IGPH001): 20:54:46 Creating Graph (60% completed).
INFO (IGPH001): 20:54:46 Creating Graph (70% completed).
INFO (IGPH001): 20:54:46 Creating Graph (80% completed).
INFO (IGPH001): 20:54:47 Creating Graph (90% completed).
INFO (IGPH001): 20:54:47 Creating Graph (100% completed).
WARNING (WGPH001): No path between "ex_stage_i.lsu_i.i_load_unit.load_data_q.ld_pc" and "ex_stage_i.i_mult.i_multiplier.pc_q" exists.
ex_stage_i.lsu_i.i_load_unit.load_data_q.ld_pc ex_stage_i.i_mult.i_multiplier.pc_q, 
flop flop
--------------------------------
INFO (IGPH001): 20:54:47 Creating Graph (20% completed).
INFO (IGPH001): 20:54:47 Creating Graph (30% completed).
INFO (IGPH001): 20:54:47 Creating Graph (40% completed).
INFO (IGPH001): 20:54:47 Creating Graph (50% completed).
INFO (IGPH001): 20:54:47 Creating Graph (60% completed).
INFO (IGPH001): 20:54:47 Creating Graph (70% completed).
INFO (IGPH001): 20:54:47 Creating Graph (80% completed).
INFO (IGPH001): 20:54:48 Creating Graph (90% completed).
INFO (IGPH001): 20:54:48 Creating Graph (100% completed).
WARNING (WGPH001): No path between "ex_stage_i.lsu_i.i_load_unit.load_data_q.ld_pc" and "ex_stage_i.lsu_i.i_load_unit.lsu_ctrl_i.pc" exists.
ex_stage_i.lsu_i.i_load_unit.load_data_q.ld_pc ex_stage_i.lsu_i.i_load_unit.lsu_ctrl_i.pc, 
flop wire
--------------------------------
INFO (IGPH001): 20:54:49 Creating Graph (10% completed).
INFO (IGPH001): 20:54:49 Creating Graph (20% completed).
INFO (IGPH001): 20:54:49 Creating Graph (30% completed).
INFO (IGPH001): 20:54:49 Creating Graph (40% completed).
INFO (IGPH001): 20:54:49 Creating Graph (50% completed).
INFO (IGPH001): 20:54:49 Creating Graph (60% completed).
INFO (IGPH001): 20:54:49 Creating Graph (70% completed).
INFO (IGPH001): 20:54:49 Creating Graph (80% completed).
INFO (IGPH001): 20:54:50 Creating Graph (90% completed).
INFO (IGPH001): 20:54:50 Creating Graph (100% completed).
WARNING (WGPH001): No path between "ex_stage_i.lsu_i.i_load_unit.load_data_q.ld_pc" and "ex_stage_i.lsu_i.i_ord_sram.pc_i" exists.
ex_stage_i.lsu_i.i_load_unit.load_data_q.ld_pc ex_stage_i.lsu_i.i_ord_sram.pc_i, 
flop wire
--------------------------------
INFO (IGPH001): 20:54:50 Creating Graph (10% completed).
INFO (IGPH001): 20:54:50 Creating Graph (20% completed).
INFO (IGPH001): 20:54:50 Creating Graph (30% completed).
INFO (IGPH001): 20:54:50 Creating Graph (40% completed).
INFO (IGPH001): 20:54:50 Creating Graph (50% completed).
INFO (IGPH001): 20:54:50 Creating Graph (60% completed).
INFO (IGPH001): 20:54:50 Creating Graph (70% completed).
INFO (IGPH001): 20:54:50 Creating Graph (80% completed).
INFO (IGPH001): 20:54:51 Creating Graph (90% completed).
INFO (IGPH001): 20:54:51 Creating Graph (100% completed).
WARNING (WGPH001): No path between "ex_stage_i.lsu_i.i_store_unit.st_pc_q" and "ex_stage_i.i_mult.i_div.pc_q" exists.
ex_stage_i.lsu_i.i_store_unit.st_pc_q ex_stage_i.i_mult.i_div.pc_q, 
flop flop
--------------------------------
INFO (IGPH001): 20:54:51 Creating Graph (10% completed).
INFO (IGPH001): 20:54:51 Creating Graph (20% completed).
INFO (IGPH001): 20:54:51 Creating Graph (30% completed).
INFO (IGPH001): 20:54:51 Creating Graph (40% completed).
INFO (IGPH001): 20:54:51 Creating Graph (50% completed).
INFO (IGPH001): 20:54:51 Creating Graph (60% completed).
INFO (IGPH001): 20:54:51 Creating Graph (70% completed).
INFO (IGPH001): 20:54:51 Creating Graph (80% completed).
INFO (IGPH001): 20:54:52 Creating Graph (90% completed).
INFO (IGPH001): 20:54:52 Creating Graph (100% completed).
WARNING (WGPH001): No path between "ex_stage_i.lsu_i.i_store_unit.st_pc_q" and "id_stage_i.issue_q.sbe.pc" exists.
ex_stage_i.lsu_i.i_store_unit.st_pc_q id_stage_i.issue_q.sbe.pc, 
flop flop
--------------------------------
INFO (IGPH001): 20:54:52 Creating Graph (10% completed).
INFO (IGPH001): 20:54:52 Creating Graph (20% completed).
INFO (IGPH001): 20:54:52 Creating Graph (30% completed).
INFO (IGPH001): 20:54:52 Creating Graph (40% completed).
INFO (IGPH001): 20:54:52 Creating Graph (50% completed).
INFO (IGPH001): 20:54:52 Creating Graph (60% completed).
INFO (IGPH001): 20:54:52 Creating Graph (70% completed).
INFO (IGPH001): 20:54:52 Creating Graph (80% completed).
INFO (IGPH001): 20:54:53 Creating Graph (90% completed).
INFO (IGPH001): 20:54:53 Creating Graph (100% completed).
WARNING (WGPH001): No path between "ex_stage_i.lsu_i.i_store_unit.st_pc_q" and "issue_stage_i.i_issue_read_operands.pc_o" exists.
ex_stage_i.lsu_i.i_store_unit.st_pc_q issue_stage_i.i_issue_read_operands.pc_o, 
flop flop
--------------------------------
INFO (IGPH001): 20:54:53 Creating Graph (10% completed).
INFO (IGPH001): 20:54:53 Creating Graph (20% completed).
INFO (IGPH001): 20:54:53 Creating Graph (30% completed).
INFO (IGPH001): 20:54:53 Creating Graph (40% completed).
INFO (IGPH001): 20:54:53 Creating Graph (50% completed).
INFO (IGPH001): 20:54:53 Creating Graph (60% completed).
INFO (IGPH001): 20:54:53 Creating Graph (70% completed).
INFO (IGPH001): 20:54:53 Creating Graph (80% completed).
INFO (IGPH001): 20:54:54 Creating Graph (90% completed).
INFO (IGPH001): 20:54:54 Creating Graph (100% completed).
WARNING (WGPH001): No path between "ex_stage_i.lsu_i.i_store_unit.st_pc_q" and "ex_stage_i.lsu_i.lsu_bypass_i.mem_q[0].pc" exists.
ex_stage_i.lsu_i.i_store_unit.st_pc_q ex_stage_i.lsu_i.lsu_bypass_i.mem_q[0].pc, 
flop flop
--------------------------------
INFO (IGPH001): 20:54:54 Creating Graph (10% completed).
INFO (IGPH001): 20:54:54 Creating Graph (20% completed).
INFO (IGPH001): 20:54:54 Creating Graph (30% completed).
INFO (IGPH001): 20:54:54 Creating Graph (40% completed).
INFO (IGPH001): 20:54:54 Creating Graph (50% completed).
INFO (IGPH001): 20:54:54 Creating Graph (60% completed).
INFO (IGPH001): 20:54:54 Creating Graph (70% completed).
INFO (IGPH001): 20:54:54 Creating Graph (80% completed).
INFO (IGPH001): 20:54:54 Creating Graph (90% completed).
INFO (IGPH001): 20:54:54 Creating Graph (100% completed).
WARNING (WGPH001): No path between "ex_stage_i.lsu_i.i_store_unit.st_pc_q" and "ex_stage_i.lsu_i.lsu_bypass_i.mem_q[1].pc" exists.
ex_stage_i.lsu_i.i_store_unit.st_pc_q ex_stage_i.lsu_i.lsu_bypass_i.mem_q[1].pc, 
flop flop
--------------------------------
INFO (IGPH001): 20:54:55 Creating Graph (10% completed).
INFO (IGPH001): 20:54:55 Creating Graph (20% completed).
INFO (IGPH001): 20:54:55 Creating Graph (30% completed).
INFO (IGPH001): 20:54:55 Creating Graph (40% completed).
INFO (IGPH001): 20:54:55 Creating Graph (50% completed).
INFO (IGPH001): 20:54:55 Creating Graph (60% completed).
INFO (IGPH001): 20:54:55 Creating Graph (70% completed).
INFO (IGPH001): 20:54:55 Creating Graph (80% completed).
INFO (IGPH001): 20:54:55 Creating Graph (90% completed).
INFO (IGPH001): 20:54:55 Creating Graph (100% completed).
WARNING (WGPH001): No path between "ex_stage_i.lsu_i.i_store_unit.st_pc_q" and "issue_stage_i.i_scoreboard.mem_q[0].sbe.pc" exists.
ex_stage_i.lsu_i.i_store_unit.st_pc_q issue_stage_i.i_scoreboard.mem_q[0].sbe.pc, 
flop flop
--------------------------------
INFO (IGPH001): 20:54:55 Creating Graph (10% completed).
INFO (IGPH001): 20:54:55 Creating Graph (20% completed).
INFO (IGPH001): 20:54:55 Creating Graph (30% completed).
INFO (IGPH001): 20:54:55 Creating Graph (40% completed).
INFO (IGPH001): 20:54:55 Creating Graph (50% completed).
INFO (IGPH001): 20:54:55 Creating Graph (60% completed).
INFO (IGPH001): 20:54:55 Creating Graph (70% completed).
INFO (IGPH001): 20:54:55 Creating Graph (80% completed).
INFO (IGPH001): 20:54:56 Creating Graph (90% completed).
INFO (IGPH001): 20:54:56 Creating Graph (100% completed).
WARNING (WGPH001): No path between "ex_stage_i.lsu_i.i_store_unit.st_pc_q" and "issue_stage_i.i_scoreboard.mem_q[1].sbe.pc" exists.
ex_stage_i.lsu_i.i_store_unit.st_pc_q issue_stage_i.i_scoreboard.mem_q[1].sbe.pc, 
flop flop
--------------------------------
INFO (IGPH001): 20:54:56 Creating Graph (10% completed).
INFO (IGPH001): 20:54:56 Creating Graph (20% completed).
INFO (IGPH001): 20:54:56 Creating Graph (30% completed).
INFO (IGPH001): 20:54:56 Creating Graph (40% completed).
INFO (IGPH001): 20:54:56 Creating Graph (50% completed).
INFO (IGPH001): 20:54:56 Creating Graph (60% completed).
INFO (IGPH001): 20:54:56 Creating Graph (70% completed).
INFO (IGPH001): 20:54:56 Creating Graph (80% completed).
INFO (IGPH001): 20:54:57 Creating Graph (90% completed).
INFO (IGPH001): 20:54:57 Creating Graph (100% completed).
WARNING (WGPH001): No path between "ex_stage_i.lsu_i.i_store_unit.st_pc_q" and "issue_stage_i.i_scoreboard.mem_q[2].sbe.pc" exists.
ex_stage_i.lsu_i.i_store_unit.st_pc_q issue_stage_i.i_scoreboard.mem_q[2].sbe.pc, 
flop flop
--------------------------------
INFO (IGPH001): 20:54:57 Creating Graph (10% completed).
INFO (IGPH001): 20:54:57 Creating Graph (20% completed).
INFO (IGPH001): 20:54:57 Creating Graph (30% completed).
INFO (IGPH001): 20:54:57 Creating Graph (40% completed).
INFO (IGPH001): 20:54:57 Creating Graph (50% completed).
INFO (IGPH001): 20:54:57 Creating Graph (60% completed).
INFO (IGPH001): 20:54:57 Creating Graph (70% completed).
INFO (IGPH001): 20:54:57 Creating Graph (80% completed).
INFO (IGPH001): 20:54:58 Creating Graph (90% completed).
INFO (IGPH001): 20:54:58 Creating Graph (100% completed).
WARNING (WGPH001): No path between "ex_stage_i.lsu_i.i_store_unit.st_pc_q" and "issue_stage_i.i_scoreboard.mem_q[3].sbe.pc" exists.
ex_stage_i.lsu_i.i_store_unit.st_pc_q issue_stage_i.i_scoreboard.mem_q[3].sbe.pc, 
flop flop
--------------------------------
INFO (IGPH001): 20:54:58 Creating Graph (10% completed).
INFO (IGPH001): 20:54:58 Creating Graph (20% completed).
INFO (IGPH001): 20:54:58 Creating Graph (30% completed).
INFO (IGPH001): 20:54:58 Creating Graph (40% completed).
INFO (IGPH001): 20:54:58 Creating Graph (50% completed).
INFO (IGPH001): 20:54:58 Creating Graph (60% completed).
INFO (IGPH001): 20:54:58 Creating Graph (70% completed).
INFO (IGPH001): 20:54:58 Creating Graph (80% completed).
INFO (IGPH001): 20:54:58 Creating Graph (90% completed).
INFO (IGPH001): 20:54:58 Creating Graph (100% completed).
ex_stage_i.lsu_i.i_store_unit.st_pc_q ex_stage_i.lsu_i.i_store_unit.store_buffer_i.commit_queue_q[0].pc, {ex_stage_i.lsu_i.i_store_unit.st_pc_q[60]} {ex_stage_i.lsu_i.i_store_unit.store_buffer_i.speculative_queue_q[1].pc[60]} {ex_stage_i.lsu_i.i_store_unit.store_buffer_i.commit_queue_q[0].pc[60]}
flop flop
--------------------------------
INFO (IGPH001): 20:54:59 Creating Graph (10% completed).
INFO (IGPH001): 20:54:59 Creating Graph (20% completed).
INFO (IGPH001): 20:54:59 Creating Graph (30% completed).
INFO (IGPH001): 20:54:59 Creating Graph (40% completed).
INFO (IGPH001): 20:54:59 Creating Graph (50% completed).
INFO (IGPH001): 20:54:59 Creating Graph (60% completed).
INFO (IGPH001): 20:54:59 Creating Graph (70% completed).
INFO (IGPH001): 20:54:59 Creating Graph (80% completed).
INFO (IGPH001): 20:54:59 Creating Graph (90% completed).
INFO (IGPH001): 20:54:59 Creating Graph (100% completed).
ex_stage_i.lsu_i.i_store_unit.st_pc_q ex_stage_i.lsu_i.i_store_unit.store_buffer_i.commit_queue_q[1].pc, {ex_stage_i.lsu_i.i_store_unit.st_pc_q[60]} {ex_stage_i.lsu_i.i_store_unit.store_buffer_i.speculative_queue_q[1].pc[60]} {ex_stage_i.lsu_i.i_store_unit.store_buffer_i.commit_queue_q[1].pc[60]}
flop flop
--------------------------------
INFO (IGPH001): 20:54:59 Creating Graph (10% completed).
INFO (IGPH001): 20:54:59 Creating Graph (20% completed).
INFO (IGPH001): 20:54:59 Creating Graph (30% completed).
INFO (IGPH001): 20:54:59 Creating Graph (40% completed).
INFO (IGPH001): 20:54:59 Creating Graph (50% completed).
INFO (IGPH001): 20:54:59 Creating Graph (60% completed).
INFO (IGPH001): 20:54:59 Creating Graph (70% completed).
INFO (IGPH001): 20:54:59 Creating Graph (80% completed).
INFO (IGPH001): 20:55:00 Creating Graph (90% completed).
INFO (IGPH001): 20:55:00 Creating Graph (100% completed).
ex_stage_i.lsu_i.i_store_unit.st_pc_q ex_stage_i.lsu_i.i_store_unit.store_buffer_i.speculative_queue_q[0].pc, {ex_stage_i.lsu_i.i_store_unit.st_pc_q[0]} {ex_stage_i.lsu_i.i_store_unit.store_buffer_i.speculative_queue_q[0].pc[0]}
flop flop
ADD ex_stage_i.lsu_i.i_store_unit.st_pc_q ex_stage_i.lsu_i.i_store_unit.store_buffer_i.speculative_queue_q[0].pc
--------------------------------
INFO (IGPH001): 20:55:00 Creating Graph (10% completed).
INFO (IGPH001): 20:55:00 Creating Graph (20% completed).
INFO (IGPH001): 20:55:00 Creating Graph (30% completed).
INFO (IGPH001): 20:55:00 Creating Graph (40% completed).
INFO (IGPH001): 20:55:00 Creating Graph (50% completed).
INFO (IGPH001): 20:55:00 Creating Graph (60% completed).
INFO (IGPH001): 20:55:00 Creating Graph (70% completed).
INFO (IGPH001): 20:55:00 Creating Graph (80% completed).
INFO (IGPH001): 20:55:01 Creating Graph (90% completed).
INFO (IGPH001): 20:55:01 Creating Graph (100% completed).
ex_stage_i.lsu_i.i_store_unit.st_pc_q ex_stage_i.lsu_i.i_store_unit.store_buffer_i.speculative_queue_q[1].pc, {ex_stage_i.lsu_i.i_store_unit.st_pc_q[0]} {ex_stage_i.lsu_i.i_store_unit.store_buffer_i.speculative_queue_q[1].pc[0]}
flop flop
ADD ex_stage_i.lsu_i.i_store_unit.st_pc_q ex_stage_i.lsu_i.i_store_unit.store_buffer_i.speculative_queue_q[1].pc
--------------------------------
INFO (IGPH001): 20:55:01 Creating Graph (10% completed).
INFO (IGPH001): 20:55:01 Creating Graph (20% completed).
INFO (IGPH001): 20:55:01 Creating Graph (30% completed).
INFO (IGPH001): 20:55:01 Creating Graph (40% completed).
INFO (IGPH001): 20:55:01 Creating Graph (50% completed).
INFO (IGPH001): 20:55:01 Creating Graph (60% completed).
INFO (IGPH001): 20:55:01 Creating Graph (70% completed).
INFO (IGPH001): 20:55:01 Creating Graph (80% completed).
INFO (IGPH001): 20:55:02 Creating Graph (90% completed).
INFO (IGPH001): 20:55:02 Creating Graph (100% completed).
WARNING (WGPH001): No path between "ex_stage_i.lsu_i.i_store_unit.st_pc_q" and "ex_stage_i.lsu_i.i_load_unit.load_data_q.ld_pc" exists.
ex_stage_i.lsu_i.i_store_unit.st_pc_q ex_stage_i.lsu_i.i_load_unit.load_data_q.ld_pc, 
flop flop
--------------------------------
ex_stage_i.lsu_i.i_store_unit.st_pc_q ex_stage_i.lsu_i.i_store_unit.st_pc_q, 
flop flop
--------------------------------
INFO (IGPH001): 20:55:02 Creating Graph (10% completed).
INFO (IGPH001): 20:55:02 Creating Graph (20% completed).
INFO (IGPH001): 20:55:02 Creating Graph (30% completed).
INFO (IGPH001): 20:55:02 Creating Graph (40% completed).
INFO (IGPH001): 20:55:02 Creating Graph (50% completed).
INFO (IGPH001): 20:55:02 Creating Graph (60% completed).
INFO (IGPH001): 20:55:02 Creating Graph (70% completed).
INFO (IGPH001): 20:55:02 Creating Graph (80% completed).
INFO (IGPH001): 20:55:02 Creating Graph (90% completed).
INFO (IGPH001): 20:55:02 Creating Graph (100% completed).
WARNING (WGPH001): No path between "ex_stage_i.lsu_i.i_store_unit.st_pc_q" and "ex_stage_i.lsu_i.load_pc_o" exists.
ex_stage_i.lsu_i.i_store_unit.st_pc_q ex_stage_i.lsu_i.load_pc_o, 
flop wire
--------------------------------
INFO (IGPH001): 20:55:03 Creating Graph (10% completed).
INFO (IGPH001): 20:55:03 Creating Graph (20% completed).
INFO (IGPH001): 20:55:03 Creating Graph (30% completed).
INFO (IGPH001): 20:55:03 Creating Graph (40% completed).
INFO (IGPH001): 20:55:03 Creating Graph (50% completed).
INFO (IGPH001): 20:55:03 Creating Graph (60% completed).
INFO (IGPH001): 20:55:03 Creating Graph (70% completed).
INFO (IGPH001): 20:55:03 Creating Graph (80% completed).
INFO (IGPH001): 20:55:03 Creating Graph (90% completed).
INFO (IGPH001): 20:55:03 Creating Graph (100% completed).
WARNING (WGPH001): No path between "ex_stage_i.lsu_i.i_store_unit.st_pc_q" and "ex_stage_i.csr_buffer_i.csr_reg_q.pc" exists.
ex_stage_i.lsu_i.i_store_unit.st_pc_q ex_stage_i.csr_buffer_i.csr_reg_q.pc, 
flop flop
--------------------------------
INFO (IGPH001): 20:55:03 Creating Graph (10% completed).
INFO (IGPH001): 20:55:03 Creating Graph (20% completed).
INFO (IGPH001): 20:55:03 Creating Graph (30% completed).
INFO (IGPH001): 20:55:03 Creating Graph (40% completed).
INFO (IGPH001): 20:55:03 Creating Graph (50% completed).
INFO (IGPH001): 20:55:03 Creating Graph (60% completed).
INFO (IGPH001): 20:55:03 Creating Graph (70% completed).
INFO (IGPH001): 20:55:03 Creating Graph (80% completed).
INFO (IGPH001): 20:55:04 Creating Graph (90% completed).
INFO (IGPH001): 20:55:04 Creating Graph (100% completed).
WARNING (WGPH001): No path between "ex_stage_i.lsu_i.i_store_unit.st_pc_q" and "ex_stage_i.i_mult.i_multiplier.pc_q" exists.
ex_stage_i.lsu_i.i_store_unit.st_pc_q ex_stage_i.i_mult.i_multiplier.pc_q, 
flop flop
--------------------------------
INFO (IGPH001): 20:55:04 Creating Graph (20% completed).
INFO (IGPH001): 20:55:04 Creating Graph (30% completed).
INFO (IGPH001): 20:55:04 Creating Graph (40% completed).
INFO (IGPH001): 20:55:04 Creating Graph (50% completed).
INFO (IGPH001): 20:55:04 Creating Graph (60% completed).
INFO (IGPH001): 20:55:04 Creating Graph (70% completed).
INFO (IGPH001): 20:55:04 Creating Graph (80% completed).
INFO (IGPH001): 20:55:05 Creating Graph (90% completed).
INFO (IGPH001): 20:55:05 Creating Graph (100% completed).
WARNING (WGPH001): No path between "ex_stage_i.lsu_i.i_store_unit.st_pc_q" and "ex_stage_i.lsu_i.i_load_unit.lsu_ctrl_i.pc" exists.
ex_stage_i.lsu_i.i_store_unit.st_pc_q ex_stage_i.lsu_i.i_load_unit.lsu_ctrl_i.pc, 
flop wire
--------------------------------
INFO (IGPH001): 20:55:05 Creating Graph (10% completed).
INFO (IGPH001): 20:55:05 Creating Graph (20% completed).
INFO (IGPH001): 20:55:05 Creating Graph (30% completed).
INFO (IGPH001): 20:55:05 Creating Graph (40% completed).
INFO (IGPH001): 20:55:05 Creating Graph (50% completed).
INFO (IGPH001): 20:55:05 Creating Graph (60% completed).
INFO (IGPH001): 20:55:05 Creating Graph (70% completed).
INFO (IGPH001): 20:55:05 Creating Graph (80% completed).
INFO (IGPH001): 20:55:06 Creating Graph (90% completed).
INFO (IGPH001): 20:55:06 Creating Graph (100% completed).
ex_stage_i.lsu_i.i_store_unit.st_pc_q ex_stage_i.lsu_i.i_ord_sram.pc_i, {ex_stage_i.lsu_i.i_store_unit.st_pc_q[42]} {ex_stage_i.lsu_i.i_store_unit.store_buffer_i.speculative_queue_q[1].pc[42]} {ex_stage_i.lsu_i.i_store_unit.store_buffer_i.commit_queue_q[1].pc[42]} {ex_stage_i.lsu_i.i_ord_sram.pc_i[42]}
flop wire
--------------------------------
INFO (IGPH001): 20:55:06 Creating Graph (10% completed).
INFO (IGPH001): 20:55:06 Creating Graph (20% completed).
INFO (IGPH001): 20:55:06 Creating Graph (30% completed).
INFO (IGPH001): 20:55:06 Creating Graph (40% completed).
INFO (IGPH001): 20:55:06 Creating Graph (50% completed).
INFO (IGPH001): 20:55:06 Creating Graph (60% completed).
INFO (IGPH001): 20:55:06 Creating Graph (70% completed).
INFO (IGPH001): 20:55:06 Creating Graph (80% completed).
INFO (IGPH001): 20:55:06 Creating Graph (90% completed).
INFO (IGPH001): 20:55:07 Creating Graph (100% completed).
WARNING (WGPH001): No path between "ex_stage_i.lsu_i.load_pc_o" and "ex_stage_i.i_mult.i_div.pc_q" exists.
ex_stage_i.lsu_i.load_pc_o ex_stage_i.i_mult.i_div.pc_q, 
wire flop
--------------------------------
INFO (IGPH001): 20:55:07 Creating Graph (10% completed).
INFO (IGPH001): 20:55:07 Creating Graph (20% completed).
INFO (IGPH001): 20:55:07 Creating Graph (30% completed).
INFO (IGPH001): 20:55:07 Creating Graph (40% completed).
INFO (IGPH001): 20:55:07 Creating Graph (50% completed).
INFO (IGPH001): 20:55:07 Creating Graph (60% completed).
INFO (IGPH001): 20:55:07 Creating Graph (70% completed).
INFO (IGPH001): 20:55:07 Creating Graph (80% completed).
INFO (IGPH001): 20:55:07 Creating Graph (90% completed).
INFO (IGPH001): 20:55:07 Creating Graph (100% completed).
WARNING (WGPH001): No path between "ex_stage_i.lsu_i.load_pc_o" and "id_stage_i.issue_q.sbe.pc" exists.
ex_stage_i.lsu_i.load_pc_o id_stage_i.issue_q.sbe.pc, 
wire flop
--------------------------------
INFO (IGPH001): 20:55:07 Creating Graph (10% completed).
INFO (IGPH001): 20:55:07 Creating Graph (20% completed).
INFO (IGPH001): 20:55:07 Creating Graph (30% completed).
INFO (IGPH001): 20:55:07 Creating Graph (40% completed).
INFO (IGPH001): 20:55:07 Creating Graph (50% completed).
INFO (IGPH001): 20:55:07 Creating Graph (60% completed).
INFO (IGPH001): 20:55:07 Creating Graph (70% completed).
INFO (IGPH001): 20:55:07 Creating Graph (80% completed).
INFO (IGPH001): 20:55:08 Creating Graph (90% completed).
INFO (IGPH001): 20:55:08 Creating Graph (100% completed).
WARNING (WGPH001): No path between "ex_stage_i.lsu_i.load_pc_o" and "issue_stage_i.i_issue_read_operands.pc_o" exists.
ex_stage_i.lsu_i.load_pc_o issue_stage_i.i_issue_read_operands.pc_o, 
wire flop
--------------------------------
INFO (IGPH001): 20:55:08 Creating Graph (10% completed).
INFO (IGPH001): 20:55:08 Creating Graph (20% completed).
INFO (IGPH001): 20:55:08 Creating Graph (30% completed).
INFO (IGPH001): 20:55:08 Creating Graph (40% completed).
INFO (IGPH001): 20:55:08 Creating Graph (50% completed).
INFO (IGPH001): 20:55:08 Creating Graph (60% completed).
INFO (IGPH001): 20:55:08 Creating Graph (70% completed).
INFO (IGPH001): 20:55:08 Creating Graph (80% completed).
INFO (IGPH001): 20:55:09 Creating Graph (90% completed).
INFO (IGPH001): 20:55:09 Creating Graph (100% completed).
WARNING (WGPH001): No path between "ex_stage_i.lsu_i.load_pc_o" and "ex_stage_i.lsu_i.lsu_bypass_i.mem_q[0].pc" exists.
ex_stage_i.lsu_i.load_pc_o ex_stage_i.lsu_i.lsu_bypass_i.mem_q[0].pc, 
wire flop
--------------------------------
INFO (IGPH001): 20:55:09 Creating Graph (10% completed).
INFO (IGPH001): 20:55:09 Creating Graph (20% completed).
INFO (IGPH001): 20:55:09 Creating Graph (30% completed).
INFO (IGPH001): 20:55:09 Creating Graph (40% completed).
INFO (IGPH001): 20:55:09 Creating Graph (50% completed).
INFO (IGPH001): 20:55:09 Creating Graph (60% completed).
INFO (IGPH001): 20:55:09 Creating Graph (70% completed).
INFO (IGPH001): 20:55:09 Creating Graph (80% completed).
INFO (IGPH001): 20:55:10 Creating Graph (90% completed).
INFO (IGPH001): 20:55:10 Creating Graph (100% completed).
WARNING (WGPH001): No path between "ex_stage_i.lsu_i.load_pc_o" and "ex_stage_i.lsu_i.lsu_bypass_i.mem_q[1].pc" exists.
ex_stage_i.lsu_i.load_pc_o ex_stage_i.lsu_i.lsu_bypass_i.mem_q[1].pc, 
wire flop
--------------------------------
INFO (IGPH001): 20:55:10 Creating Graph (10% completed).
INFO (IGPH001): 20:55:10 Creating Graph (20% completed).
INFO (IGPH001): 20:55:10 Creating Graph (30% completed).
INFO (IGPH001): 20:55:10 Creating Graph (40% completed).
INFO (IGPH001): 20:55:10 Creating Graph (50% completed).
INFO (IGPH001): 20:55:10 Creating Graph (60% completed).
INFO (IGPH001): 20:55:10 Creating Graph (70% completed).
INFO (IGPH001): 20:55:10 Creating Graph (80% completed).
INFO (IGPH001): 20:55:11 Creating Graph (90% completed).
INFO (IGPH001): 20:55:11 Creating Graph (100% completed).
WARNING (WGPH001): No path between "ex_stage_i.lsu_i.load_pc_o" and "issue_stage_i.i_scoreboard.mem_q[0].sbe.pc" exists.
ex_stage_i.lsu_i.load_pc_o issue_stage_i.i_scoreboard.mem_q[0].sbe.pc, 
wire flop
--------------------------------
INFO (IGPH001): 20:55:11 Creating Graph (10% completed).
INFO (IGPH001): 20:55:11 Creating Graph (20% completed).
INFO (IGPH001): 20:55:11 Creating Graph (30% completed).
INFO (IGPH001): 20:55:11 Creating Graph (40% completed).
INFO (IGPH001): 20:55:11 Creating Graph (50% completed).
INFO (IGPH001): 20:55:11 Creating Graph (60% completed).
INFO (IGPH001): 20:55:11 Creating Graph (70% completed).
INFO (IGPH001): 20:55:11 Creating Graph (80% completed).
INFO (IGPH001): 20:55:11 Creating Graph (90% completed).
INFO (IGPH001): 20:55:11 Creating Graph (100% completed).
WARNING (WGPH001): No path between "ex_stage_i.lsu_i.load_pc_o" and "issue_stage_i.i_scoreboard.mem_q[1].sbe.pc" exists.
ex_stage_i.lsu_i.load_pc_o issue_stage_i.i_scoreboard.mem_q[1].sbe.pc, 
wire flop
--------------------------------
INFO (IGPH001): 20:55:12 Creating Graph (10% completed).
INFO (IGPH001): 20:55:12 Creating Graph (20% completed).
INFO (IGPH001): 20:55:12 Creating Graph (30% completed).
INFO (IGPH001): 20:55:12 Creating Graph (40% completed).
INFO (IGPH001): 20:55:12 Creating Graph (50% completed).
INFO (IGPH001): 20:55:12 Creating Graph (60% completed).
INFO (IGPH001): 20:55:12 Creating Graph (70% completed).
INFO (IGPH001): 20:55:12 Creating Graph (80% completed).
INFO (IGPH001): 20:55:12 Creating Graph (90% completed).
INFO (IGPH001): 20:55:12 Creating Graph (100% completed).
WARNING (WGPH001): No path between "ex_stage_i.lsu_i.load_pc_o" and "issue_stage_i.i_scoreboard.mem_q[2].sbe.pc" exists.
ex_stage_i.lsu_i.load_pc_o issue_stage_i.i_scoreboard.mem_q[2].sbe.pc, 
wire flop
--------------------------------
INFO (IGPH001): 20:55:12 Creating Graph (10% completed).
INFO (IGPH001): 20:55:12 Creating Graph (20% completed).
INFO (IGPH001): 20:55:12 Creating Graph (30% completed).
INFO (IGPH001): 20:55:12 Creating Graph (40% completed).
INFO (IGPH001): 20:55:12 Creating Graph (50% completed).
INFO (IGPH001): 20:55:12 Creating Graph (60% completed).
INFO (IGPH001): 20:55:12 Creating Graph (70% completed).
INFO (IGPH001): 20:55:12 Creating Graph (80% completed).
INFO (IGPH001): 20:55:13 Creating Graph (90% completed).
INFO (IGPH001): 20:55:13 Creating Graph (100% completed).
WARNING (WGPH001): No path between "ex_stage_i.lsu_i.load_pc_o" and "issue_stage_i.i_scoreboard.mem_q[3].sbe.pc" exists.
ex_stage_i.lsu_i.load_pc_o issue_stage_i.i_scoreboard.mem_q[3].sbe.pc, 
wire flop
--------------------------------
INFO (IGPH001): 20:55:13 Creating Graph (10% completed).
INFO (IGPH001): 20:55:13 Creating Graph (20% completed).
INFO (IGPH001): 20:55:13 Creating Graph (30% completed).
INFO (IGPH001): 20:55:13 Creating Graph (40% completed).
INFO (IGPH001): 20:55:13 Creating Graph (50% completed).
INFO (IGPH001): 20:55:13 Creating Graph (60% completed).
INFO (IGPH001): 20:55:13 Creating Graph (70% completed).
INFO (IGPH001): 20:55:13 Creating Graph (80% completed).
INFO (IGPH001): 20:55:14 Creating Graph (90% completed).
INFO (IGPH001): 20:55:14 Creating Graph (100% completed).
WARNING (WGPH001): No path between "ex_stage_i.lsu_i.load_pc_o" and "ex_stage_i.lsu_i.i_store_unit.store_buffer_i.commit_queue_q[0].pc" exists.
ex_stage_i.lsu_i.load_pc_o ex_stage_i.lsu_i.i_store_unit.store_buffer_i.commit_queue_q[0].pc, 
wire flop
--------------------------------
INFO (IGPH001): 20:55:14 Creating Graph (10% completed).
INFO (IGPH001): 20:55:14 Creating Graph (20% completed).
INFO (IGPH001): 20:55:14 Creating Graph (30% completed).
INFO (IGPH001): 20:55:14 Creating Graph (40% completed).
INFO (IGPH001): 20:55:14 Creating Graph (50% completed).
INFO (IGPH001): 20:55:14 Creating Graph (60% completed).
INFO (IGPH001): 20:55:14 Creating Graph (70% completed).
INFO (IGPH001): 20:55:14 Creating Graph (80% completed).
INFO (IGPH001): 20:55:15 Creating Graph (90% completed).
INFO (IGPH001): 20:55:15 Creating Graph (100% completed).
WARNING (WGPH001): No path between "ex_stage_i.lsu_i.load_pc_o" and "ex_stage_i.lsu_i.i_store_unit.store_buffer_i.commit_queue_q[1].pc" exists.
ex_stage_i.lsu_i.load_pc_o ex_stage_i.lsu_i.i_store_unit.store_buffer_i.commit_queue_q[1].pc, 
wire flop
--------------------------------
INFO (IGPH001): 20:55:15 Creating Graph (10% completed).
INFO (IGPH001): 20:55:15 Creating Graph (20% completed).
INFO (IGPH001): 20:55:15 Creating Graph (30% completed).
INFO (IGPH001): 20:55:15 Creating Graph (40% completed).
INFO (IGPH001): 20:55:15 Creating Graph (50% completed).
INFO (IGPH001): 20:55:15 Creating Graph (60% completed).
INFO (IGPH001): 20:55:15 Creating Graph (70% completed).
INFO (IGPH001): 20:55:15 Creating Graph (80% completed).
INFO (IGPH001): 20:55:16 Creating Graph (90% completed).
INFO (IGPH001): 20:55:16 Creating Graph (100% completed).
WARNING (WGPH001): No path between "ex_stage_i.lsu_i.load_pc_o" and "ex_stage_i.lsu_i.i_store_unit.store_buffer_i.speculative_queue_q[0].pc" exists.
ex_stage_i.lsu_i.load_pc_o ex_stage_i.lsu_i.i_store_unit.store_buffer_i.speculative_queue_q[0].pc, 
wire flop
--------------------------------
INFO (IGPH001): 20:55:16 Creating Graph (10% completed).
INFO (IGPH001): 20:55:16 Creating Graph (20% completed).
INFO (IGPH001): 20:55:16 Creating Graph (30% completed).
INFO (IGPH001): 20:55:16 Creating Graph (40% completed).
INFO (IGPH001): 20:55:16 Creating Graph (50% completed).
INFO (IGPH001): 20:55:16 Creating Graph (60% completed).
INFO (IGPH001): 20:55:16 Creating Graph (70% completed).
INFO (IGPH001): 20:55:16 Creating Graph (80% completed).
INFO (IGPH001): 20:55:16 Creating Graph (90% completed).
INFO (IGPH001): 20:55:16 Creating Graph (100% completed).
WARNING (WGPH001): No path between "ex_stage_i.lsu_i.load_pc_o" and "ex_stage_i.lsu_i.i_store_unit.store_buffer_i.speculative_queue_q[1].pc" exists.
ex_stage_i.lsu_i.load_pc_o ex_stage_i.lsu_i.i_store_unit.store_buffer_i.speculative_queue_q[1].pc, 
wire flop
--------------------------------
INFO (IGPH001): 20:55:17 Creating Graph (10% completed).
INFO (IGPH001): 20:55:17 Creating Graph (20% completed).
INFO (IGPH001): 20:55:17 Creating Graph (30% completed).
INFO (IGPH001): 20:55:17 Creating Graph (40% completed).
INFO (IGPH001): 20:55:17 Creating Graph (50% completed).
INFO (IGPH001): 20:55:17 Creating Graph (60% completed).
INFO (IGPH001): 20:55:17 Creating Graph (70% completed).
INFO (IGPH001): 20:55:17 Creating Graph (80% completed).
INFO (IGPH001): 20:55:17 Creating Graph (90% completed).
INFO (IGPH001): 20:55:17 Creating Graph (100% completed).
WARNING (WGPH001): No path between "ex_stage_i.lsu_i.load_pc_o" and "ex_stage_i.lsu_i.i_load_unit.load_data_q.ld_pc" exists.
ex_stage_i.lsu_i.load_pc_o ex_stage_i.lsu_i.i_load_unit.load_data_q.ld_pc, 
wire flop
--------------------------------
INFO (IGPH001): 20:55:17 Creating Graph (10% completed).
INFO (IGPH001): 20:55:17 Creating Graph (20% completed).
INFO (IGPH001): 20:55:17 Creating Graph (30% completed).
INFO (IGPH001): 20:55:17 Creating Graph (40% completed).
INFO (IGPH001): 20:55:17 Creating Graph (50% completed).
INFO (IGPH001): 20:55:17 Creating Graph (60% completed).
INFO (IGPH001): 20:55:17 Creating Graph (70% completed).
INFO (IGPH001): 20:55:17 Creating Graph (80% completed).
INFO (IGPH001): 20:55:18 Creating Graph (90% completed).
INFO (IGPH001): 20:55:18 Creating Graph (100% completed).
WARNING (WGPH001): No path between "ex_stage_i.lsu_i.load_pc_o" and "ex_stage_i.lsu_i.i_store_unit.st_pc_q" exists.
ex_stage_i.lsu_i.load_pc_o ex_stage_i.lsu_i.i_store_unit.st_pc_q, 
wire flop
--------------------------------
INFO (IGPH001): 20:55:18 Creating Graph (10% completed).
INFO (IGPH001): 20:55:18 Creating Graph (20% completed).
INFO (IGPH001): 20:55:18 Creating Graph (30% completed).
INFO (IGPH001): 20:55:18 Creating Graph (40% completed).
INFO (IGPH001): 20:55:18 Creating Graph (50% completed).
INFO (IGPH001): 20:55:18 Creating Graph (60% completed).
INFO (IGPH001): 20:55:18 Creating Graph (70% completed).
INFO (IGPH001): 20:55:18 Creating Graph (80% completed).
INFO (IGPH001): 20:55:19 Creating Graph (90% completed).
INFO (IGPH001): 20:55:19 Creating Graph (100% completed).
WARNING (WGPH001): No path between "ex_stage_i.lsu_i.load_pc_o" and "ex_stage_i.csr_buffer_i.csr_reg_q.pc" exists.
ex_stage_i.lsu_i.load_pc_o ex_stage_i.csr_buffer_i.csr_reg_q.pc, 
wire flop
--------------------------------
INFO (IGPH001): 20:55:19 Creating Graph (10% completed).
INFO (IGPH001): 20:55:19 Creating Graph (20% completed).
INFO (IGPH001): 20:55:19 Creating Graph (30% completed).
INFO (IGPH001): 20:55:19 Creating Graph (40% completed).
INFO (IGPH001): 20:55:19 Creating Graph (50% completed).
INFO (IGPH001): 20:55:19 Creating Graph (60% completed).
INFO (IGPH001): 20:55:19 Creating Graph (70% completed).
INFO (IGPH001): 20:55:19 Creating Graph (80% completed).
INFO (IGPH001): 20:55:20 Creating Graph (90% completed).
INFO (IGPH001): 20:55:20 Creating Graph (100% completed).
WARNING (WGPH001): No path between "ex_stage_i.lsu_i.load_pc_o" and "ex_stage_i.i_mult.i_multiplier.pc_q" exists.
ex_stage_i.lsu_i.load_pc_o ex_stage_i.i_mult.i_multiplier.pc_q, 
wire flop
--------------------------------
INFO (IGPH001): 20:55:20 Creating Graph (20% completed).
INFO (IGPH001): 20:55:20 Creating Graph (30% completed).
INFO (IGPH001): 20:55:20 Creating Graph (40% completed).
INFO (IGPH001): 20:55:20 Creating Graph (50% completed).
INFO (IGPH001): 20:55:20 Creating Graph (60% completed).
INFO (IGPH001): 20:55:20 Creating Graph (70% completed).
INFO (IGPH001): 20:55:20 Creating Graph (80% completed).
INFO (IGPH001): 20:55:21 Creating Graph (90% completed).
INFO (IGPH001): 20:55:21 Creating Graph (100% completed).
WARNING (WGPH001): No path between "ex_stage_i.lsu_i.load_pc_o" and "ex_stage_i.lsu_i.i_load_unit.lsu_ctrl_i.pc" exists.
ex_stage_i.lsu_i.load_pc_o ex_stage_i.lsu_i.i_load_unit.lsu_ctrl_i.pc, 
wire wire
--------------------------------
INFO (IGPH001): 20:55:21 Creating Graph (10% completed).
INFO (IGPH001): 20:55:21 Creating Graph (20% completed).
INFO (IGPH001): 20:55:21 Creating Graph (30% completed).
INFO (IGPH001): 20:55:21 Creating Graph (40% completed).
INFO (IGPH001): 20:55:21 Creating Graph (50% completed).
INFO (IGPH001): 20:55:21 Creating Graph (60% completed).
INFO (IGPH001): 20:55:21 Creating Graph (70% completed).
INFO (IGPH001): 20:55:21 Creating Graph (80% completed).
INFO (IGPH001): 20:55:21 Creating Graph (90% completed).
INFO (IGPH001): 20:55:21 Creating Graph (100% completed).
WARNING (WGPH001): No path between "ex_stage_i.lsu_i.load_pc_o" and "ex_stage_i.lsu_i.i_ord_sram.pc_i" exists.
ex_stage_i.lsu_i.load_pc_o ex_stage_i.lsu_i.i_ord_sram.pc_i, 
wire wire
--------------------------------
INFO (IGPH001): 20:55:21 Creating Graph (10% completed).
INFO (IGPH001): 20:55:21 Creating Graph (20% completed).
INFO (IGPH001): 20:55:21 Creating Graph (30% completed).
INFO (IGPH001): 20:55:21 Creating Graph (40% completed).
INFO (IGPH001): 20:55:21 Creating Graph (50% completed).
INFO (IGPH001): 20:55:21 Creating Graph (60% completed).
INFO (IGPH001): 20:55:21 Creating Graph (70% completed).
INFO (IGPH001): 20:55:21 Creating Graph (80% completed).
INFO (IGPH001): 20:55:22 Creating Graph (90% completed).
INFO (IGPH001): 20:55:22 Creating Graph (100% completed).
WARNING (WGPH001): No path between "ex_stage_i.csr_buffer_i.csr_reg_q.pc" and "ex_stage_i.i_mult.i_div.pc_q" exists.
ex_stage_i.csr_buffer_i.csr_reg_q.pc ex_stage_i.i_mult.i_div.pc_q, 
flop flop
--------------------------------
INFO (IGPH001): 20:55:22 Creating Graph (10% completed).
INFO (IGPH001): 20:55:22 Creating Graph (20% completed).
INFO (IGPH001): 20:55:22 Creating Graph (30% completed).
INFO (IGPH001): 20:55:22 Creating Graph (40% completed).
INFO (IGPH001): 20:55:22 Creating Graph (50% completed).
INFO (IGPH001): 20:55:22 Creating Graph (60% completed).
INFO (IGPH001): 20:55:22 Creating Graph (70% completed).
INFO (IGPH001): 20:55:22 Creating Graph (80% completed).
INFO (IGPH001): 20:55:23 Creating Graph (90% completed).
INFO (IGPH001): 20:55:23 Creating Graph (100% completed).
WARNING (WGPH001): No path between "ex_stage_i.csr_buffer_i.csr_reg_q.pc" and "id_stage_i.issue_q.sbe.pc" exists.
ex_stage_i.csr_buffer_i.csr_reg_q.pc id_stage_i.issue_q.sbe.pc, 
flop flop
--------------------------------
INFO (IGPH001): 20:55:23 Creating Graph (10% completed).
INFO (IGPH001): 20:55:23 Creating Graph (20% completed).
INFO (IGPH001): 20:55:23 Creating Graph (30% completed).
INFO (IGPH001): 20:55:23 Creating Graph (40% completed).
INFO (IGPH001): 20:55:23 Creating Graph (50% completed).
INFO (IGPH001): 20:55:23 Creating Graph (60% completed).
INFO (IGPH001): 20:55:23 Creating Graph (70% completed).
INFO (IGPH001): 20:55:23 Creating Graph (80% completed).
INFO (IGPH001): 20:55:24 Creating Graph (90% completed).
INFO (IGPH001): 20:55:24 Creating Graph (100% completed).
WARNING (WGPH001): No path between "ex_stage_i.csr_buffer_i.csr_reg_q.pc" and "issue_stage_i.i_issue_read_operands.pc_o" exists.
ex_stage_i.csr_buffer_i.csr_reg_q.pc issue_stage_i.i_issue_read_operands.pc_o, 
flop flop
--------------------------------
INFO (IGPH001): 20:55:24 Creating Graph (10% completed).
INFO (IGPH001): 20:55:24 Creating Graph (20% completed).
INFO (IGPH001): 20:55:24 Creating Graph (30% completed).
INFO (IGPH001): 20:55:24 Creating Graph (40% completed).
INFO (IGPH001): 20:55:24 Creating Graph (50% completed).
INFO (IGPH001): 20:55:24 Creating Graph (60% completed).
INFO (IGPH001): 20:55:24 Creating Graph (70% completed).
INFO (IGPH001): 20:55:24 Creating Graph (80% completed).
INFO (IGPH001): 20:55:25 Creating Graph (90% completed).
INFO (IGPH001): 20:55:25 Creating Graph (100% completed).
WARNING (WGPH001): No path between "ex_stage_i.csr_buffer_i.csr_reg_q.pc" and "ex_stage_i.lsu_i.lsu_bypass_i.mem_q[0].pc" exists.
ex_stage_i.csr_buffer_i.csr_reg_q.pc ex_stage_i.lsu_i.lsu_bypass_i.mem_q[0].pc, 
flop flop
--------------------------------
INFO (IGPH001): 20:55:25 Creating Graph (10% completed).
INFO (IGPH001): 20:55:25 Creating Graph (20% completed).
INFO (IGPH001): 20:55:25 Creating Graph (30% completed).
INFO (IGPH001): 20:55:25 Creating Graph (40% completed).
INFO (IGPH001): 20:55:25 Creating Graph (50% completed).
INFO (IGPH001): 20:55:25 Creating Graph (60% completed).
INFO (IGPH001): 20:55:25 Creating Graph (70% completed).
INFO (IGPH001): 20:55:25 Creating Graph (80% completed).
INFO (IGPH001): 20:55:26 Creating Graph (90% completed).
INFO (IGPH001): 20:55:26 Creating Graph (100% completed).
WARNING (WGPH001): No path between "ex_stage_i.csr_buffer_i.csr_reg_q.pc" and "ex_stage_i.lsu_i.lsu_bypass_i.mem_q[1].pc" exists.
ex_stage_i.csr_buffer_i.csr_reg_q.pc ex_stage_i.lsu_i.lsu_bypass_i.mem_q[1].pc, 
flop flop
--------------------------------
INFO (IGPH001): 20:55:26 Creating Graph (10% completed).
INFO (IGPH001): 20:55:26 Creating Graph (20% completed).
INFO (IGPH001): 20:55:26 Creating Graph (30% completed).
INFO (IGPH001): 20:55:26 Creating Graph (40% completed).
INFO (IGPH001): 20:55:26 Creating Graph (50% completed).
INFO (IGPH001): 20:55:26 Creating Graph (60% completed).
INFO (IGPH001): 20:55:26 Creating Graph (70% completed).
INFO (IGPH001): 20:55:26 Creating Graph (80% completed).
INFO (IGPH001): 20:55:26 Creating Graph (90% completed).
INFO (IGPH001): 20:55:26 Creating Graph (100% completed).
WARNING (WGPH001): No path between "ex_stage_i.csr_buffer_i.csr_reg_q.pc" and "issue_stage_i.i_scoreboard.mem_q[0].sbe.pc" exists.
ex_stage_i.csr_buffer_i.csr_reg_q.pc issue_stage_i.i_scoreboard.mem_q[0].sbe.pc, 
flop flop
--------------------------------
INFO (IGPH001): 20:55:26 Creating Graph (10% completed).
INFO (IGPH001): 20:55:26 Creating Graph (20% completed).
INFO (IGPH001): 20:55:26 Creating Graph (30% completed).
INFO (IGPH001): 20:55:26 Creating Graph (40% completed).
INFO (IGPH001): 20:55:26 Creating Graph (50% completed).
INFO (IGPH001): 20:55:26 Creating Graph (60% completed).
INFO (IGPH001): 20:55:26 Creating Graph (70% completed).
INFO (IGPH001): 20:55:26 Creating Graph (80% completed).
INFO (IGPH001): 20:55:27 Creating Graph (90% completed).
INFO (IGPH001): 20:55:27 Creating Graph (100% completed).
WARNING (WGPH001): No path between "ex_stage_i.csr_buffer_i.csr_reg_q.pc" and "issue_stage_i.i_scoreboard.mem_q[1].sbe.pc" exists.
ex_stage_i.csr_buffer_i.csr_reg_q.pc issue_stage_i.i_scoreboard.mem_q[1].sbe.pc, 
flop flop
--------------------------------
INFO (IGPH001): 20:55:27 Creating Graph (10% completed).
INFO (IGPH001): 20:55:27 Creating Graph (20% completed).
INFO (IGPH001): 20:55:27 Creating Graph (30% completed).
INFO (IGPH001): 20:55:27 Creating Graph (40% completed).
INFO (IGPH001): 20:55:27 Creating Graph (50% completed).
INFO (IGPH001): 20:55:27 Creating Graph (60% completed).
INFO (IGPH001): 20:55:27 Creating Graph (70% completed).
INFO (IGPH001): 20:55:27 Creating Graph (80% completed).
INFO (IGPH001): 20:55:28 Creating Graph (90% completed).
INFO (IGPH001): 20:55:28 Creating Graph (100% completed).
WARNING (WGPH001): No path between "ex_stage_i.csr_buffer_i.csr_reg_q.pc" and "issue_stage_i.i_scoreboard.mem_q[2].sbe.pc" exists.
ex_stage_i.csr_buffer_i.csr_reg_q.pc issue_stage_i.i_scoreboard.mem_q[2].sbe.pc, 
flop flop
--------------------------------
INFO (IGPH001): 20:55:28 Creating Graph (10% completed).
INFO (IGPH001): 20:55:28 Creating Graph (20% completed).
INFO (IGPH001): 20:55:28 Creating Graph (30% completed).
INFO (IGPH001): 20:55:28 Creating Graph (40% completed).
INFO (IGPH001): 20:55:28 Creating Graph (50% completed).
INFO (IGPH001): 20:55:28 Creating Graph (60% completed).
INFO (IGPH001): 20:55:28 Creating Graph (70% completed).
INFO (IGPH001): 20:55:28 Creating Graph (80% completed).
INFO (IGPH001): 20:55:29 Creating Graph (90% completed).
INFO (IGPH001): 20:55:29 Creating Graph (100% completed).
WARNING (WGPH001): No path between "ex_stage_i.csr_buffer_i.csr_reg_q.pc" and "issue_stage_i.i_scoreboard.mem_q[3].sbe.pc" exists.
ex_stage_i.csr_buffer_i.csr_reg_q.pc issue_stage_i.i_scoreboard.mem_q[3].sbe.pc, 
flop flop
--------------------------------
INFO (IGPH001): 20:55:29 Creating Graph (10% completed).
INFO (IGPH001): 20:55:29 Creating Graph (20% completed).
INFO (IGPH001): 20:55:29 Creating Graph (30% completed).
INFO (IGPH001): 20:55:29 Creating Graph (40% completed).
INFO (IGPH001): 20:55:29 Creating Graph (50% completed).
INFO (IGPH001): 20:55:29 Creating Graph (60% completed).
INFO (IGPH001): 20:55:29 Creating Graph (70% completed).
INFO (IGPH001): 20:55:29 Creating Graph (80% completed).
INFO (IGPH001): 20:55:30 Creating Graph (90% completed).
INFO (IGPH001): 20:55:30 Creating Graph (100% completed).
WARNING (WGPH001): No path between "ex_stage_i.csr_buffer_i.csr_reg_q.pc" and "ex_stage_i.lsu_i.i_store_unit.store_buffer_i.commit_queue_q[0].pc" exists.
ex_stage_i.csr_buffer_i.csr_reg_q.pc ex_stage_i.lsu_i.i_store_unit.store_buffer_i.commit_queue_q[0].pc, 
flop flop
--------------------------------
INFO (IGPH001): 20:55:30 Creating Graph (10% completed).
INFO (IGPH001): 20:55:30 Creating Graph (20% completed).
INFO (IGPH001): 20:55:30 Creating Graph (30% completed).
INFO (IGPH001): 20:55:30 Creating Graph (40% completed).
INFO (IGPH001): 20:55:30 Creating Graph (50% completed).
INFO (IGPH001): 20:55:30 Creating Graph (60% completed).
INFO (IGPH001): 20:55:30 Creating Graph (70% completed).
INFO (IGPH001): 20:55:30 Creating Graph (80% completed).
INFO (IGPH001): 20:55:31 Creating Graph (90% completed).
INFO (IGPH001): 20:55:31 Creating Graph (100% completed).
WARNING (WGPH001): No path between "ex_stage_i.csr_buffer_i.csr_reg_q.pc" and "ex_stage_i.lsu_i.i_store_unit.store_buffer_i.commit_queue_q[1].pc" exists.
ex_stage_i.csr_buffer_i.csr_reg_q.pc ex_stage_i.lsu_i.i_store_unit.store_buffer_i.commit_queue_q[1].pc, 
flop flop
--------------------------------
INFO (IGPH001): 20:55:31 Creating Graph (10% completed).
INFO (IGPH001): 20:55:31 Creating Graph (20% completed).
INFO (IGPH001): 20:55:31 Creating Graph (30% completed).
INFO (IGPH001): 20:55:31 Creating Graph (40% completed).
INFO (IGPH001): 20:55:31 Creating Graph (50% completed).
INFO (IGPH001): 20:55:31 Creating Graph (60% completed).
INFO (IGPH001): 20:55:31 Creating Graph (70% completed).
INFO (IGPH001): 20:55:31 Creating Graph (80% completed).
INFO (IGPH001): 20:55:31 Creating Graph (90% completed).
INFO (IGPH001): 20:55:31 Creating Graph (100% completed).
WARNING (WGPH001): No path between "ex_stage_i.csr_buffer_i.csr_reg_q.pc" and "ex_stage_i.lsu_i.i_store_unit.store_buffer_i.speculative_queue_q[0].pc" exists.
ex_stage_i.csr_buffer_i.csr_reg_q.pc ex_stage_i.lsu_i.i_store_unit.store_buffer_i.speculative_queue_q[0].pc, 
flop flop
--------------------------------
INFO (IGPH001): 20:55:31 Creating Graph (10% completed).
INFO (IGPH001): 20:55:31 Creating Graph (20% completed).
INFO (IGPH001): 20:55:31 Creating Graph (30% completed).
INFO (IGPH001): 20:55:31 Creating Graph (40% completed).
INFO (IGPH001): 20:55:32 Creating Graph (50% completed).
INFO (IGPH001): 20:55:32 Creating Graph (60% completed).
INFO (IGPH001): 20:55:32 Creating Graph (70% completed).
INFO (IGPH001): 20:55:32 Creating Graph (80% completed).
INFO (IGPH001): 20:55:32 Creating Graph (90% completed).
INFO (IGPH001): 20:55:32 Creating Graph (100% completed).
WARNING (WGPH001): No path between "ex_stage_i.csr_buffer_i.csr_reg_q.pc" and "ex_stage_i.lsu_i.i_store_unit.store_buffer_i.speculative_queue_q[1].pc" exists.
ex_stage_i.csr_buffer_i.csr_reg_q.pc ex_stage_i.lsu_i.i_store_unit.store_buffer_i.speculative_queue_q[1].pc, 
flop flop
--------------------------------
INFO (IGPH001): 20:55:32 Creating Graph (10% completed).
INFO (IGPH001): 20:55:32 Creating Graph (20% completed).
INFO (IGPH001): 20:55:32 Creating Graph (30% completed).
INFO (IGPH001): 20:55:32 Creating Graph (40% completed).
INFO (IGPH001): 20:55:32 Creating Graph (50% completed).
INFO (IGPH001): 20:55:32 Creating Graph (60% completed).
INFO (IGPH001): 20:55:32 Creating Graph (70% completed).
INFO (IGPH001): 20:55:32 Creating Graph (80% completed).
INFO (IGPH001): 20:55:33 Creating Graph (90% completed).
INFO (IGPH001): 20:55:33 Creating Graph (100% completed).
WARNING (WGPH001): No path between "ex_stage_i.csr_buffer_i.csr_reg_q.pc" and "ex_stage_i.lsu_i.i_load_unit.load_data_q.ld_pc" exists.
ex_stage_i.csr_buffer_i.csr_reg_q.pc ex_stage_i.lsu_i.i_load_unit.load_data_q.ld_pc, 
flop flop
--------------------------------
INFO (IGPH001): 20:55:33 Creating Graph (10% completed).
INFO (IGPH001): 20:55:33 Creating Graph (20% completed).
INFO (IGPH001): 20:55:33 Creating Graph (30% completed).
INFO (IGPH001): 20:55:33 Creating Graph (40% completed).
INFO (IGPH001): 20:55:33 Creating Graph (50% completed).
INFO (IGPH001): 20:55:33 Creating Graph (60% completed).
INFO (IGPH001): 20:55:33 Creating Graph (70% completed).
INFO (IGPH001): 20:55:33 Creating Graph (80% completed).
INFO (IGPH001): 20:55:34 Creating Graph (90% completed).
INFO (IGPH001): 20:55:34 Creating Graph (100% completed).
WARNING (WGPH001): No path between "ex_stage_i.csr_buffer_i.csr_reg_q.pc" and "ex_stage_i.lsu_i.i_store_unit.st_pc_q" exists.
ex_stage_i.csr_buffer_i.csr_reg_q.pc ex_stage_i.lsu_i.i_store_unit.st_pc_q, 
flop flop
--------------------------------
INFO (IGPH001): 20:55:34 Creating Graph (10% completed).
INFO (IGPH001): 20:55:34 Creating Graph (20% completed).
INFO (IGPH001): 20:55:34 Creating Graph (30% completed).
INFO (IGPH001): 20:55:34 Creating Graph (40% completed).
INFO (IGPH001): 20:55:34 Creating Graph (50% completed).
INFO (IGPH001): 20:55:34 Creating Graph (60% completed).
INFO (IGPH001): 20:55:34 Creating Graph (70% completed).
INFO (IGPH001): 20:55:34 Creating Graph (80% completed).
INFO (IGPH001): 20:55:35 Creating Graph (90% completed).
INFO (IGPH001): 20:55:35 Creating Graph (100% completed).
WARNING (WGPH001): No path between "ex_stage_i.csr_buffer_i.csr_reg_q.pc" and "ex_stage_i.lsu_i.load_pc_o" exists.
ex_stage_i.csr_buffer_i.csr_reg_q.pc ex_stage_i.lsu_i.load_pc_o, 
flop wire
--------------------------------
INFO (IGPH001): 20:55:35 Creating Graph (10% completed).
INFO (IGPH001): 20:55:35 Creating Graph (20% completed).
INFO (IGPH001): 20:55:35 Creating Graph (30% completed).
INFO (IGPH001): 20:55:35 Creating Graph (40% completed).
INFO (IGPH001): 20:55:35 Creating Graph (50% completed).
INFO (IGPH001): 20:55:35 Creating Graph (60% completed).
INFO (IGPH001): 20:55:35 Creating Graph (70% completed).
INFO (IGPH001): 20:55:35 Creating Graph (80% completed).
INFO (IGPH001): 20:55:35 Creating Graph (90% completed).
INFO (IGPH001): 20:55:36 Creating Graph (100% completed).
WARNING (WGPH001): No path between "ex_stage_i.csr_buffer_i.csr_reg_q.pc" and "ex_stage_i.i_mult.i_multiplier.pc_q" exists.
ex_stage_i.csr_buffer_i.csr_reg_q.pc ex_stage_i.i_mult.i_multiplier.pc_q, 
flop flop
--------------------------------
INFO (IGPH001): 20:55:36 Creating Graph (20% completed).
INFO (IGPH001): 20:55:36 Creating Graph (30% completed).
INFO (IGPH001): 20:55:36 Creating Graph (40% completed).
INFO (IGPH001): 20:55:36 Creating Graph (50% completed).
INFO (IGPH001): 20:55:36 Creating Graph (60% completed).
INFO (IGPH001): 20:55:36 Creating Graph (70% completed).
INFO (IGPH001): 20:55:36 Creating Graph (80% completed).
INFO (IGPH001): 20:55:36 Creating Graph (90% completed).
INFO (IGPH001): 20:55:36 Creating Graph (100% completed).
WARNING (WGPH001): No path between "ex_stage_i.csr_buffer_i.csr_reg_q.pc" and "ex_stage_i.lsu_i.i_load_unit.lsu_ctrl_i.pc" exists.
ex_stage_i.csr_buffer_i.csr_reg_q.pc ex_stage_i.lsu_i.i_load_unit.lsu_ctrl_i.pc, 
flop wire
--------------------------------
INFO (IGPH001): 20:55:36 Creating Graph (10% completed).
INFO (IGPH001): 20:55:36 Creating Graph (20% completed).
INFO (IGPH001): 20:55:36 Creating Graph (30% completed).
INFO (IGPH001): 20:55:36 Creating Graph (40% completed).
INFO (IGPH001): 20:55:36 Creating Graph (50% completed).
INFO (IGPH001): 20:55:36 Creating Graph (60% completed).
INFO (IGPH001): 20:55:36 Creating Graph (70% completed).
INFO (IGPH001): 20:55:36 Creating Graph (80% completed).
INFO (IGPH001): 20:55:37 Creating Graph (90% completed).
INFO (IGPH001): 20:55:37 Creating Graph (100% completed).
WARNING (WGPH001): No path between "ex_stage_i.csr_buffer_i.csr_reg_q.pc" and "ex_stage_i.lsu_i.i_ord_sram.pc_i" exists.
ex_stage_i.csr_buffer_i.csr_reg_q.pc ex_stage_i.lsu_i.i_ord_sram.pc_i, 
flop wire
--------------------------------
INFO (IGPH001): 20:55:37 Creating Graph (10% completed).
INFO (IGPH001): 20:55:37 Creating Graph (20% completed).
INFO (IGPH001): 20:55:37 Creating Graph (30% completed).
INFO (IGPH001): 20:55:37 Creating Graph (40% completed).
INFO (IGPH001): 20:55:37 Creating Graph (50% completed).
INFO (IGPH001): 20:55:37 Creating Graph (60% completed).
INFO (IGPH001): 20:55:37 Creating Graph (70% completed).
INFO (IGPH001): 20:55:37 Creating Graph (80% completed).
INFO (IGPH001): 20:55:38 Creating Graph (90% completed).
INFO (IGPH001): 20:55:38 Creating Graph (100% completed).
WARNING (WGPH001): No path between "ex_stage_i.i_mult.i_multiplier.pc_q" and "ex_stage_i.i_mult.i_div.pc_q" exists.
ex_stage_i.i_mult.i_multiplier.pc_q ex_stage_i.i_mult.i_div.pc_q, 
flop flop
--------------------------------
INFO (IGPH001): 20:55:38 Creating Graph (10% completed).
INFO (IGPH001): 20:55:38 Creating Graph (20% completed).
INFO (IGPH001): 20:55:38 Creating Graph (30% completed).
INFO (IGPH001): 20:55:38 Creating Graph (40% completed).
INFO (IGPH001): 20:55:38 Creating Graph (50% completed).
INFO (IGPH001): 20:55:38 Creating Graph (60% completed).
INFO (IGPH001): 20:55:38 Creating Graph (70% completed).
INFO (IGPH001): 20:55:38 Creating Graph (80% completed).
INFO (IGPH001): 20:55:39 Creating Graph (90% completed).
INFO (IGPH001): 20:55:39 Creating Graph (100% completed).
WARNING (WGPH001): No path between "ex_stage_i.i_mult.i_multiplier.pc_q" and "id_stage_i.issue_q.sbe.pc" exists.
ex_stage_i.i_mult.i_multiplier.pc_q id_stage_i.issue_q.sbe.pc, 
flop flop
--------------------------------
INFO (IGPH001): 20:55:39 Creating Graph (10% completed).
INFO (IGPH001): 20:55:39 Creating Graph (20% completed).
INFO (IGPH001): 20:55:39 Creating Graph (30% completed).
INFO (IGPH001): 20:55:39 Creating Graph (40% completed).
INFO (IGPH001): 20:55:39 Creating Graph (50% completed).
INFO (IGPH001): 20:55:39 Creating Graph (60% completed).
INFO (IGPH001): 20:55:39 Creating Graph (70% completed).
INFO (IGPH001): 20:55:39 Creating Graph (80% completed).
INFO (IGPH001): 20:55:40 Creating Graph (90% completed).
INFO (IGPH001): 20:55:40 Creating Graph (100% completed).
WARNING (WGPH001): No path between "ex_stage_i.i_mult.i_multiplier.pc_q" and "issue_stage_i.i_issue_read_operands.pc_o" exists.
ex_stage_i.i_mult.i_multiplier.pc_q issue_stage_i.i_issue_read_operands.pc_o, 
flop flop
--------------------------------
INFO (IGPH001): 20:55:40 Creating Graph (10% completed).
INFO (IGPH001): 20:55:40 Creating Graph (20% completed).
INFO (IGPH001): 20:55:40 Creating Graph (30% completed).
INFO (IGPH001): 20:55:40 Creating Graph (40% completed).
INFO (IGPH001): 20:55:40 Creating Graph (50% completed).
INFO (IGPH001): 20:55:40 Creating Graph (60% completed).
INFO (IGPH001): 20:55:40 Creating Graph (70% completed).
INFO (IGPH001): 20:55:40 Creating Graph (80% completed).
INFO (IGPH001): 20:55:40 Creating Graph (90% completed).
INFO (IGPH001): 20:55:41 Creating Graph (100% completed).
WARNING (WGPH001): No path between "ex_stage_i.i_mult.i_multiplier.pc_q" and "ex_stage_i.lsu_i.lsu_bypass_i.mem_q[0].pc" exists.
ex_stage_i.i_mult.i_multiplier.pc_q ex_stage_i.lsu_i.lsu_bypass_i.mem_q[0].pc, 
flop flop
--------------------------------
INFO (IGPH001): 20:55:41 Creating Graph (10% completed).
INFO (IGPH001): 20:55:41 Creating Graph (20% completed).
INFO (IGPH001): 20:55:41 Creating Graph (30% completed).
INFO (IGPH001): 20:55:41 Creating Graph (40% completed).
INFO (IGPH001): 20:55:41 Creating Graph (50% completed).
INFO (IGPH001): 20:55:41 Creating Graph (60% completed).
INFO (IGPH001): 20:55:41 Creating Graph (70% completed).
INFO (IGPH001): 20:55:41 Creating Graph (80% completed).
INFO (IGPH001): 20:55:41 Creating Graph (90% completed).
INFO (IGPH001): 20:55:41 Creating Graph (100% completed).
WARNING (WGPH001): No path between "ex_stage_i.i_mult.i_multiplier.pc_q" and "ex_stage_i.lsu_i.lsu_bypass_i.mem_q[1].pc" exists.
ex_stage_i.i_mult.i_multiplier.pc_q ex_stage_i.lsu_i.lsu_bypass_i.mem_q[1].pc, 
flop flop
--------------------------------
INFO (IGPH001): 20:55:41 Creating Graph (10% completed).
INFO (IGPH001): 20:55:41 Creating Graph (20% completed).
INFO (IGPH001): 20:55:41 Creating Graph (30% completed).
INFO (IGPH001): 20:55:41 Creating Graph (40% completed).
INFO (IGPH001): 20:55:41 Creating Graph (50% completed).
INFO (IGPH001): 20:55:41 Creating Graph (60% completed).
INFO (IGPH001): 20:55:41 Creating Graph (70% completed).
INFO (IGPH001): 20:55:41 Creating Graph (80% completed).
INFO (IGPH001): 20:55:42 Creating Graph (90% completed).
INFO (IGPH001): 20:55:42 Creating Graph (100% completed).
WARNING (WGPH001): No path between "ex_stage_i.i_mult.i_multiplier.pc_q" and "issue_stage_i.i_scoreboard.mem_q[0].sbe.pc" exists.
ex_stage_i.i_mult.i_multiplier.pc_q issue_stage_i.i_scoreboard.mem_q[0].sbe.pc, 
flop flop
--------------------------------
INFO (IGPH001): 20:55:42 Creating Graph (10% completed).
INFO (IGPH001): 20:55:42 Creating Graph (20% completed).
INFO (IGPH001): 20:55:42 Creating Graph (30% completed).
INFO (IGPH001): 20:55:42 Creating Graph (40% completed).
INFO (IGPH001): 20:55:42 Creating Graph (50% completed).
INFO (IGPH001): 20:55:42 Creating Graph (60% completed).
INFO (IGPH001): 20:55:42 Creating Graph (70% completed).
INFO (IGPH001): 20:55:42 Creating Graph (80% completed).
INFO (IGPH001): 20:55:43 Creating Graph (90% completed).
INFO (IGPH001): 20:55:43 Creating Graph (100% completed).
WARNING (WGPH001): No path between "ex_stage_i.i_mult.i_multiplier.pc_q" and "issue_stage_i.i_scoreboard.mem_q[1].sbe.pc" exists.
ex_stage_i.i_mult.i_multiplier.pc_q issue_stage_i.i_scoreboard.mem_q[1].sbe.pc, 
flop flop
--------------------------------
INFO (IGPH001): 20:55:43 Creating Graph (10% completed).
INFO (IGPH001): 20:55:43 Creating Graph (20% completed).
INFO (IGPH001): 20:55:43 Creating Graph (30% completed).
INFO (IGPH001): 20:55:43 Creating Graph (40% completed).
INFO (IGPH001): 20:55:43 Creating Graph (50% completed).
INFO (IGPH001): 20:55:43 Creating Graph (60% completed).
INFO (IGPH001): 20:55:43 Creating Graph (70% completed).
INFO (IGPH001): 20:55:43 Creating Graph (80% completed).
INFO (IGPH001): 20:55:44 Creating Graph (90% completed).
INFO (IGPH001): 20:55:44 Creating Graph (100% completed).
WARNING (WGPH001): No path between "ex_stage_i.i_mult.i_multiplier.pc_q" and "issue_stage_i.i_scoreboard.mem_q[2].sbe.pc" exists.
ex_stage_i.i_mult.i_multiplier.pc_q issue_stage_i.i_scoreboard.mem_q[2].sbe.pc, 
flop flop
--------------------------------
INFO (IGPH001): 20:55:44 Creating Graph (10% completed).
INFO (IGPH001): 20:55:44 Creating Graph (20% completed).
INFO (IGPH001): 20:55:44 Creating Graph (30% completed).
INFO (IGPH001): 20:55:44 Creating Graph (40% completed).
INFO (IGPH001): 20:55:44 Creating Graph (50% completed).
INFO (IGPH001): 20:55:44 Creating Graph (60% completed).
INFO (IGPH001): 20:55:44 Creating Graph (70% completed).
INFO (IGPH001): 20:55:44 Creating Graph (80% completed).
INFO (IGPH001): 20:55:45 Creating Graph (90% completed).
INFO (IGPH001): 20:55:45 Creating Graph (100% completed).
WARNING (WGPH001): No path between "ex_stage_i.i_mult.i_multiplier.pc_q" and "issue_stage_i.i_scoreboard.mem_q[3].sbe.pc" exists.
ex_stage_i.i_mult.i_multiplier.pc_q issue_stage_i.i_scoreboard.mem_q[3].sbe.pc, 
flop flop
--------------------------------
INFO (IGPH001): 20:55:45 Creating Graph (10% completed).
INFO (IGPH001): 20:55:45 Creating Graph (20% completed).
INFO (IGPH001): 20:55:45 Creating Graph (30% completed).
INFO (IGPH001): 20:55:45 Creating Graph (40% completed).
INFO (IGPH001): 20:55:45 Creating Graph (50% completed).
INFO (IGPH001): 20:55:45 Creating Graph (60% completed).
INFO (IGPH001): 20:55:45 Creating Graph (70% completed).
INFO (IGPH001): 20:55:45 Creating Graph (80% completed).
INFO (IGPH001): 20:55:45 Creating Graph (90% completed).
INFO (IGPH001): 20:55:45 Creating Graph (100% completed).
WARNING (WGPH001): No path between "ex_stage_i.i_mult.i_multiplier.pc_q" and "ex_stage_i.lsu_i.i_store_unit.store_buffer_i.commit_queue_q[0].pc" exists.
ex_stage_i.i_mult.i_multiplier.pc_q ex_stage_i.lsu_i.i_store_unit.store_buffer_i.commit_queue_q[0].pc, 
flop flop
--------------------------------
INFO (IGPH001): 20:55:46 Creating Graph (10% completed).
INFO (IGPH001): 20:55:46 Creating Graph (20% completed).
INFO (IGPH001): 20:55:46 Creating Graph (30% completed).
INFO (IGPH001): 20:55:46 Creating Graph (40% completed).
INFO (IGPH001): 20:55:46 Creating Graph (50% completed).
INFO (IGPH001): 20:55:46 Creating Graph (60% completed).
INFO (IGPH001): 20:55:46 Creating Graph (70% completed).
INFO (IGPH001): 20:55:46 Creating Graph (80% completed).
INFO (IGPH001): 20:55:46 Creating Graph (90% completed).
INFO (IGPH001): 20:55:46 Creating Graph (100% completed).
WARNING (WGPH001): No path between "ex_stage_i.i_mult.i_multiplier.pc_q" and "ex_stage_i.lsu_i.i_store_unit.store_buffer_i.commit_queue_q[1].pc" exists.
ex_stage_i.i_mult.i_multiplier.pc_q ex_stage_i.lsu_i.i_store_unit.store_buffer_i.commit_queue_q[1].pc, 
flop flop
--------------------------------
INFO (IGPH001): 20:55:46 Creating Graph (10% completed).
INFO (IGPH001): 20:55:46 Creating Graph (20% completed).
INFO (IGPH001): 20:55:46 Creating Graph (30% completed).
INFO (IGPH001): 20:55:46 Creating Graph (40% completed).
INFO (IGPH001): 20:55:46 Creating Graph (50% completed).
INFO (IGPH001): 20:55:46 Creating Graph (60% completed).
INFO (IGPH001): 20:55:46 Creating Graph (70% completed).
INFO (IGPH001): 20:55:46 Creating Graph (80% completed).
INFO (IGPH001): 20:55:47 Creating Graph (90% completed).
INFO (IGPH001): 20:55:47 Creating Graph (100% completed).
WARNING (WGPH001): No path between "ex_stage_i.i_mult.i_multiplier.pc_q" and "ex_stage_i.lsu_i.i_store_unit.store_buffer_i.speculative_queue_q[0].pc" exists.
ex_stage_i.i_mult.i_multiplier.pc_q ex_stage_i.lsu_i.i_store_unit.store_buffer_i.speculative_queue_q[0].pc, 
flop flop
--------------------------------
INFO (IGPH001): 20:55:47 Creating Graph (10% completed).
INFO (IGPH001): 20:55:47 Creating Graph (20% completed).
INFO (IGPH001): 20:55:47 Creating Graph (30% completed).
INFO (IGPH001): 20:55:47 Creating Graph (40% completed).
INFO (IGPH001): 20:55:47 Creating Graph (50% completed).
INFO (IGPH001): 20:55:47 Creating Graph (60% completed).
INFO (IGPH001): 20:55:47 Creating Graph (70% completed).
INFO (IGPH001): 20:55:47 Creating Graph (80% completed).
INFO (IGPH001): 20:55:48 Creating Graph (90% completed).
INFO (IGPH001): 20:55:48 Creating Graph (100% completed).
WARNING (WGPH001): No path between "ex_stage_i.i_mult.i_multiplier.pc_q" and "ex_stage_i.lsu_i.i_store_unit.store_buffer_i.speculative_queue_q[1].pc" exists.
ex_stage_i.i_mult.i_multiplier.pc_q ex_stage_i.lsu_i.i_store_unit.store_buffer_i.speculative_queue_q[1].pc, 
flop flop
--------------------------------
INFO (IGPH001): 20:55:48 Creating Graph (10% completed).
INFO (IGPH001): 20:55:48 Creating Graph (20% completed).
INFO (IGPH001): 20:55:48 Creating Graph (30% completed).
INFO (IGPH001): 20:55:48 Creating Graph (40% completed).
INFO (IGPH001): 20:55:48 Creating Graph (50% completed).
INFO (IGPH001): 20:55:48 Creating Graph (60% completed).
INFO (IGPH001): 20:55:48 Creating Graph (70% completed).
INFO (IGPH001): 20:55:48 Creating Graph (80% completed).
INFO (IGPH001): 20:55:49 Creating Graph (90% completed).
INFO (IGPH001): 20:55:49 Creating Graph (100% completed).
WARNING (WGPH001): No path between "ex_stage_i.i_mult.i_multiplier.pc_q" and "ex_stage_i.lsu_i.i_load_unit.load_data_q.ld_pc" exists.
ex_stage_i.i_mult.i_multiplier.pc_q ex_stage_i.lsu_i.i_load_unit.load_data_q.ld_pc, 
flop flop
--------------------------------
INFO (IGPH001): 20:55:49 Creating Graph (10% completed).
INFO (IGPH001): 20:55:49 Creating Graph (20% completed).
INFO (IGPH001): 20:55:49 Creating Graph (30% completed).
INFO (IGPH001): 20:55:49 Creating Graph (40% completed).
INFO (IGPH001): 20:55:49 Creating Graph (50% completed).
INFO (IGPH001): 20:55:49 Creating Graph (60% completed).
INFO (IGPH001): 20:55:49 Creating Graph (70% completed).
INFO (IGPH001): 20:55:49 Creating Graph (80% completed).
INFO (IGPH001): 20:55:50 Creating Graph (90% completed).
INFO (IGPH001): 20:55:50 Creating Graph (100% completed).
WARNING (WGPH001): No path between "ex_stage_i.i_mult.i_multiplier.pc_q" and "ex_stage_i.lsu_i.i_store_unit.st_pc_q" exists.
ex_stage_i.i_mult.i_multiplier.pc_q ex_stage_i.lsu_i.i_store_unit.st_pc_q, 
flop flop
--------------------------------
INFO (IGPH001): 20:55:50 Creating Graph (10% completed).
INFO (IGPH001): 20:55:50 Creating Graph (20% completed).
INFO (IGPH001): 20:55:50 Creating Graph (30% completed).
INFO (IGPH001): 20:55:50 Creating Graph (40% completed).
INFO (IGPH001): 20:55:50 Creating Graph (50% completed).
INFO (IGPH001): 20:55:50 Creating Graph (60% completed).
INFO (IGPH001): 20:55:50 Creating Graph (70% completed).
INFO (IGPH001): 20:55:50 Creating Graph (80% completed).
INFO (IGPH001): 20:55:50 Creating Graph (90% completed).
INFO (IGPH001): 20:55:51 Creating Graph (100% completed).
WARNING (WGPH001): No path between "ex_stage_i.i_mult.i_multiplier.pc_q" and "ex_stage_i.lsu_i.load_pc_o" exists.
ex_stage_i.i_mult.i_multiplier.pc_q ex_stage_i.lsu_i.load_pc_o, 
flop wire
--------------------------------
INFO (IGPH001): 20:55:51 Creating Graph (10% completed).
INFO (IGPH001): 20:55:51 Creating Graph (20% completed).
INFO (IGPH001): 20:55:51 Creating Graph (30% completed).
INFO (IGPH001): 20:55:51 Creating Graph (40% completed).
INFO (IGPH001): 20:55:51 Creating Graph (50% completed).
INFO (IGPH001): 20:55:51 Creating Graph (60% completed).
INFO (IGPH001): 20:55:51 Creating Graph (70% completed).
INFO (IGPH001): 20:55:51 Creating Graph (80% completed).
INFO (IGPH001): 20:55:51 Creating Graph (90% completed).
INFO (IGPH001): 20:55:51 Creating Graph (100% completed).
WARNING (WGPH001): No path between "ex_stage_i.i_mult.i_multiplier.pc_q" and "ex_stage_i.csr_buffer_i.csr_reg_q.pc" exists.
ex_stage_i.i_mult.i_multiplier.pc_q ex_stage_i.csr_buffer_i.csr_reg_q.pc, 
flop flop
--------------------------------
INFO (IGPH001): 20:55:51 Creating Graph (20% completed).
INFO (IGPH001): 20:55:51 Creating Graph (30% completed).
INFO (IGPH001): 20:55:51 Creating Graph (40% completed).
INFO (IGPH001): 20:55:51 Creating Graph (50% completed).
INFO (IGPH001): 20:55:51 Creating Graph (60% completed).
INFO (IGPH001): 20:55:51 Creating Graph (70% completed).
INFO (IGPH001): 20:55:51 Creating Graph (80% completed).
INFO (IGPH001): 20:55:52 Creating Graph (90% completed).
INFO (IGPH001): 20:55:52 Creating Graph (100% completed).
WARNING (WGPH001): No path between "ex_stage_i.i_mult.i_multiplier.pc_q" and "ex_stage_i.lsu_i.i_load_unit.lsu_ctrl_i.pc" exists.
ex_stage_i.i_mult.i_multiplier.pc_q ex_stage_i.lsu_i.i_load_unit.lsu_ctrl_i.pc, 
flop wire
--------------------------------
INFO (IGPH001): 20:55:52 Creating Graph (10% completed).
INFO (IGPH001): 20:55:52 Creating Graph (20% completed).
INFO (IGPH001): 20:55:52 Creating Graph (30% completed).
INFO (IGPH001): 20:55:52 Creating Graph (40% completed).
INFO (IGPH001): 20:55:52 Creating Graph (50% completed).
INFO (IGPH001): 20:55:52 Creating Graph (60% completed).
INFO (IGPH001): 20:55:52 Creating Graph (70% completed).
INFO (IGPH001): 20:55:52 Creating Graph (80% completed).
INFO (IGPH001): 20:55:53 Creating Graph (90% completed).
INFO (IGPH001): 20:55:53 Creating Graph (100% completed).
WARNING (WGPH001): No path between "ex_stage_i.i_mult.i_multiplier.pc_q" and "ex_stage_i.lsu_i.i_ord_sram.pc_i" exists.
ex_stage_i.i_mult.i_multiplier.pc_q ex_stage_i.lsu_i.i_ord_sram.pc_i, 
flop wire
--------------------------------
INFO (IGPH001): 20:55:53 Creating Graph (10% completed).
INFO (IGPH001): 20:55:53 Creating Graph (20% completed).
INFO (IGPH001): 20:55:53 Creating Graph (30% completed).
INFO (IGPH001): 20:55:53 Creating Graph (40% completed).
INFO (IGPH001): 20:55:53 Creating Graph (50% completed).
INFO (IGPH001): 20:55:53 Creating Graph (60% completed).
INFO (IGPH001): 20:55:53 Creating Graph (70% completed).
INFO (IGPH001): 20:55:53 Creating Graph (80% completed).
INFO (IGPH001): 20:55:54 Creating Graph (90% completed).
INFO (IGPH001): 20:55:54 Creating Graph (100% completed).
WARNING (WGPH001): No path between "ex_stage_i.lsu_i.i_load_unit.lsu_ctrl_i.pc" and "ex_stage_i.i_mult.i_div.pc_q" exists.
ex_stage_i.lsu_i.i_load_unit.lsu_ctrl_i.pc ex_stage_i.i_mult.i_div.pc_q, 
wire flop
--------------------------------
INFO (IGPH001): 20:55:54 Creating Graph (10% completed).
INFO (IGPH001): 20:55:54 Creating Graph (20% completed).
INFO (IGPH001): 20:55:54 Creating Graph (30% completed).
INFO (IGPH001): 20:55:54 Creating Graph (40% completed).
INFO (IGPH001): 20:55:54 Creating Graph (50% completed).
INFO (IGPH001): 20:55:54 Creating Graph (60% completed).
INFO (IGPH001): 20:55:54 Creating Graph (70% completed).
INFO (IGPH001): 20:55:54 Creating Graph (80% completed).
INFO (IGPH001): 20:55:55 Creating Graph (90% completed).
INFO (IGPH001): 20:55:55 Creating Graph (100% completed).
WARNING (WGPH001): No path between "ex_stage_i.lsu_i.i_load_unit.lsu_ctrl_i.pc" and "id_stage_i.issue_q.sbe.pc" exists.
ex_stage_i.lsu_i.i_load_unit.lsu_ctrl_i.pc id_stage_i.issue_q.sbe.pc, 
wire flop
--------------------------------
INFO (IGPH001): 20:55:55 Creating Graph (10% completed).
INFO (IGPH001): 20:55:55 Creating Graph (20% completed).
INFO (IGPH001): 20:55:55 Creating Graph (30% completed).
INFO (IGPH001): 20:55:55 Creating Graph (40% completed).
INFO (IGPH001): 20:55:55 Creating Graph (50% completed).
INFO (IGPH001): 20:55:55 Creating Graph (60% completed).
INFO (IGPH001): 20:55:55 Creating Graph (70% completed).
INFO (IGPH001): 20:55:55 Creating Graph (80% completed).
INFO (IGPH001): 20:55:55 Creating Graph (90% completed).
INFO (IGPH001): 20:55:55 Creating Graph (100% completed).
WARNING (WGPH001): No path between "ex_stage_i.lsu_i.i_load_unit.lsu_ctrl_i.pc" and "issue_stage_i.i_issue_read_operands.pc_o" exists.
ex_stage_i.lsu_i.i_load_unit.lsu_ctrl_i.pc issue_stage_i.i_issue_read_operands.pc_o, 
wire flop
--------------------------------
INFO (IGPH001): 20:55:56 Creating Graph (10% completed).
INFO (IGPH001): 20:55:56 Creating Graph (20% completed).
INFO (IGPH001): 20:55:56 Creating Graph (30% completed).
INFO (IGPH001): 20:55:56 Creating Graph (40% completed).
INFO (IGPH001): 20:55:56 Creating Graph (50% completed).
INFO (IGPH001): 20:55:56 Creating Graph (60% completed).
INFO (IGPH001): 20:55:56 Creating Graph (70% completed).
INFO (IGPH001): 20:55:56 Creating Graph (80% completed).
INFO (IGPH001): 20:55:56 Creating Graph (90% completed).
INFO (IGPH001): 20:55:56 Creating Graph (100% completed).
WARNING (WGPH001): No path between "ex_stage_i.lsu_i.i_load_unit.lsu_ctrl_i.pc" and "ex_stage_i.lsu_i.lsu_bypass_i.mem_q[0].pc" exists.
ex_stage_i.lsu_i.i_load_unit.lsu_ctrl_i.pc ex_stage_i.lsu_i.lsu_bypass_i.mem_q[0].pc, 
wire flop
--------------------------------
INFO (IGPH001): 20:55:56 Creating Graph (10% completed).
INFO (IGPH001): 20:55:56 Creating Graph (20% completed).
INFO (IGPH001): 20:55:56 Creating Graph (30% completed).
INFO (IGPH001): 20:55:56 Creating Graph (40% completed).
INFO (IGPH001): 20:55:56 Creating Graph (50% completed).
INFO (IGPH001): 20:55:56 Creating Graph (60% completed).
INFO (IGPH001): 20:55:56 Creating Graph (70% completed).
INFO (IGPH001): 20:55:56 Creating Graph (80% completed).
INFO (IGPH001): 20:55:57 Creating Graph (90% completed).
INFO (IGPH001): 20:55:57 Creating Graph (100% completed).
WARNING (WGPH001): No path between "ex_stage_i.lsu_i.i_load_unit.lsu_ctrl_i.pc" and "ex_stage_i.lsu_i.lsu_bypass_i.mem_q[1].pc" exists.
ex_stage_i.lsu_i.i_load_unit.lsu_ctrl_i.pc ex_stage_i.lsu_i.lsu_bypass_i.mem_q[1].pc, 
wire flop
--------------------------------
INFO (IGPH001): 20:55:57 Creating Graph (10% completed).
INFO (IGPH001): 20:55:57 Creating Graph (20% completed).
INFO (IGPH001): 20:55:57 Creating Graph (30% completed).
INFO (IGPH001): 20:55:57 Creating Graph (40% completed).
INFO (IGPH001): 20:55:57 Creating Graph (50% completed).
INFO (IGPH001): 20:55:57 Creating Graph (60% completed).
INFO (IGPH001): 20:55:57 Creating Graph (70% completed).
INFO (IGPH001): 20:55:57 Creating Graph (80% completed).
INFO (IGPH001): 20:55:58 Creating Graph (90% completed).
INFO (IGPH001): 20:55:58 Creating Graph (100% completed).
WARNING (WGPH001): No path between "ex_stage_i.lsu_i.i_load_unit.lsu_ctrl_i.pc" and "issue_stage_i.i_scoreboard.mem_q[0].sbe.pc" exists.
ex_stage_i.lsu_i.i_load_unit.lsu_ctrl_i.pc issue_stage_i.i_scoreboard.mem_q[0].sbe.pc, 
wire flop
--------------------------------
INFO (IGPH001): 20:55:58 Creating Graph (10% completed).
INFO (IGPH001): 20:55:58 Creating Graph (20% completed).
INFO (IGPH001): 20:55:58 Creating Graph (30% completed).
INFO (IGPH001): 20:55:58 Creating Graph (40% completed).
INFO (IGPH001): 20:55:58 Creating Graph (50% completed).
INFO (IGPH001): 20:55:58 Creating Graph (60% completed).
INFO (IGPH001): 20:55:58 Creating Graph (70% completed).
INFO (IGPH001): 20:55:58 Creating Graph (80% completed).
INFO (IGPH001): 20:55:59 Creating Graph (90% completed).
INFO (IGPH001): 20:55:59 Creating Graph (100% completed).
WARNING (WGPH001): No path between "ex_stage_i.lsu_i.i_load_unit.lsu_ctrl_i.pc" and "issue_stage_i.i_scoreboard.mem_q[1].sbe.pc" exists.
ex_stage_i.lsu_i.i_load_unit.lsu_ctrl_i.pc issue_stage_i.i_scoreboard.mem_q[1].sbe.pc, 
wire flop
--------------------------------
INFO (IGPH001): 20:55:59 Creating Graph (10% completed).
INFO (IGPH001): 20:55:59 Creating Graph (20% completed).
INFO (IGPH001): 20:55:59 Creating Graph (30% completed).
INFO (IGPH001): 20:55:59 Creating Graph (40% completed).
INFO (IGPH001): 20:55:59 Creating Graph (50% completed).
INFO (IGPH001): 20:55:59 Creating Graph (60% completed).
INFO (IGPH001): 20:55:59 Creating Graph (70% completed).
INFO (IGPH001): 20:55:59 Creating Graph (80% completed).
INFO (IGPH001): 20:56:00 Creating Graph (90% completed).
INFO (IGPH001): 20:56:00 Creating Graph (100% completed).
WARNING (WGPH001): No path between "ex_stage_i.lsu_i.i_load_unit.lsu_ctrl_i.pc" and "issue_stage_i.i_scoreboard.mem_q[2].sbe.pc" exists.
ex_stage_i.lsu_i.i_load_unit.lsu_ctrl_i.pc issue_stage_i.i_scoreboard.mem_q[2].sbe.pc, 
wire flop
--------------------------------
INFO (IGPH001): 20:56:00 Creating Graph (10% completed).
INFO (IGPH001): 20:56:00 Creating Graph (20% completed).
INFO (IGPH001): 20:56:00 Creating Graph (30% completed).
INFO (IGPH001): 20:56:00 Creating Graph (40% completed).
INFO (IGPH001): 20:56:00 Creating Graph (50% completed).
INFO (IGPH001): 20:56:00 Creating Graph (60% completed).
INFO (IGPH001): 20:56:00 Creating Graph (70% completed).
INFO (IGPH001): 20:56:00 Creating Graph (80% completed).
INFO (IGPH001): 20:56:00 Creating Graph (90% completed).
INFO (IGPH001): 20:56:00 Creating Graph (100% completed).
WARNING (WGPH001): No path between "ex_stage_i.lsu_i.i_load_unit.lsu_ctrl_i.pc" and "issue_stage_i.i_scoreboard.mem_q[3].sbe.pc" exists.
ex_stage_i.lsu_i.i_load_unit.lsu_ctrl_i.pc issue_stage_i.i_scoreboard.mem_q[3].sbe.pc, 
wire flop
--------------------------------
INFO (IGPH001): 20:56:01 Creating Graph (10% completed).
INFO (IGPH001): 20:56:01 Creating Graph (20% completed).
INFO (IGPH001): 20:56:01 Creating Graph (30% completed).
INFO (IGPH001): 20:56:01 Creating Graph (40% completed).
INFO (IGPH001): 20:56:01 Creating Graph (50% completed).
INFO (IGPH001): 20:56:01 Creating Graph (60% completed).
INFO (IGPH001): 20:56:01 Creating Graph (70% completed).
INFO (IGPH001): 20:56:01 Creating Graph (80% completed).
INFO (IGPH001): 20:56:01 Creating Graph (90% completed).
INFO (IGPH001): 20:56:01 Creating Graph (100% completed).
WARNING (WGPH001): No path between "ex_stage_i.lsu_i.i_load_unit.lsu_ctrl_i.pc" and "ex_stage_i.lsu_i.i_store_unit.store_buffer_i.commit_queue_q[0].pc" exists.
ex_stage_i.lsu_i.i_load_unit.lsu_ctrl_i.pc ex_stage_i.lsu_i.i_store_unit.store_buffer_i.commit_queue_q[0].pc, 
wire flop
--------------------------------
INFO (IGPH001): 20:56:01 Creating Graph (10% completed).
INFO (IGPH001): 20:56:01 Creating Graph (20% completed).
INFO (IGPH001): 20:56:01 Creating Graph (30% completed).
INFO (IGPH001): 20:56:01 Creating Graph (40% completed).
INFO (IGPH001): 20:56:01 Creating Graph (50% completed).
INFO (IGPH001): 20:56:01 Creating Graph (60% completed).
INFO (IGPH001): 20:56:01 Creating Graph (70% completed).
INFO (IGPH001): 20:56:01 Creating Graph (80% completed).
INFO (IGPH001): 20:56:02 Creating Graph (90% completed).
INFO (IGPH001): 20:56:02 Creating Graph (100% completed).
WARNING (WGPH001): No path between "ex_stage_i.lsu_i.i_load_unit.lsu_ctrl_i.pc" and "ex_stage_i.lsu_i.i_store_unit.store_buffer_i.commit_queue_q[1].pc" exists.
ex_stage_i.lsu_i.i_load_unit.lsu_ctrl_i.pc ex_stage_i.lsu_i.i_store_unit.store_buffer_i.commit_queue_q[1].pc, 
wire flop
--------------------------------
INFO (IGPH001): 20:56:02 Creating Graph (10% completed).
INFO (IGPH001): 20:56:02 Creating Graph (20% completed).
INFO (IGPH001): 20:56:02 Creating Graph (30% completed).
INFO (IGPH001): 20:56:02 Creating Graph (40% completed).
INFO (IGPH001): 20:56:02 Creating Graph (50% completed).
INFO (IGPH001): 20:56:02 Creating Graph (60% completed).
INFO (IGPH001): 20:56:02 Creating Graph (70% completed).
INFO (IGPH001): 20:56:02 Creating Graph (80% completed).
INFO (IGPH001): 20:56:03 Creating Graph (90% completed).
INFO (IGPH001): 20:56:03 Creating Graph (100% completed).
WARNING (WGPH001): No path between "ex_stage_i.lsu_i.i_load_unit.lsu_ctrl_i.pc" and "ex_stage_i.lsu_i.i_store_unit.store_buffer_i.speculative_queue_q[0].pc" exists.
ex_stage_i.lsu_i.i_load_unit.lsu_ctrl_i.pc ex_stage_i.lsu_i.i_store_unit.store_buffer_i.speculative_queue_q[0].pc, 
wire flop
--------------------------------
INFO (IGPH001): 20:56:03 Creating Graph (10% completed).
INFO (IGPH001): 20:56:03 Creating Graph (20% completed).
INFO (IGPH001): 20:56:03 Creating Graph (30% completed).
INFO (IGPH001): 20:56:03 Creating Graph (40% completed).
INFO (IGPH001): 20:56:03 Creating Graph (50% completed).
INFO (IGPH001): 20:56:03 Creating Graph (60% completed).
INFO (IGPH001): 20:56:03 Creating Graph (70% completed).
INFO (IGPH001): 20:56:03 Creating Graph (80% completed).
INFO (IGPH001): 20:56:04 Creating Graph (90% completed).
INFO (IGPH001): 20:56:04 Creating Graph (100% completed).
WARNING (WGPH001): No path between "ex_stage_i.lsu_i.i_load_unit.lsu_ctrl_i.pc" and "ex_stage_i.lsu_i.i_store_unit.store_buffer_i.speculative_queue_q[1].pc" exists.
ex_stage_i.lsu_i.i_load_unit.lsu_ctrl_i.pc ex_stage_i.lsu_i.i_store_unit.store_buffer_i.speculative_queue_q[1].pc, 
wire flop
--------------------------------
INFO (IGPH001): 20:56:04 Creating Graph (10% completed).
INFO (IGPH001): 20:56:04 Creating Graph (20% completed).
INFO (IGPH001): 20:56:04 Creating Graph (30% completed).
INFO (IGPH001): 20:56:04 Creating Graph (40% completed).
INFO (IGPH001): 20:56:04 Creating Graph (50% completed).
INFO (IGPH001): 20:56:04 Creating Graph (60% completed).
INFO (IGPH001): 20:56:04 Creating Graph (70% completed).
INFO (IGPH001): 20:56:04 Creating Graph (80% completed).
INFO (IGPH001): 20:56:05 Creating Graph (90% completed).
INFO (IGPH001): 20:56:05 Creating Graph (100% completed).
ex_stage_i.lsu_i.i_load_unit.lsu_ctrl_i.pc ex_stage_i.lsu_i.i_load_unit.load_data_q.ld_pc, {ex_stage_i.lsu_i.i_load_unit.lsu_ctrl_i.pc[0]} {ex_stage_i.lsu_i.i_load_unit.load_data_q.ld_pc[0]}
wire flop
ADD ex_stage_i.lsu_i.i_load_unit.lsu_ctrl_i.pc ex_stage_i.lsu_i.i_load_unit.load_data_q.ld_pc
--------------------------------
INFO (IGPH001): 20:56:05 Creating Graph (10% completed).
INFO (IGPH001): 20:56:05 Creating Graph (20% completed).
INFO (IGPH001): 20:56:05 Creating Graph (30% completed).
INFO (IGPH001): 20:56:05 Creating Graph (40% completed).
INFO (IGPH001): 20:56:05 Creating Graph (50% completed).
INFO (IGPH001): 20:56:05 Creating Graph (60% completed).
INFO (IGPH001): 20:56:05 Creating Graph (70% completed).
INFO (IGPH001): 20:56:05 Creating Graph (80% completed).
INFO (IGPH001): 20:56:05 Creating Graph (90% completed).
INFO (IGPH001): 20:56:05 Creating Graph (100% completed).
WARNING (WGPH001): No path between "ex_stage_i.lsu_i.i_load_unit.lsu_ctrl_i.pc" and "ex_stage_i.lsu_i.i_store_unit.st_pc_q" exists.
ex_stage_i.lsu_i.i_load_unit.lsu_ctrl_i.pc ex_stage_i.lsu_i.i_store_unit.st_pc_q, 
wire flop
--------------------------------
INFO (IGPH001): 20:56:06 Creating Graph (10% completed).
INFO (IGPH001): 20:56:06 Creating Graph (20% completed).
INFO (IGPH001): 20:56:06 Creating Graph (30% completed).
INFO (IGPH001): 20:56:06 Creating Graph (40% completed).
INFO (IGPH001): 20:56:06 Creating Graph (50% completed).
INFO (IGPH001): 20:56:06 Creating Graph (60% completed).
INFO (IGPH001): 20:56:06 Creating Graph (70% completed).
INFO (IGPH001): 20:56:06 Creating Graph (80% completed).
INFO (IGPH001): 20:56:06 Creating Graph (90% completed).
INFO (IGPH001): 20:56:06 Creating Graph (100% completed).
ex_stage_i.lsu_i.i_load_unit.lsu_ctrl_i.pc ex_stage_i.lsu_i.load_pc_o, {ex_stage_i.lsu_i.i_load_unit.lsu_ctrl_i.pc[31]} {ex_stage_i.lsu_i.i_load_unit.load_data_q.ld_pc[31]} {ex_stage_i.lsu_i.i_pipe_reg_load.d_o[31]} {ex_stage_i.lsu_i.load_pc_o[31]}
wire wire
--------------------------------
INFO (IGPH001): 20:56:06 Creating Graph (10% completed).
INFO (IGPH001): 20:56:06 Creating Graph (20% completed).
INFO (IGPH001): 20:56:06 Creating Graph (30% completed).
INFO (IGPH001): 20:56:06 Creating Graph (40% completed).
INFO (IGPH001): 20:56:06 Creating Graph (50% completed).
INFO (IGPH001): 20:56:06 Creating Graph (60% completed).
INFO (IGPH001): 20:56:06 Creating Graph (70% completed).
INFO (IGPH001): 20:56:06 Creating Graph (80% completed).
INFO (IGPH001): 20:56:07 Creating Graph (90% completed).
INFO (IGPH001): 20:56:07 Creating Graph (100% completed).
WARNING (WGPH001): No path between "ex_stage_i.lsu_i.i_load_unit.lsu_ctrl_i.pc" and "ex_stage_i.csr_buffer_i.csr_reg_q.pc" exists.
ex_stage_i.lsu_i.i_load_unit.lsu_ctrl_i.pc ex_stage_i.csr_buffer_i.csr_reg_q.pc, 
wire flop
--------------------------------
INFO (IGPH001): 20:56:07 Creating Graph (10% completed).
INFO (IGPH001): 20:56:07 Creating Graph (20% completed).
INFO (IGPH001): 20:56:07 Creating Graph (30% completed).
INFO (IGPH001): 20:56:07 Creating Graph (40% completed).
INFO (IGPH001): 20:56:07 Creating Graph (50% completed).
INFO (IGPH001): 20:56:07 Creating Graph (60% completed).
INFO (IGPH001): 20:56:07 Creating Graph (70% completed).
INFO (IGPH001): 20:56:07 Creating Graph (80% completed).
INFO (IGPH001): 20:56:08 Creating Graph (90% completed).
INFO (IGPH001): 20:56:08 Creating Graph (100% completed).
WARNING (WGPH001): No path between "ex_stage_i.lsu_i.i_load_unit.lsu_ctrl_i.pc" and "ex_stage_i.i_mult.i_multiplier.pc_q" exists.
ex_stage_i.lsu_i.i_load_unit.lsu_ctrl_i.pc ex_stage_i.i_mult.i_multiplier.pc_q, 
wire flop
--------------------------------
ex_stage_i.lsu_i.i_load_unit.lsu_ctrl_i.pc ex_stage_i.lsu_i.i_load_unit.lsu_ctrl_i.pc, 
wire wire
--------------------------------
INFO (IGPH001): 20:56:08 Creating Graph (10% completed).
INFO (IGPH001): 20:56:08 Creating Graph (20% completed).
INFO (IGPH001): 20:56:08 Creating Graph (30% completed).
INFO (IGPH001): 20:56:08 Creating Graph (40% completed).
INFO (IGPH001): 20:56:08 Creating Graph (50% completed).
INFO (IGPH001): 20:56:08 Creating Graph (60% completed).
INFO (IGPH001): 20:56:08 Creating Graph (70% completed).
INFO (IGPH001): 20:56:08 Creating Graph (80% completed).
INFO (IGPH001): 20:56:09 Creating Graph (90% completed).
INFO (IGPH001): 20:56:09 Creating Graph (100% completed).
ex_stage_i.lsu_i.i_load_unit.lsu_ctrl_i.pc ex_stage_i.lsu_i.i_ord_sram.pc_i, {ex_stage_i.lsu_i.i_load_unit.lsu_ctrl_i.pc[0]} {ex_stage_i.lsu_i.i_ord_sram.pc_i[0]}
wire wire
ADD(ww2) ex_stage_i.lsu_i.i_load_unit.lsu_ctrl_i.pc ex_stage_i.lsu_i.i_ord_sram.pc_i
--------------------------------
INFO (IGPH001): 20:56:09 Creating Graph (10% completed).
INFO (IGPH001): 20:56:09 Creating Graph (20% completed).
INFO (IGPH001): 20:56:09 Creating Graph (30% completed).
INFO (IGPH001): 20:56:09 Creating Graph (40% completed).
INFO (IGPH001): 20:56:09 Creating Graph (50% completed).
INFO (IGPH001): 20:56:09 Creating Graph (60% completed).
INFO (IGPH001): 20:56:09 Creating Graph (70% completed).
INFO (IGPH001): 20:56:09 Creating Graph (80% completed).
INFO (IGPH001): 20:56:10 Creating Graph (90% completed).
INFO (IGPH001): 20:56:10 Creating Graph (100% completed).
WARNING (WGPH001): No path between "ex_stage_i.lsu_i.i_ord_sram.pc_i" and "ex_stage_i.i_mult.i_div.pc_q" exists.
ex_stage_i.lsu_i.i_ord_sram.pc_i ex_stage_i.i_mult.i_div.pc_q, 
wire flop
--------------------------------
INFO (IGPH001): 20:56:10 Creating Graph (10% completed).
INFO (IGPH001): 20:56:10 Creating Graph (20% completed).
INFO (IGPH001): 20:56:10 Creating Graph (30% completed).
INFO (IGPH001): 20:56:10 Creating Graph (40% completed).
INFO (IGPH001): 20:56:10 Creating Graph (50% completed).
INFO (IGPH001): 20:56:10 Creating Graph (60% completed).
INFO (IGPH001): 20:56:10 Creating Graph (70% completed).
INFO (IGPH001): 20:56:10 Creating Graph (80% completed).
INFO (IGPH001): 20:56:10 Creating Graph (90% completed).
INFO (IGPH001): 20:56:10 Creating Graph (100% completed).
WARNING (WGPH001): No path between "ex_stage_i.lsu_i.i_ord_sram.pc_i" and "id_stage_i.issue_q.sbe.pc" exists.
ex_stage_i.lsu_i.i_ord_sram.pc_i id_stage_i.issue_q.sbe.pc, 
wire flop
--------------------------------
INFO (IGPH001): 20:56:10 Creating Graph (10% completed).
INFO (IGPH001): 20:56:10 Creating Graph (20% completed).
INFO (IGPH001): 20:56:10 Creating Graph (30% completed).
INFO (IGPH001): 20:56:10 Creating Graph (40% completed).
INFO (IGPH001): 20:56:10 Creating Graph (50% completed).
INFO (IGPH001): 20:56:10 Creating Graph (60% completed).
INFO (IGPH001): 20:56:10 Creating Graph (70% completed).
INFO (IGPH001): 20:56:10 Creating Graph (80% completed).
INFO (IGPH001): 20:56:11 Creating Graph (90% completed).
INFO (IGPH001): 20:56:11 Creating Graph (100% completed).
WARNING (WGPH001): No path between "ex_stage_i.lsu_i.i_ord_sram.pc_i" and "issue_stage_i.i_issue_read_operands.pc_o" exists.
ex_stage_i.lsu_i.i_ord_sram.pc_i issue_stage_i.i_issue_read_operands.pc_o, 
wire flop
--------------------------------
INFO (IGPH001): 20:56:11 Creating Graph (10% completed).
INFO (IGPH001): 20:56:11 Creating Graph (20% completed).
INFO (IGPH001): 20:56:11 Creating Graph (30% completed).
INFO (IGPH001): 20:56:11 Creating Graph (40% completed).
INFO (IGPH001): 20:56:11 Creating Graph (50% completed).
INFO (IGPH001): 20:56:11 Creating Graph (60% completed).
INFO (IGPH001): 20:56:11 Creating Graph (70% completed).
INFO (IGPH001): 20:56:11 Creating Graph (80% completed).
INFO (IGPH001): 20:56:12 Creating Graph (90% completed).
INFO (IGPH001): 20:56:12 Creating Graph (100% completed).
WARNING (WGPH001): No path between "ex_stage_i.lsu_i.i_ord_sram.pc_i" and "ex_stage_i.lsu_i.lsu_bypass_i.mem_q[0].pc" exists.
ex_stage_i.lsu_i.i_ord_sram.pc_i ex_stage_i.lsu_i.lsu_bypass_i.mem_q[0].pc, 
wire flop
--------------------------------
INFO (IGPH001): 20:56:12 Creating Graph (10% completed).
INFO (IGPH001): 20:56:12 Creating Graph (20% completed).
INFO (IGPH001): 20:56:12 Creating Graph (30% completed).
INFO (IGPH001): 20:56:12 Creating Graph (40% completed).
INFO (IGPH001): 20:56:12 Creating Graph (50% completed).
INFO (IGPH001): 20:56:12 Creating Graph (60% completed).
INFO (IGPH001): 20:56:12 Creating Graph (70% completed).
INFO (IGPH001): 20:56:12 Creating Graph (80% completed).
INFO (IGPH001): 20:56:13 Creating Graph (90% completed).
INFO (IGPH001): 20:56:13 Creating Graph (100% completed).
WARNING (WGPH001): No path between "ex_stage_i.lsu_i.i_ord_sram.pc_i" and "ex_stage_i.lsu_i.lsu_bypass_i.mem_q[1].pc" exists.
ex_stage_i.lsu_i.i_ord_sram.pc_i ex_stage_i.lsu_i.lsu_bypass_i.mem_q[1].pc, 
wire flop
--------------------------------
INFO (IGPH001): 20:56:13 Creating Graph (10% completed).
INFO (IGPH001): 20:56:13 Creating Graph (20% completed).
INFO (IGPH001): 20:56:13 Creating Graph (30% completed).
INFO (IGPH001): 20:56:13 Creating Graph (40% completed).
INFO (IGPH001): 20:56:13 Creating Graph (50% completed).
INFO (IGPH001): 20:56:13 Creating Graph (60% completed).
INFO (IGPH001): 20:56:13 Creating Graph (70% completed).
INFO (IGPH001): 20:56:13 Creating Graph (80% completed).
INFO (IGPH001): 20:56:14 Creating Graph (90% completed).
INFO (IGPH001): 20:56:14 Creating Graph (100% completed).
WARNING (WGPH001): No path between "ex_stage_i.lsu_i.i_ord_sram.pc_i" and "issue_stage_i.i_scoreboard.mem_q[0].sbe.pc" exists.
ex_stage_i.lsu_i.i_ord_sram.pc_i issue_stage_i.i_scoreboard.mem_q[0].sbe.pc, 
wire flop
--------------------------------
INFO (IGPH001): 20:56:14 Creating Graph (10% completed).
INFO (IGPH001): 20:56:14 Creating Graph (20% completed).
INFO (IGPH001): 20:56:14 Creating Graph (30% completed).
INFO (IGPH001): 20:56:14 Creating Graph (40% completed).
INFO (IGPH001): 20:56:14 Creating Graph (50% completed).
INFO (IGPH001): 20:56:14 Creating Graph (60% completed).
INFO (IGPH001): 20:56:14 Creating Graph (70% completed).
INFO (IGPH001): 20:56:14 Creating Graph (80% completed).
INFO (IGPH001): 20:56:15 Creating Graph (90% completed).
INFO (IGPH001): 20:56:15 Creating Graph (100% completed).
WARNING (WGPH001): No path between "ex_stage_i.lsu_i.i_ord_sram.pc_i" and "issue_stage_i.i_scoreboard.mem_q[1].sbe.pc" exists.
ex_stage_i.lsu_i.i_ord_sram.pc_i issue_stage_i.i_scoreboard.mem_q[1].sbe.pc, 
wire flop
--------------------------------
INFO (IGPH001): 20:56:15 Creating Graph (10% completed).
INFO (IGPH001): 20:56:15 Creating Graph (20% completed).
INFO (IGPH001): 20:56:15 Creating Graph (30% completed).
INFO (IGPH001): 20:56:15 Creating Graph (40% completed).
INFO (IGPH001): 20:56:15 Creating Graph (50% completed).
INFO (IGPH001): 20:56:15 Creating Graph (60% completed).
INFO (IGPH001): 20:56:15 Creating Graph (70% completed).
INFO (IGPH001): 20:56:15 Creating Graph (80% completed).
INFO (IGPH001): 20:56:15 Creating Graph (90% completed).
INFO (IGPH001): 20:56:15 Creating Graph (100% completed).
WARNING (WGPH001): No path between "ex_stage_i.lsu_i.i_ord_sram.pc_i" and "issue_stage_i.i_scoreboard.mem_q[2].sbe.pc" exists.
ex_stage_i.lsu_i.i_ord_sram.pc_i issue_stage_i.i_scoreboard.mem_q[2].sbe.pc, 
wire flop
--------------------------------
INFO (IGPH001): 20:56:16 Creating Graph (10% completed).
INFO (IGPH001): 20:56:16 Creating Graph (20% completed).
INFO (IGPH001): 20:56:16 Creating Graph (30% completed).
INFO (IGPH001): 20:56:16 Creating Graph (40% completed).
INFO (IGPH001): 20:56:16 Creating Graph (50% completed).
INFO (IGPH001): 20:56:16 Creating Graph (60% completed).
INFO (IGPH001): 20:56:16 Creating Graph (70% completed).
INFO (IGPH001): 20:56:16 Creating Graph (80% completed).
INFO (IGPH001): 20:56:16 Creating Graph (90% completed).
INFO (IGPH001): 20:56:16 Creating Graph (100% completed).
WARNING (WGPH001): No path between "ex_stage_i.lsu_i.i_ord_sram.pc_i" and "issue_stage_i.i_scoreboard.mem_q[3].sbe.pc" exists.
ex_stage_i.lsu_i.i_ord_sram.pc_i issue_stage_i.i_scoreboard.mem_q[3].sbe.pc, 
wire flop
--------------------------------
INFO (IGPH001): 20:56:16 Creating Graph (10% completed).
INFO (IGPH001): 20:56:16 Creating Graph (20% completed).
INFO (IGPH001): 20:56:16 Creating Graph (30% completed).
INFO (IGPH001): 20:56:16 Creating Graph (40% completed).
INFO (IGPH001): 20:56:16 Creating Graph (50% completed).
INFO (IGPH001): 20:56:16 Creating Graph (60% completed).
INFO (IGPH001): 20:56:16 Creating Graph (70% completed).
INFO (IGPH001): 20:56:16 Creating Graph (80% completed).
INFO (IGPH001): 20:56:17 Creating Graph (90% completed).
INFO (IGPH001): 20:56:17 Creating Graph (100% completed).
WARNING (WGPH001): No path between "ex_stage_i.lsu_i.i_ord_sram.pc_i" and "ex_stage_i.lsu_i.i_store_unit.store_buffer_i.commit_queue_q[0].pc" exists.
ex_stage_i.lsu_i.i_ord_sram.pc_i ex_stage_i.lsu_i.i_store_unit.store_buffer_i.commit_queue_q[0].pc, 
wire flop
--------------------------------
INFO (IGPH001): 20:56:17 Creating Graph (10% completed).
INFO (IGPH001): 20:56:17 Creating Graph (20% completed).
INFO (IGPH001): 20:56:17 Creating Graph (30% completed).
INFO (IGPH001): 20:56:17 Creating Graph (40% completed).
INFO (IGPH001): 20:56:17 Creating Graph (50% completed).
INFO (IGPH001): 20:56:17 Creating Graph (60% completed).
INFO (IGPH001): 20:56:17 Creating Graph (70% completed).
INFO (IGPH001): 20:56:17 Creating Graph (80% completed).
INFO (IGPH001): 20:56:18 Creating Graph (90% completed).
INFO (IGPH001): 20:56:18 Creating Graph (100% completed).
WARNING (WGPH001): No path between "ex_stage_i.lsu_i.i_ord_sram.pc_i" and "ex_stage_i.lsu_i.i_store_unit.store_buffer_i.commit_queue_q[1].pc" exists.
ex_stage_i.lsu_i.i_ord_sram.pc_i ex_stage_i.lsu_i.i_store_unit.store_buffer_i.commit_queue_q[1].pc, 
wire flop
--------------------------------
INFO (IGPH001): 20:56:18 Creating Graph (10% completed).
INFO (IGPH001): 20:56:18 Creating Graph (20% completed).
INFO (IGPH001): 20:56:18 Creating Graph (30% completed).
INFO (IGPH001): 20:56:18 Creating Graph (40% completed).
INFO (IGPH001): 20:56:18 Creating Graph (50% completed).
INFO (IGPH001): 20:56:18 Creating Graph (60% completed).
INFO (IGPH001): 20:56:18 Creating Graph (70% completed).
INFO (IGPH001): 20:56:18 Creating Graph (80% completed).
INFO (IGPH001): 20:56:19 Creating Graph (90% completed).
INFO (IGPH001): 20:56:19 Creating Graph (100% completed).
WARNING (WGPH001): No path between "ex_stage_i.lsu_i.i_ord_sram.pc_i" and "ex_stage_i.lsu_i.i_store_unit.store_buffer_i.speculative_queue_q[0].pc" exists.
ex_stage_i.lsu_i.i_ord_sram.pc_i ex_stage_i.lsu_i.i_store_unit.store_buffer_i.speculative_queue_q[0].pc, 
wire flop
--------------------------------
INFO (IGPH001): 20:56:19 Creating Graph (10% completed).
INFO (IGPH001): 20:56:19 Creating Graph (20% completed).
INFO (IGPH001): 20:56:19 Creating Graph (30% completed).
INFO (IGPH001): 20:56:19 Creating Graph (40% completed).
INFO (IGPH001): 20:56:19 Creating Graph (50% completed).
INFO (IGPH001): 20:56:19 Creating Graph (60% completed).
INFO (IGPH001): 20:56:19 Creating Graph (70% completed).
INFO (IGPH001): 20:56:19 Creating Graph (80% completed).
INFO (IGPH001): 20:56:20 Creating Graph (90% completed).
INFO (IGPH001): 20:56:20 Creating Graph (100% completed).
WARNING (WGPH001): No path between "ex_stage_i.lsu_i.i_ord_sram.pc_i" and "ex_stage_i.lsu_i.i_store_unit.store_buffer_i.speculative_queue_q[1].pc" exists.
ex_stage_i.lsu_i.i_ord_sram.pc_i ex_stage_i.lsu_i.i_store_unit.store_buffer_i.speculative_queue_q[1].pc, 
wire flop
--------------------------------
INFO (IGPH001): 20:56:20 Creating Graph (10% completed).
INFO (IGPH001): 20:56:20 Creating Graph (20% completed).
INFO (IGPH001): 20:56:20 Creating Graph (30% completed).
INFO (IGPH001): 20:56:20 Creating Graph (40% completed).
INFO (IGPH001): 20:56:20 Creating Graph (50% completed).
INFO (IGPH001): 20:56:20 Creating Graph (60% completed).
INFO (IGPH001): 20:56:20 Creating Graph (70% completed).
INFO (IGPH001): 20:56:20 Creating Graph (80% completed).
INFO (IGPH001): 20:56:20 Creating Graph (90% completed).
INFO (IGPH001): 20:56:20 Creating Graph (100% completed).
WARNING (WGPH001): No path between "ex_stage_i.lsu_i.i_ord_sram.pc_i" and "ex_stage_i.lsu_i.i_load_unit.load_data_q.ld_pc" exists.
ex_stage_i.lsu_i.i_ord_sram.pc_i ex_stage_i.lsu_i.i_load_unit.load_data_q.ld_pc, 
wire flop
--------------------------------
INFO (IGPH001): 20:56:21 Creating Graph (10% completed).
INFO (IGPH001): 20:56:21 Creating Graph (20% completed).
INFO (IGPH001): 20:56:21 Creating Graph (30% completed).
INFO (IGPH001): 20:56:21 Creating Graph (40% completed).
INFO (IGPH001): 20:56:21 Creating Graph (50% completed).
INFO (IGPH001): 20:56:21 Creating Graph (60% completed).
INFO (IGPH001): 20:56:21 Creating Graph (70% completed).
INFO (IGPH001): 20:56:21 Creating Graph (80% completed).
INFO (IGPH001): 20:56:21 Creating Graph (90% completed).
INFO (IGPH001): 20:56:21 Creating Graph (100% completed).
WARNING (WGPH001): No path between "ex_stage_i.lsu_i.i_ord_sram.pc_i" and "ex_stage_i.lsu_i.i_store_unit.st_pc_q" exists.
ex_stage_i.lsu_i.i_ord_sram.pc_i ex_stage_i.lsu_i.i_store_unit.st_pc_q, 
wire flop
--------------------------------
INFO (IGPH001): 20:56:21 Creating Graph (10% completed).
INFO (IGPH001): 20:56:21 Creating Graph (20% completed).
INFO (IGPH001): 20:56:21 Creating Graph (30% completed).
INFO (IGPH001): 20:56:21 Creating Graph (40% completed).
INFO (IGPH001): 20:56:21 Creating Graph (50% completed).
INFO (IGPH001): 20:56:21 Creating Graph (60% completed).
INFO (IGPH001): 20:56:21 Creating Graph (70% completed).
INFO (IGPH001): 20:56:21 Creating Graph (80% completed).
INFO (IGPH001): 20:56:22 Creating Graph (90% completed).
INFO (IGPH001): 20:56:22 Creating Graph (100% completed).
WARNING (WGPH001): No path between "ex_stage_i.lsu_i.i_ord_sram.pc_i" and "ex_stage_i.lsu_i.load_pc_o" exists.
ex_stage_i.lsu_i.i_ord_sram.pc_i ex_stage_i.lsu_i.load_pc_o, 
wire wire
--------------------------------
INFO (IGPH001): 20:56:22 Creating Graph (10% completed).
INFO (IGPH001): 20:56:22 Creating Graph (20% completed).
INFO (IGPH001): 20:56:22 Creating Graph (30% completed).
INFO (IGPH001): 20:56:22 Creating Graph (40% completed).
INFO (IGPH001): 20:56:22 Creating Graph (50% completed).
INFO (IGPH001): 20:56:22 Creating Graph (60% completed).
INFO (IGPH001): 20:56:22 Creating Graph (70% completed).
INFO (IGPH001): 20:56:22 Creating Graph (80% completed).
INFO (IGPH001): 20:56:23 Creating Graph (90% completed).
INFO (IGPH001): 20:56:23 Creating Graph (100% completed).
WARNING (WGPH001): No path between "ex_stage_i.lsu_i.i_ord_sram.pc_i" and "ex_stage_i.csr_buffer_i.csr_reg_q.pc" exists.
ex_stage_i.lsu_i.i_ord_sram.pc_i ex_stage_i.csr_buffer_i.csr_reg_q.pc, 
wire flop
--------------------------------
INFO (IGPH001): 20:56:23 Creating Graph (10% completed).
INFO (IGPH001): 20:56:23 Creating Graph (20% completed).
INFO (IGPH001): 20:56:23 Creating Graph (30% completed).
INFO (IGPH001): 20:56:23 Creating Graph (40% completed).
INFO (IGPH001): 20:56:23 Creating Graph (50% completed).
INFO (IGPH001): 20:56:23 Creating Graph (60% completed).
INFO (IGPH001): 20:56:23 Creating Graph (70% completed).
INFO (IGPH001): 20:56:23 Creating Graph (80% completed).
INFO (IGPH001): 20:56:24 Creating Graph (90% completed).
INFO (IGPH001): 20:56:24 Creating Graph (100% completed).
WARNING (WGPH001): No path between "ex_stage_i.lsu_i.i_ord_sram.pc_i" and "ex_stage_i.i_mult.i_multiplier.pc_q" exists.
ex_stage_i.lsu_i.i_ord_sram.pc_i ex_stage_i.i_mult.i_multiplier.pc_q, 
wire flop
--------------------------------
INFO (IGPH001): 20:56:24 Creating Graph (20% completed).
INFO (IGPH001): 20:56:24 Creating Graph (30% completed).
INFO (IGPH001): 20:56:24 Creating Graph (40% completed).
INFO (IGPH001): 20:56:24 Creating Graph (50% completed).
INFO (IGPH001): 20:56:24 Creating Graph (60% completed).
INFO (IGPH001): 20:56:24 Creating Graph (70% completed).
INFO (IGPH001): 20:56:24 Creating Graph (80% completed).
INFO (IGPH001): 20:56:25 Creating Graph (90% completed).
INFO (IGPH001): 20:56:25 Creating Graph (100% completed).
WARNING (WGPH001): No path between "ex_stage_i.lsu_i.i_ord_sram.pc_i" and "ex_stage_i.lsu_i.i_load_unit.lsu_ctrl_i.pc" exists.
ex_stage_i.lsu_i.i_ord_sram.pc_i ex_stage_i.lsu_i.i_load_unit.lsu_ctrl_i.pc, 
wire wire
--------------------------------
